#include <lvgl.h>

#ifndef VELAGUARD_FONT_20
#define VELAGUARD_FONT_20 1
#endif

#if VELAGUARD_FONT_20

static LV_ATTRIBUTE_LARGE_CONST const uint8_t glyph_bitmap[] =
{
  0x00, 0x3f, 0xff, 0x50, 0x00, 0x03, 0xff, 0xf5, 0x00, 0x00, 0x3f, 0xff, 0x50, 0x00, 0x03, 0xff,
  0xf5, 0x00, 0x00, 0x3f, 0xff, 0x50, 0x00, 0x03, 0xff, 0xf5, 0x00, 0x00, 0x2f, 0xff, 0x30, 0x00,
  0x00, 0xff, 0xf2, 0x00, 0x00, 0x0d, 0xff, 0x00, 0x00, 0x00, 0xbf, 0xd0, 0x00, 0x00, 0x00, 0x00,
  0x00, 0x00, 0x03, 0xff, 0xf5, 0x00, 0x00, 0x3f, 0xff, 0x50, 0x00, 0x03, 0xff, 0xf5, 0x00, 0x00,
  0x3f, 0xff, 0x50, 0x00, 0x01, 0xff, 0x30, 0xcf, 0x80, 0x01, 0xff, 0x30, 0xcf, 0x80, 0x01, 0xff,
  0x30, 0xcf, 0x80, 0x01, 0xff, 0x30, 0xcf, 0x80, 0x01, 0xff, 0x30, 0xcf, 0x80, 0x00, 0x00, 0x00,
  0x00, 0x00, 0x00, 0x00, 0x00, 0x00, 0x00, 0x00, 0x00, 0x00, 0x00, 0x00, 0x00, 0x00, 0x00, 0x00,
  0x00, 0x00, 0x00, 0x00, 0x00, 0x00, 0x00, 0x00, 0x00, 0x00, 0x00, 0x00, 0x00, 0x00, 0x00, 0x00,
  0x00, 0x00, 0x00, 0x00, 0x00, 0x00, 0x00, 0x00, 0x00, 0x00, 0x00, 0x00, 0x00, 0x00, 0x00, 0x00,
  0x00, 0x00, 0x6f, 0xc0, 0x0a, 0xf8, 0x00, 0x00, 0x00, 0x00, 0x0a, 0xf8, 0x00, 0xdf, 0x40, 0x00,
  0x00, 0x00, 0x00, 0xdf, 0x50, 0x2f, 0xf1, 0x00, 0x00, 0x00, 0x00, 0x2f, 0xf1, 0x05, 0xfc, 0x00,
  0x00, 0x00, 0x8f, 0xff, 0xff, 0xff, 0xff, 0xff, 0xf6, 0x00, 0x08, 0xff, 0xff, 0xff, 0xff, 0xff,
  0xff, 0x60, 0x00, 0x00, 0x0d, 0xf5, 0x02, 0xff, 0x10, 0x00, 0x00, 0x00, 0x01, 0xff, 0x10, 0x5f,
  0xd0, 0x00, 0x00, 0x00, 0x00, 0x5f, 0xd0, 0x09, 0xf9, 0x00, 0x00, 0x00, 0xaf, 0xff, 0xff, 0xff,
  0xff, 0xff, 0xf4, 0x00, 0x0a, 0xff, 0xff, 0xff, 0xff, 0xff, 0xff, 0x40, 0x00, 0x00, 0x1f, 0xf2,
  0x04, 0xfd, 0x00, 0x00, 0x00, 0x00, 0x04, 0xfe, 0x00, 0x8f, 0xa0, 0x00, 0x00, 0x00, 0x00, 0x8f,
  0xa0, 0x0b, 0xf6, 0x00, 0x00, 0x00, 0x00, 0x0b, 0xf7, 0x00, 0xef, 0x30, 0x00, 0x00, 0x00, 0x00,
  0x00, 0x00, 0xcc, 0x00, 0x00, 0x00, 0x00, 0x00, 0x00, 0xcc, 0x00, 0x00, 0x00, 0x00, 0x04, 0xad,
  0xff, 0xda, 0x61, 0x00, 0x00, 0x8f, 0xff, 0xff, 0xff, 0xfa, 0x00, 0x02, 0xff, 0xe3, 0xcc, 0x24,
  0x99, 0x00, 0x06, 0xff, 0xb0, 0xcc, 0x00, 0x00, 0x00, 0x05, 0xff, 0xe6, 0xdc, 0x00, 0x00, 0x00,
  0x02, 0xff, 0xff, 0xff, 0xc8, 0x30, 0x00, 0x00, 0x7f, 0xff, 0xff, 0xff, 0xf8, 0x00, 0x00, 0x03,
  0x9d, 0xff, 0xff, 0xff, 0x30, 0x00, 0x00, 0x00, 0xcd, 0x8e, 0xff, 0x70, 0x00, 0x00, 0x00, 0xcc,
  0x09, 0xff, 0x80, 0x06, 0xa5, 0x31, 0xcc, 0x2c, 0xff, 0x50, 0x06, 0xff, 0xff, 0xff, 0xff, 0xfb,
  0x00, 0x00, 0x49, 0xce, 0xff, 0xeb, 0x60, 0x00, 0x00, 0x00, 0x00, 0xcc, 0x00, 0x00, 0x00, 0x00,
  0x00, 0x00, 0xcc, 0x00, 0x00, 0x00, 0x00, 0x00, 0x00, 0xcc, 0x00, 0x00, 0x00, 0x00, 0x8d, 0xfd,
  0x81, 0x00, 0x00, 0x0c, 0xf5, 0x00, 0x00, 0x0a, 0xff, 0xff, 0xfb, 0x00, 0x00, 0x6f, 0xb0, 0x00,
  0x00, 0x2f, 0xf8, 0x17, 0xff, 0x30, 0x01, 0xef, 0x30, 0x00, 0x00, 0x5f, 0xf2, 0x01, 0xff, 0x60,
  0x09, 0xf8, 0x00, 0x00, 0x00, 0x5f, 0xf2, 0x01, 0xff, 0x60, 0x4f, 0xd1, 0x00, 0x00, 0x00, 0x2f,
  0xf8, 0x17, 0xff, 0x30, 0xcf, 0x50, 0x00, 0x00, 0x00, 0x0a, 0xff, 0xff, 0xfb, 0x07, 0xfb, 0x00,
  0x00, 0x00, 0x00, 0x00, 0x8d, 0xfd, 0x81, 0x2e, 0xf2, 0x08, 0xdf, 0xd8, 0x00, 0x00, 0x00, 0x00,
  0x00, 0xaf, 0x80, 0xaf, 0xff, 0xff, 0xa0, 0x00, 0x00, 0x00, 0x04, 0xfd, 0x03, 0xff, 0x81, 0x8f,
  0xf3, 0x00, 0x00, 0x00, 0x0d, 0xf4, 0x06, 0xff, 0x20, 0x2f, 0xf6, 0x00, 0x00, 0x00, 0x7f, 0xa0,
  0x06, 0xff, 0x20, 0x2f, 0xf5, 0x00, 0x00, 0x02, 0xee, 0x20, 0x03, 0xff, 0x81, 0x8f, 0xf2, 0x00,
  0x00, 0x0b, 0xf7, 0x00, 0x00, 0xaf, 0xff, 0xff, 0xa0, 0x00, 0x00, 0x5f, 0xc0, 0x00, 0x00, 0x08,
  0xdf, 0xd8, 0x00, 0x00, 0x00, 0x17, 0xce, 0xec, 0x72, 0x00, 0x00, 0x00, 0x00, 0x1d, 0xff, 0xff,
  0xff, 0xc0, 0x00, 0x00, 0x00, 0x07, 0xff, 0xf4, 0x13, 0x69, 0x00, 0x00, 0x00, 0x00, 0x9f, 0xfe,
  0x00, 0x00, 0x00, 0x00, 0x00, 0x00, 0x06, 0xff, 0xf7, 0x00, 0x00, 0x00, 0x00, 0x00, 0x00, 0x1e,
  0xff, 0xf4, 0x00, 0x00, 0x00, 0x00, 0x00, 0x3d, 0xff, 0xff, 0xe2, 0x00, 0x3f, 0xfd, 0x00, 0x1d,
  0xff, 0xdf, 0xff, 0xd1, 0x05, 0xff, 0xb0, 0x07, 0xff, 0xe2, 0x6f, 0xff, 0xb0, 0x9f, 0xf8, 0x00,
  0xbf, 0xfa, 0x00, 0x8f, 0xff, 0xaf, 0xff, 0x30, 0x0b, 0xff, 0xa0, 0x00, 0xaf, 0xff, 0xff, 0xb0,
  0x00, 0x9f, 0xfe, 0x10, 0x01, 0xcf, 0xff, 0xe2, 0x00, 0x03, 0xff, 0xfc, 0x31, 0x3c, 0xff, 0xfe,
  0x40, 0x00, 0x05, 0xff, 0xff, 0xff, 0xff, 0xff, 0xfe, 0x30, 0x00, 0x02, 0x9d, 0xfe, 0xda, 0x63,
  0xdf, 0xfe, 0x30, 0x01, 0xff, 0x30, 0x01, 0xff, 0x30, 0x01, 0xff, 0x30, 0x01, 0xff, 0x30, 0x01,
  0xff, 0x30, 0x00, 0x00, 0x00, 0x00, 0x00, 0x00, 0x00, 0x00, 0x00, 0x00, 0x00, 0x00, 0x00, 0x00,
  0x00, 0x00, 0x00, 0x00, 0x00, 0x00, 0x00, 0x00, 0x00, 0x00, 0x00, 0x00, 0x00, 0x00, 0x00, 0x00,
  0x00, 0x00, 0xaf, 0xf5, 0x00, 0x00, 0x3f, 0xfd, 0x00, 0x00, 0x0a, 0xff, 0x60, 0x00, 0x02, 0xff,
  0xf1, 0x00, 0x00, 0x7f, 0xfb, 0x00, 0x00, 0x0c, 0xff, 0x70, 0x00, 0x01, 0xff, 0xf4, 0x00, 0x00,
  0x2f, 0xff, 0x20, 0x00, 0x04, 0xff, 0xf1, 0x00, 0x00, 0x4f, 0xff, 0x10, 0x00, 0x02, 0xff, 0xf2,
  0x00, 0x00, 0x1f, 0xff, 0x40, 0x00, 0x00, 0xcf, 0xf7, 0x00, 0x00, 0x08, 0xff, 0xa0, 0x00, 0x00,
  0x2f, 0xff, 0x10, 0x00, 0x00, 0xbf, 0xf6, 0x00, 0x00, 0x03, 0xff, 0xc0, 0x00, 0x00, 0x0a, 0xff,
  0x50, 0x02, 0xff, 0xc0, 0x00, 0x00, 0x0a, 0xff, 0x50, 0x00, 0x00, 0x4f, 0xfc, 0x00, 0x00, 0x00,
  0xdf, 0xf4, 0x00, 0x00, 0x08, 0xff, 0xa0, 0x00, 0x00, 0x5f, 0xfe, 0x00, 0x00, 0x02, 0xff, 0xf2,
  0x00, 0x00, 0x0f, 0xff, 0x40, 0x00, 0x00, 0xef, 0xf6, 0x00, 0x00, 0x0e, 0xff, 0x60, 0x00, 0x00,
  0xff, 0xf4, 0x00, 0x00, 0x2f, 0xff, 0x20, 0x00, 0x05, 0xff, 0xe0, 0x00, 0x00, 0x8f, 0xfa, 0x00,
  0x00, 0x0d, 0xff, 0x40, 0x00, 0x04, 0xff, 0xd0, 0x00, 0x00, 0xaf, 0xf5, 0x00, 0x00, 0x2f, 0xfc,
  0x00, 0x00, 0x00, 0x00, 0x9f, 0x10, 0x00, 0x00, 0x00, 0x09, 0xf1, 0x00, 0x00, 0x3c, 0x60, 0x9f,
  0x13, 0xa9, 0x02, 0x9e, 0xed, 0xfc, 0xfc, 0x50, 0x00, 0x2c, 0xff, 0xf7, 0x00, 0x02, 0x9e, 0xed,
  0xfb, 0xfc, 0x50, 0x3c, 0x60, 0x9f, 0x13, 0xa9, 0x00, 0x00, 0x09, 0xf1, 0x00, 0x00, 0x00, 0x00,
  0x9f, 0x10, 0x00, 0x00, 0x00, 0x00, 0x00, 0x00, 0x00, 0x00, 0x00, 0x00, 0x00, 0x00, 0x00, 0x00,
  0x00, 0x00, 0x00, 0x00, 0x00, 0x00, 0x00, 0x00, 0x00, 0x00, 0x00, 0x00, 0x00, 0x00, 0x00, 0x00,
  0x00, 0x00, 0x00, 0x00, 0x00, 0x00, 0x00, 0x00, 0x0c, 0xf8, 0x00, 0x00, 0x00, 0x00, 0x00, 0x00,
  0x00, 0xcf, 0x80, 0x00, 0x00, 0x00, 0x00, 0x00, 0x00, 0x0c, 0xf8, 0x00, 0x00, 0x00, 0x00, 0x00,
  0x00, 0x00, 0xcf, 0x80, 0x00, 0x00, 0x00, 0x00, 0x00, 0x00, 0x0c, 0xf8, 0x00, 0x00, 0x00, 0x00,
  0x0d, 0xff, 0xff, 0xff, 0xff, 0xff, 0xfa, 0x00, 0x00, 0xdf, 0xff, 0xff, 0xff, 0xff, 0xff, 0xa0,
  0x00, 0x00, 0x00, 0x00, 0xcf, 0x80, 0x00, 0x00, 0x00, 0x00, 0x00, 0x00, 0x0c, 0xf8, 0x00, 0x00,
  0x00, 0x00, 0x00, 0x00, 0x00, 0xcf, 0x80, 0x00, 0x00, 0x00, 0x00, 0x00, 0x00, 0x0c, 0xf8, 0x00,
  0x00, 0x00, 0x00, 0x00, 0x00, 0x00, 0xcf, 0x80, 0x00, 0x00, 0x00, 0x00, 0xef, 0xf8, 0x00, 0x00,
  0xef, 0xf8, 0x00, 0x00, 0xef, 0xf8, 0x00, 0x01, 0xff, 0xf5, 0x00, 0x04, 0xff, 0xb0, 0x00, 0x08,
  0xfe, 0x20, 0x00, 0x0c, 0xf7, 0x00, 0x00, 0x0e, 0xff, 0xff, 0xf3, 0x0e, 0xff, 0xff, 0xf3, 0x0e,
  0xff, 0xff, 0xf3, 0x00, 0x00, 0x00, 0x00, 0x00, 0x00, 0x00, 0x00, 0x00, 0x00, 0x00, 0x00, 0x00,
  0x00, 0x00, 0x00, 0x00, 0xef, 0xf8, 0x00, 0x00, 0xef, 0xf8, 0x00, 0x00, 0xef, 0xf8, 0x00, 0x00,
  0xef, 0xf8, 0x00, 0x00, 0x00, 0x1f, 0xf2, 0x00, 0x00, 0x5f, 0xc0, 0x00, 0x00, 0xaf, 0x80, 0x00,
  0x00, 0xef, 0x30, 0x00, 0x05, 0xfd, 0x00, 0x00, 0x09, 0xf8, 0x00, 0x00, 0x0e, 0xf3, 0x00, 0x00,
  0x4f, 0xd0, 0x00, 0x00, 0x9f, 0x90, 0x00, 0x00, 0xef, 0x40, 0x00, 0x04, 0xfe, 0x00, 0x00, 0x08,
  0xf9, 0x00, 0x00, 0x0d, 0xf4, 0x00, 0x00, 0x3f, 0xe0, 0x00, 0x00, 0x8f, 0xa0, 0x00, 0x00, 0xdf,
  0x50, 0x00, 0x00, 0x00, 0x01, 0x8c, 0xee, 0xc7, 0x10, 0x00, 0x00, 0x2d, 0xff, 0xff, 0xff, 0xd1,
  0x00, 0x00, 0xcf, 0xfb, 0x12, 0xcf, 0xfb, 0x00, 0x05, 0xff, 0xf2, 0x00, 0x4f, 0xff, 0x40, 0x0a,
  0xff, 0xe0, 0x00, 0x0f, 0xff, 0x90, 0x0d, 0xff, 0xc0, 0x00, 0x0d, 0xff, 0xc0, 0x0f, 0xff, 0xb0,
  0x00, 0x0c, 0xff, 0xd0, 0x0f, 0xff, 0xb0, 0x00, 0x0c, 0xff, 0xe0, 0x0f, 0xff, 0xb0, 0x00, 0x0c,
  0xff, 0xd0, 0x0d, 0xff, 0xc0, 0x00, 0x0d, 0xff, 0xc0, 0x0a, 0xff, 0xe0, 0x00, 0x0f, 0xff, 0x90,
  0x05, 0xff, 0xf2, 0x00, 0x4f, 0xff, 0x40, 0x00, 0xcf, 0xfb, 0x12, 0xcf, 0xfb, 0x00, 0x00, 0x2d,
  0xff, 0xff, 0xff, 0xd1, 0x00, 0x00, 0x01, 0x8c, 0xee, 0xc7, 0x10, 0x00, 0x00, 0x16, 0xae, 0xff,
  0xf3, 0x00, 0x00, 0x00, 0xbf, 0xff, 0xff, 0xf3, 0x00, 0x00, 0x00, 0xaa, 0x56, 0xff, 0xf3, 0x00,
  0x00, 0x00, 0x00, 0x05, 0xff, 0xf3, 0x00, 0x00, 0x00, 0x00, 0x05, 0xff, 0xf3, 0x00, 0x00, 0x00,
  0x00, 0x05, 0xff, 0xf3, 0x00, 0x00, 0x00, 0x00, 0x05, 0xff, 0xf3, 0x00, 0x00, 0x00, 0x00, 0x05,
  0xff, 0xf3, 0x00, 0x00, 0x00, 0x00, 0x05, 0xff, 0xf3, 0x00, 0x00, 0x00, 0x00, 0x05, 0xff, 0xf3,
  0x00, 0x00, 0x00, 0x00, 0x05, 0xff, 0xf3, 0x00, 0x00, 0x00, 0x00, 0x05, 0xff, 0xf3, 0x00, 0x00,
  0x00, 0x00, 0x05, 0xff, 0xf3, 0x00, 0x00, 0x00, 0xaf, 0xff, 0xff, 0xff, 0xff, 0x80, 0x00, 0xaf,
  0xff, 0xff, 0xff, 0xff, 0x80, 0x00, 0x48, 0xce, 0xfe, 0xc6, 0x00, 0x00, 0x06, 0xff, 0xff, 0xff,
  0xff, 0xc1, 0x00, 0x06, 0xfb, 0x41, 0x2b, 0xff, 0xf9, 0x00, 0x05, 0x50, 0x00, 0x01, 0xef, 0xfe,
  0x00, 0x00, 0x00, 0x00, 0x00, 0xbf, 0xff, 0x10, 0x00, 0x00, 0x00, 0x00, 0xcf, 0xfe, 0x00, 0x00,
  0x00, 0x00, 0x03, 0xff, 0xfa, 0x00, 0x00, 0x00, 0x00, 0x1d, 0xff, 0xe2, 0x00, 0x00, 0x00, 0x01,
  0xcf, 0xff, 0x50, 0x00, 0x00, 0x00, 0x1c, 0xff, 0xf5, 0x00, 0x00, 0x00, 0x01, 0xcf, 0xff, 0x50,
  0x00, 0x00, 0x00, 0x1c, 0xff, 0xf5, 0x00, 0x00, 0x00, 0x01, 0xcf, 0xff, 0x40, 0x00, 0x00, 0x00,
  0x06, 0xff, 0xff, 0xff, 0xff, 0xff, 0x30, 0x06, 0xff, 0xff, 0xff, 0xff, 0xff, 0x30, 0x00, 0x38,
  0xce, 0xfe, 0xc8, 0x20, 0x00, 0x00, 0xff, 0xff, 0xff, 0xff, 0xe4, 0x00, 0x00, 0xc6, 0x21, 0x29,
  0xff, 0xfc, 0x00, 0x00, 0x00, 0x00, 0x00, 0xdf, 0xfe, 0x00, 0x00, 0x00, 0x00, 0x00, 0xdf, 0xfc,
  0x00, 0x00, 0x00, 0x00, 0x29, 0xff, 0xf5, 0x00, 0x00, 0x02, 0xff, 0xff, 0xfc, 0x30, 0x00, 0x00,
  0x02, 0xff, 0xff, 0xff, 0xc2, 0x00, 0x00, 0x00, 0x00, 0x28, 0xff, 0xfc, 0x00, 0x00, 0x00, 0x00,
  0x00, 0xaf, 0xff, 0x30, 0x00, 0x00, 0x00, 0x00, 0x7f, 0xff, 0x40, 0x00, 0x00, 0x00, 0x00, 0xaf,
  0xff, 0x30, 0x09, 0x94, 0x20, 0x28, 0xff, 0xfd, 0x00, 0x0a, 0xff, 0xff, 0xff, 0xff, 0xd3, 0x00,
  0x01, 0x6b, 0xde, 0xfd, 0xb6, 0x10, 0x00, 0x00, 0x00, 0x00, 0x9f, 0xff, 0xe0, 0x00, 0x00, 0x00,
  0x04, 0xff, 0xff, 0xe0, 0x00, 0x00, 0x00, 0x1d, 0xff, 0xff, 0xe0, 0x00, 0x00, 0x00, 0x9f, 0xfd,
  0xff, 0xe0, 0x00, 0x00, 0x04, 0xff, 0xaa, 0xff, 0xe0, 0x00, 0x00, 0x1d, 0xfe, 0x1a, 0xff, 0xe0,
  0x00, 0x00, 0x9f, 0xf6, 0x0a, 0xff, 0xe0, 0x00, 0x04, 0xff, 0xc0, 0x0a, 0xff, 0xe0, 0x00, 0x0d,
  0xff, 0x30, 0x0a, 0xff, 0xe0, 0x00, 0x1f, 0xf8, 0x00, 0x0a, 0xff, 0xe0, 0x00, 0x1f, 0xff, 0xff,
  0xff, 0xff, 0xff, 0xf0, 0x1f, 0xff, 0xff, 0xff, 0xff, 0xff, 0xf0, 0x00, 0x00, 0x00, 0x0a, 0xff,
  0xe0, 0x00, 0x00, 0x00, 0x00, 0x0a, 0xff, 0xe0, 0x00, 0x00, 0x00, 0x00, 0x0a, 0xff, 0xe0, 0x00,
  0x00, 0xdf, 0xff, 0xff, 0xff, 0xf7, 0x00, 0x00, 0xdf, 0xff, 0xff, 0xff, 0xf7, 0x00, 0x00, 0xdf,
  0xf2, 0x00, 0x00, 0x00, 0x00, 0x00, 0xdf, 0xf2, 0x00, 0x00, 0x00, 0x00, 0x00, 0xdf, 0xf2, 0x00,
  0x00, 0x00, 0x00, 0x00, 0xdf, 0xfe, 0xfe, 0xd8, 0x20, 0x00, 0x00, 0xdf, 0xff, 0xff, 0xff, 0xe3,
  0x00, 0x00, 0xb7, 0x31, 0x28, 0xff, 0xfd, 0x00, 0x00, 0x00, 0x00, 0x00, 0x9f, 0xff, 0x50, 0x00,
  0x00, 0x00, 0x00, 0x5f, 0xff, 0x70, 0x00, 0x00, 0x00, 0x00, 0x5f, 0xff, 0x70, 0x00, 0x00, 0x00,
  0x00, 0x9f, 0xff, 0x40, 0x06, 0xa5, 0x21, 0x28, 0xff, 0xfd, 0x00, 0x07, 0xff, 0xff, 0xff, 0xff,
  0xd2, 0x00, 0x00, 0x49, 0xce, 0xfe, 0xc7, 0x10, 0x00, 0x00, 0x00, 0x28, 0xde, 0xec, 0x82, 0x00,
  0x00, 0x05, 0xff, 0xff, 0xff, 0xfd, 0x00, 0x00, 0x4f, 0xff, 0x93, 0x12, 0x6a, 0x00, 0x00, 0xdf,
  0xf9, 0x00, 0x00, 0x00, 0x00, 0x04, 0xff, 0xf2, 0x00, 0x00, 0x00, 0x00, 0x08, 0xff, 0xe7, 0xce,
  0xeb, 0x50, 0x00, 0x0a, 0xff, 0xff, 0xff, 0xff, 0xf9, 0x00, 0x0b, 0xff, 0xfd, 0x31, 0x9f, 0xff,
  0x50, 0x0b, 0xff, 0xf7, 0x00, 0x1e, 0xff, 0xa0, 0x09, 0xff, 0xf5, 0x00, 0x0c, 0xff, 0xc0, 0x06,
  0xff, 0xf5, 0x00, 0x0d, 0xff, 0xc0, 0x02, 0xff, 0xf7, 0x00, 0x1e, 0xff, 0x90, 0x00, 0x9f, 0xfd,
  0x31, 0x9f, 0xff, 0x20, 0x00, 0x1b, 0xff, 0xff, 0xff, 0xf5, 0x00, 0x00, 0x00, 0x6c, 0xef, 0xd9,
  0x30, 0x00, 0x0a, 0xff, 0xff, 0xff, 0xff, 0xff, 0x50, 0x0a, 0xff, 0xff, 0xff, 0xff, 0xff, 0x50,
  0x00, 0x00, 0x00, 0x00, 0xdf, 0xff, 0x30, 0x00, 0x00, 0x00, 0x04, 0xff, 0xfb, 0x00, 0x00, 0x00,
  0x00, 0x0a, 0xff, 0xf5, 0x00, 0x00, 0x00, 0x00, 0x2f, 0xff, 0xd0, 0x00, 0x00, 0x00, 0x00, 0x8f,
  0xff, 0x60, 0x00, 0x00, 0x00, 0x00, 0xdf, 0xfe, 0x10, 0x00, 0x00, 0x00, 0x05, 0xff, 0xf8, 0x00,
  0x00, 0x00, 0x00, 0x0b, 0xff, 0xf2, 0x00, 0x00, 0x00, 0x00, 0x2f, 0xff, 0xa0, 0x00, 0x00, 0x00,
  0x00, 0x9f, 0xff, 0x30, 0x00, 0x00, 0x00, 0x01, 0xef, 0xfb, 0x00, 0x00, 0x00, 0x00, 0x06, 0xff,
  0xf5, 0x00, 0x00, 0x00, 0x00, 0x0c, 0xff, 0xd0, 0x00, 0x00, 0x00, 0x00, 0x05, 0xbd, 0xff, 0xda,
  0x50, 0x00, 0x00, 0xaf, 0xff, 0xff, 0xff, 0xf8, 0x00, 0x04, 0xff, 0xfa, 0x12, 0xbf, 0xff, 0x20,
  0x06, 0xff, 0xf3, 0x00, 0x4f, 0xff, 0x50, 0x05, 0xff, 0xf3, 0x00, 0x4f, 0xff, 0x30, 0x00, 0xdf,
  0xfa, 0x12, 0xbf, 0xfc, 0x00, 0x00, 0x1a, 0xff, 0xff, 0xff, 0x91, 0x00, 0x00, 0x3b, 0xff, 0xff,
  0xff, 0xb2, 0x00, 0x02, 0xef, 0xf9, 0x11, 0xaf, 0xfe, 0x10, 0x09, 0xff, 0xe0, 0x00, 0x1f, 0xff,
  0x70, 0x0b, 0xff, 0xc0, 0x00, 0x0e, 0xff, 0xa0, 0x0a, 0xff, 0xe0, 0x00, 0x1f, 0xff, 0x90, 0x06,
  0xff, 0xf9, 0x11, 0xaf, 0xff, 0x40, 0x00, 0xaf, 0xff, 0xff, 0xff, 0xf9, 0x00, 0x00, 0x05, 0xbe,
  0xff, 0xda, 0x50, 0x00, 0x00, 0x03, 0xad, 0xfe, 0xb5, 0x00, 0x00, 0x00, 0x7f, 0xff, 0xff, 0xff,
  0xa0, 0x00, 0x04, 0xff, 0xf7, 0x14, 0xef, 0xf7, 0x00, 0x0b, 0xff, 0xd0, 0x00, 0x9f, 0xfe, 0x00,
  0x0e, 0xff, 0xb0, 0x00, 0x6f, 0xff, 0x50, 0x0e, 0xff, 0xb0, 0x00, 0x6f, 0xff, 0x80, 0x0c, 0xff,
  0xd0, 0x00, 0x9f, 0xff, 0x90, 0x07, 0xff, 0xf7, 0x14, 0xef, 0xff, 0x90, 0x00, 0xbf, 0xff, 0xff,
  0xff, 0xff, 0x80, 0x00, 0x06, 0xce, 0xec, 0x7f, 0xff, 0x60, 0x00, 0x00, 0x00, 0x00, 0x3f, 0xff,
  0x20, 0x00, 0x00, 0x00, 0x00, 0xbf, 0xfb, 0x00, 0x00, 0xc5, 0x21, 0x3a, 0xff, 0xf3, 0x00, 0x00,
  0xff, 0xff, 0xff, 0xfe, 0x40, 0x00, 0x00, 0x39, 0xde, 0xec, 0x81, 0x00, 0x00, 0x00, 0xcf, 0xfc,
  0x00, 0x00, 0xcf, 0xfc, 0x00, 0x00, 0xcf, 0xfc, 0x00, 0x00, 0xcf, 0xfc, 0x00, 0x00, 0x00, 0x00,
  0x00, 0x00, 0x00, 0x00, 0x00, 0x00, 0x00, 0x00, 0x00, 0x00, 0xcf, 0xfc, 0x00, 0x00, 0xcf, 0xfc,
  0x00, 0x00, 0xcf, 0xfc, 0x00, 0x00, 0xcf, 0xfc, 0x00, 0x00, 0xcf, 0xfc, 0x00, 0x00, 0xcf, 0xfc,
  0x00, 0x00, 0xcf, 0xfc, 0x00, 0x00, 0xcf, 0xfc, 0x00, 0x00, 0x00, 0x00, 0x00, 0x00, 0x00, 0x00,
  0x00, 0x00, 0x00, 0x00, 0x00, 0x00, 0xcf, 0xfc, 0x00, 0x00, 0xcf, 0xfc, 0x00, 0x00, 0xcf, 0xfc,
  0x00, 0x00, 0xdf, 0xf8, 0x00, 0x02, 0xff, 0xd1, 0x00, 0x05, 0xff, 0x40, 0x00, 0x09, 0xfa, 0x00,
  0x00, 0x00, 0x00, 0x00, 0x00, 0x00, 0x00, 0x49, 0x90, 0x00, 0x00, 0x00, 0x00, 0x00, 0x38, 0xdf,
  0xfa, 0x00, 0x00, 0x00, 0x00, 0x27, 0xdf, 0xff, 0xfb, 0x40, 0x00, 0x00, 0x17, 0xcf, 0xff, 0xfb,
  0x61, 0x00, 0x00, 0x00, 0xaf, 0xff, 0xfb, 0x61, 0x00, 0x00, 0x00, 0x00, 0x0d, 0xff, 0xc3, 0x00,
  0x00, 0x00, 0x00, 0x00, 0x00, 0xaf, 0xff, 0xfb, 0x61, 0x00, 0x00, 0x00, 0x00, 0x00, 0x27, 0xcf,
  0xff, 0xfb, 0x61, 0x00, 0x00, 0x00, 0x00, 0x00, 0x27, 0xdf, 0xff, 0xfb, 0x40, 0x00, 0x00, 0x00,
  0x00, 0x00, 0x38, 0xdf, 0xfa, 0x00, 0x00, 0x00, 0x00, 0x00, 0x00, 0x00, 0x49, 0x90, 0x00, 0x00,
  0x00, 0x00, 0x00, 0x00, 0x00, 0x00, 0x00, 0x00, 0xdf, 0xff, 0xff, 0xff, 0xff, 0xff, 0xa0, 0x00,
  0x0d, 0xff, 0xff, 0xff, 0xff, 0xff, 0xfa, 0x00, 0x00, 0x00, 0x00, 0x00, 0x00, 0x00, 0x00, 0x00,
  0x00, 0x00, 0x00, 0x00, 0x00, 0x00, 0x00, 0x00, 0x00, 0x00, 0xdf, 0xff, 0xff, 0xff, 0xff, 0xff,
  0xa0, 0x00, 0x0d, 0xff, 0xff, 0xff, 0xff, 0xff, 0xfa, 0x00, 0x00, 0x00, 0x00, 0x00, 0x00, 0x00,
  0x00, 0x00, 0x00, 0x00, 0x00, 0x00, 0x00, 0x00, 0x00, 0x00, 0x00, 0x00, 0x00, 0x00, 0x00, 0x00,
  0x00, 0x00, 0x00, 0x00, 0x00, 0xb8, 0x20, 0x00, 0x00, 0x00, 0x00, 0x00, 0x00, 0x0d, 0xff, 0xc7,
  0x20, 0x00, 0x00, 0x00, 0x00, 0x00, 0x7c, 0xff, 0xff, 0xb6, 0x10, 0x00, 0x00, 0x00, 0x00, 0x02,
  0x7c, 0xff, 0xff, 0xb5, 0x10, 0x00, 0x00, 0x00, 0x00, 0x02, 0x7d, 0xff, 0xfe, 0x70, 0x00, 0x00,
  0x00, 0x00, 0x00, 0x05, 0xef, 0xfa, 0x00, 0x00, 0x00, 0x00, 0x02, 0x7c, 0xff, 0xfe, 0x70, 0x00,
  0x00, 0x02, 0x7c, 0xff, 0xff, 0xb5, 0x10, 0x00, 0x00, 0x7c, 0xff, 0xff, 0xc6, 0x10, 0x00, 0x00,
  0x00, 0x0d, 0xff, 0xc7, 0x20, 0x00, 0x00, 0x00, 0x00, 0x00, 0xb8, 0x20, 0x00, 0x00, 0x00, 0x00,
  0x00, 0x00, 0x00, 0x00, 0x00, 0x00, 0x00, 0x00, 0x00, 0x00, 0x01, 0x6b, 0xdf, 0xeb, 0x60, 0x00,
  0x09, 0xff, 0xff, 0xff, 0xf9, 0x00, 0x08, 0x83, 0x11, 0xaf, 0xff, 0x20, 0x00, 0x00, 0x00, 0x4f,
  0xff, 0x40, 0x00, 0x00, 0x00, 0x9f, 0xff, 0x20, 0x00, 0x00, 0x07, 0xff, 0xfb, 0x00, 0x00, 0x00,
  0x5f, 0xff, 0xc1, 0x00, 0x00, 0x02, 0xef, 0xfd, 0x10, 0x00, 0x00, 0x07, 0xff, 0xf3, 0x00, 0x00,
  0x00, 0x09, 0xff, 0xe0, 0x00, 0x00, 0x00, 0x00, 0x00, 0x00, 0x00, 0x00, 0x00, 0x09, 0xff, 0xe0,
  0x00, 0x00, 0x00, 0x09, 0xff, 0xe0, 0x00, 0x00, 0x00, 0x09, 0xff, 0xe0, 0x00, 0x00, 0x00, 0x09,
  0xff, 0xe0, 0x00, 0x00, 0x00, 0x00, 0x00, 0x38, 0xce, 0xed, 0xa5, 0x00, 0x00, 0x00, 0x00, 0x00,
  0x1a, 0xff, 0xff, 0xff, 0xff, 0xc3, 0x00, 0x00, 0x00, 0x02, 0xdf, 0xe8, 0x31, 0x02, 0x6c, 0xff,
  0x40, 0x00, 0x00, 0x1c, 0xfb, 0x10, 0x00, 0x00, 0x00, 0x7f, 0xe2, 0x00, 0x00, 0x8f, 0xb0, 0x03,
  0xcf, 0xd4, 0xdf, 0x27, 0xfb, 0x00, 0x01, 0xee, 0x20, 0x2e, 0xff, 0xfe, 0xef, 0x20, 0xcf, 0x20,
  0x05, 0xf9, 0x00, 0xaf, 0xd2, 0x2d, 0xff, 0x20, 0x7f, 0x60, 0x08, 0xf5, 0x00, 0xef, 0x50, 0x05,
  0xff, 0x20, 0x4f, 0x80, 0x0a, 0xf3, 0x01, 0xff, 0x20, 0x02, 0xff, 0x20, 0x4f, 0x80, 0x0a, 0xf3,
  0x01, 0xff, 0x20, 0x02, 0xff, 0x20, 0x6f, 0x70, 0x08, 0xf5, 0x00, 0xef, 0x50, 0x05, 0xff, 0x20,
  0xcf, 0x30, 0x05, 0xf9, 0x00, 0xaf, 0xd2, 0x2d, 0xff, 0x4a, 0xfb, 0x00, 0x01, 0xee, 0x10, 0x3e,
  0xff, 0xfe, 0xef, 0xff, 0xc1, 0x00, 0x00, 0x8f, 0xb0, 0x03, 0xcf, 0xd4, 0xde, 0xb6, 0x00, 0x00,
  0x00, 0x1d, 0xfb, 0x10, 0x00, 0x00, 0x02, 0xb1, 0x00, 0x00, 0x00, 0x02, 0xdf, 0xe7, 0x31, 0x13,
  0x8e, 0xf7, 0x00, 0x00, 0x00, 0x00, 0x1a, 0xff, 0xff, 0xff, 0xff, 0xb1, 0x00, 0x00, 0x00, 0x00,
  0x00, 0x39, 0xde, 0xfd, 0x93, 0x00, 0x00, 0x00, 0x00, 0x00, 0x0a, 0xff, 0xff, 0x20, 0x00, 0x00,
  0x00, 0x00, 0x1f, 0xff, 0xff, 0x80, 0x00, 0x00, 0x00, 0x00, 0x6f, 0xff, 0xff, 0xd0, 0x00, 0x00,
  0x00, 0x00, 0xbf, 0xff, 0xff, 0xf4, 0x00, 0x00, 0x00, 0x02, 0xff, 0xf8, 0xef, 0xf9, 0x00, 0x00,
  0x00, 0x07, 0xff, 0xf3, 0xaf, 0xfe, 0x00, 0x00, 0x00, 0x0d, 0xff, 0xd0, 0x6f, 0xff, 0x50, 0x00,
  0x00, 0x3f, 0xff, 0x80, 0x1f, 0xff, 0xa0, 0x00, 0x00, 0x9f, 0xff, 0x30, 0x0b, 0xff, 0xf1, 0x00,
  0x00, 0xef, 0xfe, 0x00, 0x06, 0xff, 0xf6, 0x00, 0x04, 0xff, 0xff, 0xff, 0xff, 0xff, 0xfb, 0x00,
  0x0a, 0xff, 0xff, 0xff, 0xff, 0xff, 0xff, 0x20, 0x1e, 0xff, 0xa0, 0x00, 0x00, 0x2f, 0xff, 0x70,
  0x6f, 0xff, 0x50, 0x00, 0x00, 0x0d, 0xff, 0xd0, 0xbf, 0xff, 0x10, 0x00, 0x00, 0x08, 0xff, 0xf3,
  0x02, 0xff, 0xff, 0xff, 0xed, 0xa4, 0x00, 0x00, 0x2f, 0xff, 0xff, 0xff, 0xff, 0xf7, 0x00, 0x02,
  0xff, 0xf9, 0x00, 0x3e, 0xff, 0xf1, 0x00, 0x2f, 0xff, 0x90, 0x00, 0x9f, 0xff, 0x30, 0x02, 0xff,
  0xf9, 0x00, 0x09, 0xff, 0xf3, 0x00, 0x2f, 0xff, 0x90, 0x03, 0xef, 0xfd, 0x00, 0x02, 0xff, 0xff,
  0xff, 0xff, 0xfc, 0x20, 0x00, 0x2f, 0xff, 0xff, 0xff, 0xff, 0xe6, 0x00, 0x02, 0xff, 0xf9, 0x00,
  0x2a, 0xff, 0xf4, 0x00, 0x2f, 0xff, 0x90, 0x00, 0x1f, 0xff, 0xa0, 0x02, 0xff, 0xf9, 0x00, 0x00,
  0xef, 0xfc, 0x00, 0x2f, 0xff, 0x90, 0x00, 0x1f, 0xff, 0xb0, 0x02, 0xff, 0xf9, 0x00, 0x2a, 0xff,
  0xf7, 0x00, 0x2f, 0xff, 0xff, 0xff, 0xff, 0xfc, 0x10, 0x02, 0xff, 0xff, 0xff, 0xfe, 0xb6, 0x00,
  0x00, 0x00, 0x00, 0x16, 0xbd, 0xfe, 0xdb, 0x72, 0x00, 0x00, 0x4e, 0xff, 0xff, 0xff, 0xff, 0x60,
  0x00, 0x4f, 0xff, 0xd5, 0x11, 0x25, 0x96, 0x00, 0x1e, 0xff, 0xe2, 0x00, 0x00, 0x00, 0x00, 0x07,
  0xff, 0xf7, 0x00, 0x00, 0x00, 0x00, 0x00, 0xcf, 0xff, 0x20, 0x00, 0x00, 0x00, 0x00, 0x0e, 0xff,
  0xe0, 0x00, 0x00, 0x00, 0x00, 0x00, 0xff, 0xfe, 0x00, 0x00, 0x00, 0x00, 0x00, 0x0e, 0xff, 0xe0,
  0x00, 0x00, 0x00, 0x00, 0x00, 0xcf, 0xff, 0x20, 0x00, 0x00, 0x00, 0x00, 0x07, 0xff, 0xf7, 0x00,
  0x00, 0x00, 0x00, 0x00, 0x1e, 0xff, 0xe2, 0x00, 0x00, 0x00, 0x00, 0x00, 0x4f, 0xff, 0xd5, 0x11,
  0x24, 0x96, 0x00, 0x00, 0x4e, 0xff, 0xff, 0xff, 0xff, 0x60, 0x00, 0x00, 0x16, 0xbd, 0xfe, 0xdb,
  0x72, 0x00, 0x02, 0xff, 0xff, 0xfe, 0xdc, 0x83, 0x00, 0x00, 0x00, 0x2f, 0xff, 0xff, 0xff, 0xff,
  0xfa, 0x10, 0x00, 0x02, 0xff, 0xf9, 0x01, 0x3a, 0xff, 0xfc, 0x00, 0x00, 0x2f, 0xff, 0x90, 0x00,
  0x08, 0xff, 0xf8, 0x00, 0x02, 0xff, 0xf9, 0x00, 0x00, 0x0d, 0xff, 0xf1, 0x00, 0x2f, 0xff, 0x90,
  0x00, 0x00, 0x8f, 0xff, 0x50, 0x02, 0xff, 0xf9, 0x00, 0x00, 0x06, 0xff, 0xf7, 0x00, 0x2f, 0xff,
  0x90, 0x00, 0x00, 0x5f, 0xff, 0x80, 0x02, 0xff, 0xf9, 0x00, 0x00, 0x06, 0xff, 0xf7, 0x00, 0x2f,
  0xff, 0x90, 0x00, 0x00, 0x8f, 0xff, 0x50, 0x02, 0xff, 0xf9, 0x00, 0x00, 0x0d, 0xff, 0xf1, 0x00,
  0x2f, 0xff, 0x90, 0x00, 0x08, 0xff, 0xf8, 0x00, 0x02, 0xff, 0xf9, 0x01, 0x3a, 0xff, 0xfc, 0x00,
  0x00, 0x2f, 0xff, 0xff, 0xff, 0xff, 0xfa, 0x10, 0x00, 0x02, 0xff, 0xff, 0xfe, 0xdc, 0x83, 0x00,
  0x00, 0x00, 0x02, 0xff, 0xff, 0xff, 0xff, 0xff, 0x00, 0x02, 0xff, 0xff, 0xff, 0xff, 0xff, 0x00,
  0x02, 0xff, 0xf9, 0x00, 0x00, 0x00, 0x00, 0x02, 0xff, 0xf9, 0x00, 0x00, 0x00, 0x00, 0x02, 0xff,
  0xf9, 0x00, 0x00, 0x00, 0x00, 0x02, 0xff, 0xf9, 0x00, 0x00, 0x00, 0x00, 0x02, 0xff, 0xff, 0xff,
  0xff, 0xf9, 0x00, 0x02, 0xff, 0xff, 0xff, 0xff, 0xf9, 0x00, 0x02, 0xff, 0xf9, 0x00, 0x00, 0x00,
  0x00, 0x02, 0xff, 0xf9, 0x00, 0x00, 0x00, 0x00, 0x02, 0xff, 0xf9, 0x00, 0x00, 0x00, 0x00, 0x02,
  0xff, 0xf9, 0x00, 0x00, 0x00, 0x00, 0x02, 0xff, 0xf9, 0x00, 0x00, 0x00, 0x00, 0x02, 0xff, 0xff,
  0xff, 0xff, 0xff, 0x30, 0x02, 0xff, 0xff, 0xff, 0xff, 0xff, 0x30, 0x02, 0xff, 0xff, 0xff, 0xff,
  0xff, 0x00, 0x02, 0xff, 0xff, 0xff, 0xff, 0xff, 0x00, 0x02, 0xff, 0xf9, 0x00, 0x00, 0x00, 0x00,
  0x02, 0xff, 0xf9, 0x00, 0x00, 0x00, 0x00, 0x02, 0xff, 0xf9, 0x00, 0x00, 0x00, 0x00, 0x02, 0xff,
  0xf9, 0x00, 0x00, 0x00, 0x00, 0x02, 0xff, 0xff, 0xff, 0xff, 0xf9, 0x00, 0x02, 0xff, 0xff, 0xff,
  0xff, 0xf9, 0x00, 0x02, 0xff, 0xf9, 0x00, 0x00, 0x00, 0x00, 0x02, 0xff, 0xf9, 0x00, 0x00, 0x00,
  0x00, 0x02, 0xff, 0xf9, 0x00, 0x00, 0x00, 0x00, 0x02, 0xff, 0xf9, 0x00, 0x00, 0x00, 0x00, 0x02,
  0xff, 0xf9, 0x00, 0x00, 0x00, 0x00, 0x02, 0xff, 0xf9, 0x00, 0x00, 0x00, 0x00, 0x02, 0xff, 0xf9,
  0x00, 0x00, 0x00, 0x00, 0x00, 0x00, 0x06, 0xad, 0xef, 0xdc, 0xa6, 0x20, 0x00, 0x04, 0xdf, 0xff,
  0xff, 0xff, 0xff, 0x60, 0x00, 0x4f, 0xff, 0xe6, 0x20, 0x13, 0x6b, 0x60, 0x01, 0xef, 0xfe, 0x20,
  0x00, 0x00, 0x00, 0x00, 0x07, 0xff, 0xf7, 0x00, 0x00, 0x00, 0x00, 0x00, 0x0c, 0xff, 0xf2, 0x00,
  0x00, 0x00, 0x00, 0x00, 0x0e, 0xff, 0xe0, 0x00, 0x00, 0x00, 0x00, 0x00, 0x0f, 0xff, 0xe0, 0x00,
  0x0e, 0xff, 0xff, 0xe0, 0x0e, 0xff, 0xe0, 0x00, 0x0e, 0xff, 0xff, 0xe0, 0x0c, 0xff, 0xf2, 0x00,
  0x00, 0x09, 0xff, 0xe0, 0x07, 0xff, 0xf7, 0x00, 0x00, 0x09, 0xff, 0xe0, 0x01, 0xef, 0xfe, 0x20,
  0x00, 0x09, 0xff, 0xe0, 0x00, 0x4f, 0xff, 0xd6, 0x10, 0x2b, 0xff, 0xe0, 0x00, 0x04, 0xef, 0xff,
  0xff, 0xff, 0xff, 0xe0, 0x00, 0x00, 0x16, 0xbd, 0xfe, 0xdc, 0x96, 0x20, 0x02, 0xff, 0xf9, 0x00,
  0x00, 0x0d, 0xff, 0xe0, 0x00, 0x2f, 0xff, 0x90, 0x00, 0x00, 0xdf, 0xfe, 0x00, 0x02, 0xff, 0xf9,
  0x00, 0x00, 0x0d, 0xff, 0xe0, 0x00, 0x2f, 0xff, 0x90, 0x00, 0x00, 0xdf, 0xfe, 0x00, 0x02, 0xff,
  0xf9, 0x00, 0x00, 0x0d, 0xff, 0xe0, 0x00, 0x2f, 0xff, 0x90, 0x00, 0x00, 0xdf, 0xfe, 0x00, 0x02,
  0xff, 0xff, 0xff, 0xff, 0xff, 0xff, 0xe0, 0x00, 0x2f, 0xff, 0xff, 0xff, 0xff, 0xff, 0xfe, 0x00,
  0x02, 0xff, 0xf9, 0x00, 0x00, 0x0d, 0xff, 0xe0, 0x00, 0x2f, 0xff, 0x90, 0x00, 0x00, 0xdf, 0xfe,
  0x00, 0x02, 0xff, 0xf9, 0x00, 0x00, 0x0d, 0xff, 0xe0, 0x00, 0x2f, 0xff, 0x90, 0x00, 0x00, 0xdf,
  0xfe, 0x00, 0x02, 0xff, 0xf9, 0x00, 0x00, 0x0d, 0xff, 0xe0, 0x00, 0x2f, 0xff, 0x90, 0x00, 0x00,
  0xdf, 0xfe, 0x00, 0x02, 0xff, 0xf9, 0x00, 0x00, 0x0d, 0xff, 0xe0, 0x00, 0x02, 0xff, 0xf9, 0x00,
  0x2f, 0xff, 0x90, 0x02, 0xff, 0xf9, 0x00, 0x2f, 0xff, 0x90, 0x02, 0xff, 0xf9, 0x00, 0x2f, 0xff,
  0x90, 0x02, 0xff, 0xf9, 0x00, 0x2f, 0xff, 0x90, 0x02, 0xff, 0xf9, 0x00, 0x2f, 0xff, 0x90, 0x02,
  0xff, 0xf9, 0x00, 0x2f, 0xff, 0x90, 0x02, 0xff, 0xf9, 0x00, 0x2f, 0xff, 0x90, 0x02, 0xff, 0xf9,
  0x00, 0x00, 0x02, 0xff, 0xf9, 0x00, 0x00, 0x2f, 0xff, 0x90, 0x00, 0x02, 0xff, 0xf9, 0x00, 0x00,
  0x2f, 0xff, 0x90, 0x00, 0x02, 0xff, 0xf9, 0x00, 0x00, 0x2f, 0xff, 0x90, 0x00, 0x02, 0xff, 0xf9,
  0x00, 0x00, 0x2f, 0xff, 0x90, 0x00, 0x02, 0xff, 0xf9, 0x00, 0x00, 0x2f, 0xff, 0x90, 0x00, 0x02,
  0xff, 0xf9, 0x00, 0x00, 0x2f, 0xff, 0x90, 0x00, 0x02, 0xff, 0xf9, 0x00, 0x00, 0x2f, 0xff, 0x90,
  0x00, 0x03, 0xff, 0xf9, 0x00, 0x00, 0x6f, 0xff, 0x70, 0x00, 0x4d, 0xff, 0xf2, 0x02, 0xff, 0xff,
  0xf6, 0x00, 0x2f, 0xed, 0x93, 0x00, 0x00, 0x02, 0xff, 0xf9, 0x00, 0x00, 0x7f, 0xff, 0xc1, 0x00,
  0x2f, 0xff, 0x90, 0x00, 0x7f, 0xff, 0xc1, 0x00, 0x02, 0xff, 0xf9, 0x00, 0x7f, 0xff, 0xc1, 0x00,
  0x00, 0x2f, 0xff, 0x90, 0x7f, 0xff, 0xd1, 0x00, 0x00, 0x02, 0xff, 0xf9, 0x7f, 0xff, 0xd1, 0x00,
  0x00, 0x00, 0x2f, 0xff, 0xdf, 0xff, 0xd1, 0x00, 0x00, 0x00, 0x02, 0xff, 0xff, 0xff, 0xd2, 0x00,
  0x00, 0x00, 0x00, 0x2f, 0xff, 0xff, 0xfb, 0x00, 0x00, 0x00, 0x00, 0x02, 0xff, 0xff, 0xff, 0xfb,
  0x00, 0x00, 0x00, 0x00, 0x2f, 0xff, 0xbd, 0xff, 0xfa, 0x00, 0x00, 0x00, 0x02, 0xff, 0xf9, 0x2d,
  0xff, 0xfa, 0x00, 0x00, 0x00, 0x2f, 0xff, 0x90, 0x2d, 0xff, 0xfa, 0x00, 0x00, 0x02, 0xff, 0xf9,
  0x00, 0x2e, 0xff, 0xfa, 0x00, 0x00, 0x2f, 0xff, 0x90, 0x00, 0x2e, 0xff, 0xf9, 0x00, 0x02, 0xff,
  0xf9, 0x00, 0x00, 0x3e, 0xff, 0xf9, 0x00, 0x02, 0xff, 0xf9, 0x00, 0x00, 0x00, 0x00, 0x2f, 0xff,
  0x90, 0x00, 0x00, 0x00, 0x02, 0xff, 0xf9, 0x00, 0x00, 0x00, 0x00, 0x2f, 0xff, 0x90, 0x00, 0x00,
  0x00, 0x02, 0xff, 0xf9, 0x00, 0x00, 0x00, 0x00, 0x2f, 0xff, 0x90, 0x00, 0x00, 0x00, 0x02, 0xff,
  0xf9, 0x00, 0x00, 0x00, 0x00, 0x2f, 0xff, 0x90, 0x00, 0x00, 0x00, 0x02, 0xff, 0xf9, 0x00, 0x00,
  0x00, 0x00, 0x2f, 0xff, 0x90, 0x00, 0x00, 0x00, 0x02, 0xff, 0xf9, 0x00, 0x00, 0x00, 0x00, 0x2f,
  0xff, 0x90, 0x00, 0x00, 0x00, 0x02, 0xff, 0xf9, 0x00, 0x00, 0x00, 0x00, 0x2f, 0xff, 0xff, 0xff,
  0xff, 0xf3, 0x02, 0xff, 0xff, 0xff, 0xff, 0xff, 0x30, 0x02, 0xff, 0xff, 0xc0, 0x00, 0x00, 0x0e,
  0xff, 0xff, 0x10, 0x02, 0xff, 0xff, 0xf4, 0x00, 0x00, 0x5f, 0xff, 0xff, 0x10, 0x02, 0xff, 0xff,
  0xfa, 0x00, 0x00, 0xcf, 0xff, 0xff, 0x10, 0x02, 0xff, 0xff, 0xff, 0x10, 0x03, 0xff, 0xff, 0xff,
  0x10, 0x02, 0xff, 0xfc, 0xff, 0x70, 0x09, 0xff, 0xcf, 0xff, 0x10, 0x02, 0xff, 0xf7, 0xef, 0xd0,
  0x1e, 0xfd, 0x8f, 0xff, 0x10, 0x02, 0xff, 0xf6, 0x8f, 0xf5, 0x7f, 0xf7, 0x8f, 0xff, 0x10, 0x02,
  0xff, 0xf6, 0x2f, 0xfb, 0xdf, 0xe1, 0x8f, 0xff, 0x10, 0x02, 0xff, 0xf6, 0x0b, 0xff, 0xff, 0x90,
  0x8f, 0xff, 0x10, 0x02, 0xff, 0xf6, 0x04, 0xff, 0xff, 0x30, 0x8f, 0xff, 0x10, 0x02, 0xff, 0xf6,
  0x00, 0xdf, 0xfc, 0x00, 0x8f, 0xff, 0x10, 0x02, 0xff, 0xf6, 0x00, 0x7f, 0xf5, 0x00, 0x8f, 0xff,
  0x10, 0x02, 0xff, 0xf6, 0x00, 0x00, 0x00, 0x00, 0x8f, 0xff, 0x10, 0x02, 0xff, 0xf6, 0x00, 0x00,
  0x00, 0x00, 0x8f, 0xff, 0x10, 0x02, 0xff, 0xf6, 0x00, 0x00, 0x00, 0x00, 0x8f, 0xff, 0x10, 0x02,
  0xff, 0xff, 0x40, 0x00, 0x0a, 0xff, 0xe0, 0x00, 0x2f, 0xff, 0xfc, 0x00, 0x00, 0xaf, 0xfe, 0x00,
  0x02, 0xff, 0xff, 0xf5, 0x00, 0x0a, 0xff, 0xe0, 0x00, 0x2f, 0xff, 0xff, 0xc0, 0x00, 0xaf, 0xfe,
  0x00, 0x02, 0xff, 0xff, 0xff, 0x50, 0x0a, 0xff, 0xe0, 0x00, 0x2f, 0xff, 0x9f, 0xfd, 0x00, 0xaf,
  0xfe, 0x00, 0x02, 0xff, 0xf6, 0xaf, 0xf6, 0x0a, 0xff, 0xe0, 0x00, 0x2f, 0xff, 0x63, 0xff, 0xd0,
  0xaf, 0xfe, 0x00, 0x02, 0xff, 0xf6, 0x0a, 0xff, 0x6a, 0xff, 0xe0, 0x00, 0x2f, 0xff, 0x60, 0x2f,
  0xfe, 0xaf, 0xfe, 0x00, 0x02, 0xff, 0xf6, 0x00, 0x9f, 0xff, 0xff, 0xe0, 0x00, 0x2f, 0xff, 0x60,
  0x02, 0xff, 0xff, 0xfe, 0x00, 0x02, 0xff, 0xf6, 0x00, 0x09, 0xff, 0xff, 0xe0, 0x00, 0x2f, 0xff,
  0x60, 0x00, 0x2f, 0xff, 0xfe, 0x00, 0x02, 0xff, 0xf6, 0x00, 0x00, 0x8f, 0xff, 0xe0, 0x00, 0x00,
  0x00, 0x28, 0xce, 0xfe, 0xc8, 0x20, 0x00, 0x00, 0x00, 0x6f, 0xff, 0xff, 0xff, 0xff, 0x60, 0x00,
  0x00, 0x6f, 0xff, 0xb3, 0x03, 0xbf, 0xff, 0x60, 0x00, 0x2f, 0xff, 0xc0, 0x00, 0x00, 0xcf, 0xff,
  0x20, 0x08, 0xff, 0xf5, 0x00, 0x00, 0x05, 0xff, 0xf8, 0x00, 0xcf, 0xff, 0x10, 0x00, 0x00, 0x1f,
  0xff, 0xc0, 0x0e, 0xff, 0xe0, 0x00, 0x00, 0x00, 0xef, 0xfe, 0x00, 0xff, 0xfe, 0x00, 0x00, 0x00,
  0x0d, 0xff, 0xf0, 0x0e, 0xff, 0xe0, 0x00, 0x00, 0x00, 0xef, 0xfe, 0x00, 0xcf, 0xff, 0x10, 0x00,
  0x00, 0x1f, 0xff, 0xc0, 0x08, 0xff, 0xf5, 0x00, 0x00, 0x05, 0xff, 0xf8, 0x00, 0x2f, 0xff, 0xc0,
  0x00, 0x00, 0xcf, 0xff, 0x20, 0x00, 0x6f, 0xff, 0xb3, 0x03, 0xbf, 0xff, 0x60, 0x00, 0x00, 0x6f,
  0xff, 0xff, 0xff, 0xff, 0x60, 0x00, 0x00, 0x00, 0x28, 0xce, 0xfe, 0xc8, 0x20, 0x00, 0x00, 0x02,
  0xff, 0xff, 0xff, 0xfd, 0xa4, 0x00, 0x00, 0x2f, 0xff, 0xff, 0xff, 0xff, 0xf8, 0x00, 0x02, 0xff,
  0xf9, 0x00, 0x3d, 0xff, 0xf4, 0x00, 0x2f, 0xff, 0x90, 0x00, 0x5f, 0xff, 0xa0, 0x02, 0xff, 0xf9,
  0x00, 0x01, 0xff, 0xfc, 0x00, 0x2f, 0xff, 0x90, 0x00, 0x1f, 0xff, 0xc0, 0x02, 0xff, 0xf9, 0x00,
  0x05, 0xff, 0xfa, 0x00, 0x2f, 0xff, 0x90, 0x03, 0xdf, 0xff, 0x40, 0x02, 0xff, 0xff, 0xff, 0xff,
  0xff, 0x80, 0x00, 0x2f, 0xff, 0xff, 0xff, 0xda, 0x40, 0x00, 0x02, 0xff, 0xf9, 0x00, 0x00, 0x00,
  0x00, 0x00, 0x2f, 0xff, 0x90, 0x00, 0x00, 0x00, 0x00, 0x02, 0xff, 0xf9, 0x00, 0x00, 0x00, 0x00,
  0x00, 0x2f, 0xff, 0x90, 0x00, 0x00, 0x00, 0x00, 0x02, 0xff, 0xf9, 0x00, 0x00, 0x00, 0x00, 0x00,
  0x00, 0x00, 0x28, 0xce, 0xfe, 0xc8, 0x20, 0x00, 0x00, 0x00, 0x6f, 0xff, 0xff, 0xff, 0xff, 0x60,
  0x00, 0x00, 0x6f, 0xff, 0xb3, 0x03, 0xbf, 0xff, 0x60, 0x00, 0x2f, 0xff, 0xc0, 0x00, 0x00, 0xcf,
  0xff, 0x20, 0x08, 0xff, 0xf5, 0x00, 0x00, 0x05, 0xff, 0xf8, 0x00, 0xcf, 0xff, 0x10, 0x00, 0x00,
  0x1f, 0xff, 0xc0, 0x0e, 0xff, 0xe0, 0x00, 0x00, 0x00, 0xef, 0xfe, 0x00, 0xff, 0xfe, 0x00, 0x00,
  0x00, 0x0d, 0xff, 0xf0, 0x0e, 0xff, 0xe0, 0x00, 0x00, 0x00, 0xef, 0xfe, 0x00, 0xcf, 0xff, 0x10,
  0x00, 0x00, 0x1f, 0xff, 0xc0, 0x08, 0xff, 0xf5, 0x00, 0x00, 0x05, 0xff, 0xf8, 0x00, 0x2f, 0xff,
  0xc0, 0x00, 0x00, 0xcf, 0xff, 0x20, 0x00, 0x6f, 0xff, 0xa2, 0x03, 0xbf, 0xff, 0x60, 0x00, 0x00,
  0x6f, 0xff, 0xff, 0xff, 0xff, 0x70, 0x00, 0x00, 0x00, 0x28, 0xce, 0xff, 0xff, 0x40, 0x00, 0x00,
  0x00, 0x00, 0x00, 0x00, 0xaf, 0xfb, 0x00, 0x00, 0x00, 0x00, 0x00, 0x00, 0x01, 0xdf, 0xf9, 0x00,
  0x00, 0x00, 0x00, 0x00, 0x00, 0x02, 0xef, 0xf7, 0x00, 0x02, 0xff, 0xff, 0xff, 0xed, 0x93, 0x00,
  0x00, 0x2f, 0xff, 0xff, 0xff, 0xff, 0xf4, 0x00, 0x02, 0xff, 0xf9, 0x01, 0x5f, 0xff, 0xd0, 0x00,
  0x2f, 0xff, 0x90, 0x00, 0xbf, 0xff, 0x10, 0x02, 0xff, 0xf9, 0x00, 0x0a, 0xff, 0xf1, 0x00, 0x2f,
  0xff, 0x90, 0x00, 0xbf, 0xfe, 0x00, 0x02, 0xff, 0xf9, 0x01, 0x5f, 0xff, 0x70, 0x00, 0x2f, 0xff,
  0xff, 0xff, 0xfe, 0x60, 0x00, 0x02, 0xff, 0xff, 0xff, 0xff, 0xe6, 0x00, 0x00, 0x2f, 0xff, 0x90,
  0x2c, 0xff, 0xf5, 0x00, 0x02, 0xff, 0xf9, 0x00, 0x2f, 0xff, 0xd1, 0x00, 0x2f, 0xff, 0x90, 0x00,
  0x9f, 0xff, 0x60, 0x02, 0xff, 0xf9, 0x00, 0x02, 0xff, 0xfd, 0x00, 0x2f, 0xff, 0x90, 0x00, 0x0a,
  0xff, 0xf5, 0x02, 0xff, 0xf9, 0x00, 0x00, 0x3f, 0xff, 0xc0, 0x00, 0x04, 0xad, 0xfe, 0xec, 0xa8,
  0x00, 0x00, 0x7f, 0xff, 0xff, 0xff, 0xff, 0x00, 0x02, 0xff, 0xf9, 0x20, 0x27, 0xef, 0x00, 0x07,
  0xff, 0xe0, 0x00, 0x00, 0x19, 0x00, 0x08, 0xff, 0xe0, 0x00, 0x00, 0x00, 0x00, 0x06, 0xff, 0xfb,
  0x30, 0x00, 0x00, 0x00, 0x02, 0xff, 0xff, 0xff, 0xc8, 0x30, 0x00, 0x00, 0x6f, 0xff, 0xff, 0xff,
  0xfa, 0x00, 0x00, 0x02, 0x9d, 0xff, 0xff, 0xff, 0x80, 0x00, 0x00, 0x00, 0x15, 0xbf, 0xff, 0xd0,
  0x00, 0x00, 0x00, 0x00, 0x0d, 0xff, 0xe0, 0x06, 0x60, 0x00, 0x00, 0x0b, 0xff, 0xc0, 0x07, 0xfd,
  0x62, 0x01, 0x7f, 0xff, 0x80, 0x07, 0xff, 0xff, 0xff, 0xff, 0xfc, 0x10, 0x02, 0x6a, 0xcd, 0xef,
  0xeb, 0x60, 0x00, 0xef, 0xff, 0xff, 0xff, 0xff, 0xff, 0xf8, 0xef, 0xff, 0xff, 0xff, 0xff, 0xff,
  0xf8, 0x00, 0x00, 0x1f, 0xff, 0xb0, 0x00, 0x00, 0x00, 0x00, 0x1f, 0xff, 0xb0, 0x00, 0x00, 0x00,
  0x00, 0x1f, 0xff, 0xb0, 0x00, 0x00, 0x00, 0x00, 0x1f, 0xff, 0xb0, 0x00, 0x00, 0x00, 0x00, 0x1f,
  0xff, 0xb0, 0x00, 0x00, 0x00, 0x00, 0x1f, 0xff, 0xb0, 0x00, 0x00, 0x00, 0x00, 0x1f, 0xff, 0xb0,
  0x00, 0x00, 0x00, 0x00, 0x1f, 0xff, 0xb0, 0x00, 0x00, 0x00, 0x00, 0x1f, 0xff, 0xb0, 0x00, 0x00,
  0x00, 0x00, 0x1f, 0xff, 0xb0, 0x00, 0x00, 0x00, 0x00, 0x1f, 0xff, 0xb0, 0x00, 0x00, 0x00, 0x00,
  0x1f, 0xff, 0xb0, 0x00, 0x00, 0x00, 0x00, 0x1f, 0xff, 0xb0, 0x00, 0x00, 0x02, 0xff, 0xf9, 0x00,
  0x00, 0x5f, 0xff, 0x60, 0x02, 0xff, 0xf9, 0x00, 0x00, 0x5f, 0xff, 0x60, 0x02, 0xff, 0xf9, 0x00,
  0x00, 0x5f, 0xff, 0x60, 0x02, 0xff, 0xf9, 0x00, 0x00, 0x5f, 0xff, 0x60, 0x02, 0xff, 0xf9, 0x00,
  0x00, 0x5f, 0xff, 0x60, 0x02, 0xff, 0xf9, 0x00, 0x00, 0x5f, 0xff, 0x60, 0x02, 0xff, 0xf9, 0x00,
  0x00, 0x5f, 0xff, 0x60, 0x02, 0xff, 0xf9, 0x00, 0x00, 0x5f, 0xff, 0x60, 0x02, 0xff, 0xf9, 0x00,
  0x00, 0x5f, 0xff, 0x60, 0x02, 0xff, 0xf9, 0x00, 0x00, 0x6f, 0xff, 0x60, 0x01, 0xff, 0xfa, 0x00,
  0x00, 0x6f, 0xff, 0x50, 0x00, 0xdf, 0xfd, 0x00, 0x00, 0xaf, 0xff, 0x20, 0x00, 0x7f, 0xff, 0x92,
  0x16, 0xff, 0xfa, 0x00, 0x00, 0x0a, 0xff, 0xff, 0xff, 0xff, 0xc1, 0x00, 0x00, 0x00, 0x5a, 0xdf,
  0xfe, 0xb6, 0x00, 0x00, 0xbf, 0xff, 0x10, 0x00, 0x00, 0x09, 0xff, 0xf3, 0x6f, 0xff, 0x60, 0x00,
  0x00, 0x0e, 0xff, 0xd0, 0x1e, 0xff, 0xb0, 0x00, 0x00, 0x4f, 0xff, 0x70, 0x0a, 0xff, 0xf2, 0x00,
  0x00, 0x9f, 0xff, 0x20, 0x04, 0xff, 0xf7, 0x00, 0x00, 0xef, 0xfb, 0x00, 0x00, 0xef, 0xfc, 0x00,
  0x05, 0xff, 0xf6, 0x00, 0x00, 0x9f, 0xff, 0x20, 0x0a, 0xff, 0xf1, 0x00, 0x00, 0x3f, 0xff, 0x70,
  0x1e, 0xff, 0xa0, 0x00, 0x00, 0x0d, 0xff, 0xd0, 0x5f, 0xff, 0x50, 0x00, 0x00, 0x07, 0xff, 0xf3,
  0xbf, 0xfe, 0x00, 0x00, 0x00, 0x02, 0xff, 0xf9, 0xff, 0xf9, 0x00, 0x00, 0x00, 0x00, 0xbf, 0xff,
  0xff, 0xf4, 0x00, 0x00, 0x00, 0x00, 0x6f, 0xff, 0xff, 0xd0, 0x00, 0x00, 0x00, 0x00, 0x1f, 0xff,
  0xff, 0x80, 0x00, 0x00, 0x00, 0x00, 0x0a, 0xff, 0xff, 0x20, 0x00, 0x00, 0x4f, 0xff, 0x50, 0x00,
  0x0d, 0xff, 0xe0, 0x00, 0x04, 0xff, 0xf5, 0x1f, 0xff, 0x80, 0x00, 0x2f, 0xff, 0xf3, 0x00, 0x07,
  0xff, 0xf1, 0x0c, 0xff, 0xc0, 0x00, 0x5f, 0xff, 0xf6, 0x00, 0x0b, 0xff, 0xd0, 0x09, 0xff, 0xf0,
  0x00, 0x9f, 0xff, 0xfa, 0x00, 0x0e, 0xff, 0xa0, 0x06, 0xff, 0xf4, 0x00, 0xcf, 0xcc, 0xfd, 0x00,
  0x3f, 0xff, 0x60, 0x02, 0xff, 0xf7, 0x01, 0xff, 0x98, 0xff, 0x20, 0x6f, 0xff, 0x30, 0x00, 0xef,
  0xfb, 0x04, 0xff, 0x55, 0xff, 0x50, 0xaf, 0xfe, 0x00, 0x00, 0xaf, 0xfe, 0x08, 0xff, 0x21, 0xff,
  0x80, 0xdf, 0xfb, 0x00, 0x00, 0x7f, 0xff, 0x2b, 0xfd, 0x00, 0xdf, 0xc2, 0xff, 0xf7, 0x00, 0x00,
  0x3f, 0xff, 0x6e, 0xfa, 0x00, 0x9f, 0xf6, 0xff, 0xf4, 0x00, 0x00, 0x0e, 0xff, 0xcf, 0xf7, 0x00,
  0x6f, 0xfc, 0xff, 0xf1, 0x00, 0x00, 0x0b, 0xff, 0xff, 0xf3, 0x00, 0x2f, 0xff, 0xff, 0xc0, 0x00,
  0x00, 0x08, 0xff, 0xff, 0xe0, 0x00, 0x0e, 0xff, 0xff, 0x90, 0x00, 0x00, 0x04, 0xff, 0xff, 0xb0,
  0x00, 0x0a, 0xff, 0xff, 0x50, 0x00, 0x00, 0x01, 0xff, 0xff, 0x80, 0x00, 0x07, 0xff, 0xff, 0x20,
  0x00, 0x2e, 0xff, 0xc0, 0x00, 0x00, 0x7f, 0xff, 0x70, 0x06, 0xff, 0xf7, 0x00, 0x02, 0xef, 0xfc,
  0x00, 0x00, 0xbf, 0xff, 0x30, 0x0b, 0xff, 0xf3, 0x00, 0x00, 0x2e, 0xff, 0xc0, 0x6f, 0xff, 0x80,
  0x00, 0x00, 0x07, 0xff, 0xf9, 0xef, 0xfc, 0x00, 0x00, 0x00, 0x00, 0xcf, 0xff, 0xff, 0xf3, 0x00,
  0x00, 0x00, 0x00, 0x2f, 0xff, 0xff, 0x80, 0x00, 0x00, 0x00, 0x00, 0x0b, 0xff, 0xff, 0x20, 0x00,
  0x00, 0x00, 0x00, 0x5f, 0xff, 0xff, 0xb0, 0x00, 0x00, 0x00, 0x01, 0xef, 0xff, 0xff, 0xf6, 0x00,
  0x00, 0x00, 0x0a, 0xff, 0xf5, 0xdf, 0xfe, 0x20, 0x00, 0x00, 0x5f, 0xff, 0x90, 0x3f, 0xff, 0xb0,
  0x00, 0x01, 0xef, 0xfe, 0x10, 0x08, 0xff, 0xf5, 0x00, 0x0a, 0xff, 0xf5, 0x00, 0x01, 0xdf, 0xfe,
  0x10, 0x4f, 0xff, 0xa0, 0x00, 0x00, 0x3f, 0xff, 0xa0, 0x0d, 0xff, 0xf3, 0x00, 0x00, 0x0b, 0xff,
  0xf5, 0x04, 0xff, 0xfc, 0x00, 0x00, 0x6f, 0xff, 0xb0, 0x00, 0x9f, 0xff, 0x70, 0x01, 0xef, 0xfe,
  0x20, 0x00, 0x1e, 0xff, 0xe2, 0x09, 0xff, 0xf7, 0x00, 0x00, 0x05, 0xff, 0xfb, 0x4f, 0xff, 0xc0,
  0x00, 0x00, 0x00, 0xaf, 0xff, 0xef, 0xff, 0x30, 0x00, 0x00, 0x00, 0x2e, 0xff, 0xff, 0xf8, 0x00,
  0x00, 0x00, 0x00, 0x06, 0xff, 0xff, 0xd0, 0x00, 0x00, 0x00, 0x00, 0x00, 0xcf, 0xff, 0x40, 0x00,
  0x00, 0x00, 0x00, 0x00, 0xaf, 0xff, 0x20, 0x00, 0x00, 0x00, 0x00, 0x00, 0xaf, 0xff, 0x20, 0x00,
  0x00, 0x00, 0x00, 0x00, 0xaf, 0xff, 0x20, 0x00, 0x00, 0x00, 0x00, 0x00, 0xaf, 0xff, 0x20, 0x00,
  0x00, 0x00, 0x00, 0x00, 0xaf, 0xff, 0x20, 0x00, 0x00, 0x00, 0x00, 0x00, 0xaf, 0xff, 0x20, 0x00,
  0x00, 0x0d, 0xff, 0xff, 0xff, 0xff, 0xff, 0xf6, 0x00, 0xdf, 0xff, 0xff, 0xff, 0xff, 0xff, 0x60,
  0x00, 0x00, 0x00, 0x00, 0xaf, 0xff, 0xf4, 0x00, 0x00, 0x00, 0x00, 0x6f, 0xff, 0xfa, 0x00, 0x00,
  0x00, 0x00, 0x3f, 0xff, 0xfd, 0x10, 0x00, 0x00, 0x00, 0x1d, 0xff, 0xff, 0x30, 0x00, 0x00, 0x00,
  0x0a, 0xff, 0xff, 0x60, 0x00, 0x00, 0x00, 0x06, 0xff, 0xff, 0xa0, 0x00, 0x00, 0x00, 0x02, 0xef,
  0xff, 0xd1, 0x00, 0x00, 0x00, 0x01, 0xcf, 0xff, 0xf3, 0x00, 0x00, 0x00, 0x00, 0x9f, 0xff, 0xf6,
  0x00, 0x00, 0x00, 0x00, 0x5f, 0xff, 0xfa, 0x00, 0x00, 0x00, 0x00, 0x1e, 0xff, 0xfd, 0x10, 0x00,
  0x00, 0x00, 0x01, 0xff, 0xff, 0xff, 0xff, 0xff, 0xff, 0x90, 0x1f, 0xff, 0xff, 0xff, 0xff, 0xff,
  0xf9, 0x00, 0x04, 0xff, 0xff, 0xfc, 0x00, 0x4f, 0xff, 0xff, 0xc0, 0x04, 0xff, 0xf1, 0x00, 0x00,
  0x4f, 0xff, 0x10, 0x00, 0x04, 0xff, 0xf1, 0x00, 0x00, 0x4f, 0xff, 0x10, 0x00, 0x04, 0xff, 0xf1,
  0x00, 0x00, 0x4f, 0xff, 0x10, 0x00, 0x04, 0xff, 0xf1, 0x00, 0x00, 0x4f, 0xff, 0x10, 0x00, 0x04,
  0xff, 0xf1, 0x00, 0x00, 0x4f, 0xff, 0x10, 0x00, 0x04, 0xff, 0xf1, 0x00, 0x00, 0x4f, 0xff, 0x10,
  0x00, 0x04, 0xff, 0xf1, 0x00, 0x00, 0x4f, 0xff, 0x10, 0x00, 0x04, 0xff, 0xff, 0xfc, 0x00, 0x4f,
  0xff, 0xff, 0xc0, 0xdf, 0x50, 0x00, 0x00, 0x8f, 0xa0, 0x00, 0x00, 0x3f, 0xe0, 0x00, 0x00, 0x0d,
  0xf4, 0x00, 0x00, 0x08, 0xf9, 0x00, 0x00, 0x04, 0xfe, 0x00, 0x00, 0x00, 0xef, 0x40, 0x00, 0x00,
  0x9f, 0x90, 0x00, 0x00, 0x4f, 0xd0, 0x00, 0x00, 0x0e, 0xf3, 0x00, 0x00, 0x09, 0xf8, 0x00, 0x00,
  0x05, 0xfd, 0x00, 0x00, 0x00, 0xef, 0x30, 0x00, 0x00, 0xaf, 0x80, 0x00, 0x00, 0x5f, 0xc0, 0x00,
  0x00, 0x1f, 0xf2, 0x0a, 0xff, 0xff, 0xf6, 0x00, 0xaf, 0xff, 0xff, 0x60, 0x00, 0x00, 0xdf, 0xf6,
  0x00, 0x00, 0x0d, 0xff, 0x60, 0x00, 0x00, 0xdf, 0xf6, 0x00, 0x00, 0x0d, 0xff, 0x60, 0x00, 0x00,
  0xdf, 0xf6, 0x00, 0x00, 0x0d, 0xff, 0x60, 0x00, 0x00, 0xdf, 0xf6, 0x00, 0x00, 0x0d, 0xff, 0x60,
  0x00, 0x00, 0xdf, 0xf6, 0x00, 0x00, 0x0d, 0xff, 0x60, 0x00, 0x00, 0xdf, 0xf6, 0x00, 0x00, 0x0d,
  0xff, 0x60, 0x00, 0x00, 0xdf, 0xf6, 0x00, 0x00, 0x0d, 0xff, 0x60, 0x0a, 0xff, 0xff, 0xf6, 0x00,
  0xaf, 0xff, 0xff, 0x60, 0x00, 0x00, 0x00, 0x5f, 0xfe, 0x30, 0x00, 0x00, 0x00, 0x00, 0x00, 0x6f,
  0xff, 0xfe, 0x30, 0x00, 0x00, 0x00, 0x00, 0x6f, 0xfd, 0x7e, 0xfe, 0x30, 0x00, 0x00, 0x00, 0x7f,
  0xf8, 0x10, 0x2b, 0xfe, 0x40, 0x00, 0x00, 0x7f, 0xd4, 0x00, 0x00, 0x06, 0xee, 0x40, 0x00, 0x00,
  0x00, 0x00, 0x00, 0x00, 0x00, 0x00, 0x00, 0x00, 0x00, 0x00, 0x00, 0x00, 0x00, 0x00, 0x00, 0x00,
  0x00, 0x00, 0x00, 0x00, 0x00, 0x00, 0x00, 0x00, 0x00, 0x00, 0x00, 0x00, 0x00, 0x00, 0x00, 0x00,
  0x00, 0x00, 0x00, 0x00, 0x00, 0x00, 0x00, 0x00, 0x00, 0x00, 0x00, 0x00, 0x00, 0x00, 0x00, 0x00,
  0x00, 0x00, 0x00, 0x00, 0x00, 0x00, 0x00, 0x00, 0x00, 0x00, 0x00, 0x00, 0x00, 0x00, 0x00, 0x00,
  0x00, 0x00, 0x00, 0x00, 0x00, 0x00, 0x00, 0x00, 0x00, 0x00, 0x00, 0x00, 0x00, 0x00, 0x00, 0x00,
  0x00, 0x00, 0x00, 0x00, 0x00, 0x00, 0x00, 0x00, 0x00, 0x00, 0x00, 0x00, 0x00, 0x00, 0x00, 0x00,
  0x00, 0x00, 0x00, 0xff, 0xff, 0xff, 0xff, 0xff, 0xff, 0xff, 0xff, 0xff, 0xff, 0x09, 0xfe, 0x10,
  0x00, 0x00, 0x00, 0xbf, 0xb0, 0x00, 0x00, 0x00, 0x1c, 0xf6, 0x00, 0x00, 0x00, 0x01, 0xde, 0x20,
  0x00, 0x00, 0x00, 0x00, 0x00, 0x00, 0x00, 0x00, 0x00, 0x00, 0x00, 0x00, 0x00, 0x00, 0x00, 0x00,
  0x00, 0x00, 0x00, 0x00, 0x00, 0x00, 0x00, 0x00, 0x00, 0x00, 0x00, 0x00, 0x00, 0x00, 0x00, 0x00,
  0x00, 0x00, 0x00, 0x00, 0x00, 0x00, 0x00, 0x00, 0x00, 0x00, 0x00, 0x00, 0x00, 0x00, 0x00, 0x00,
  0x00, 0x00, 0x00, 0x00, 0x00, 0x00, 0x00, 0x00, 0x00, 0x00, 0x00, 0x00, 0x00, 0x03, 0xff, 0xff,
  0xfe, 0xc7, 0x10, 0x00, 0x03, 0xff, 0xff, 0xff, 0xff, 0xd1, 0x00, 0x00, 0x00, 0x00, 0x14, 0xef,
  0xf8, 0x00, 0x00, 0x00, 0x00, 0x00, 0x9f, 0xfc, 0x00, 0x00, 0x4a, 0xde, 0xff, 0xff, 0xfe, 0x00,
  0x07, 0xff, 0xff, 0xff, 0xff, 0xfe, 0x00, 0x0e, 0xff, 0xc3, 0x00, 0x9f, 0xfe, 0x00, 0x2f, 0xff,
  0x70, 0x00, 0xdf, 0xfe, 0x00, 0x1f, 0xff, 0xb2, 0x19, 0xff, 0xfe, 0x00, 0x08, 0xff, 0xff, 0xfd,
  0xaf, 0xfe, 0x00, 0x00, 0x6c, 0xee, 0xa2, 0x9f, 0xfe, 0x00, 0x05, 0xff, 0xf3, 0x00, 0x00, 0x00,
  0x00, 0x05, 0xff, 0xf3, 0x00, 0x00, 0x00, 0x00, 0x05, 0xff, 0xf3, 0x00, 0x00, 0x00, 0x00, 0x05,
  0xff, 0xf3, 0x00, 0x00, 0x00, 0x00, 0x05, 0xff, 0xf3, 0x5c, 0xee, 0xa2, 0x00, 0x05, 0xff, 0xf9,
  0xff, 0xff, 0xfe, 0x20, 0x05, 0xff, 0xfe, 0x51, 0x5e, 0xff, 0xb0, 0x05, 0xff, 0xf8, 0x00, 0x08,
  0xff, 0xf2, 0x05, 0xff, 0xf4, 0x00, 0x04, 0xff, 0xf5, 0x05, 0xff, 0xf3, 0x00, 0x03, 0xff, 0xf6,
  0x05, 0xff, 0xf4, 0x00, 0x04, 0xff, 0xf5, 0x05, 0xff, 0xf8, 0x00, 0x08, 0xff, 0xf2, 0x05, 0xff,
  0xfe, 0x51, 0x5e, 0xff, 0xb0, 0x05, 0xff, 0xf9, 0xff, 0xff, 0xfe, 0x20, 0x05, 0xff, 0xf3, 0x5c,
  0xee, 0xa2, 0x00, 0x00, 0x03, 0x9d, 0xee, 0xc7, 0x10, 0x00, 0x7f, 0xff, 0xff, 0xff, 0x80, 0x05,
  0xff, 0xfc, 0x31, 0x27, 0x70, 0x0c, 0xff, 0xe1, 0x00, 0x00, 0x00, 0x1f, 0xff, 0xa0, 0x00, 0x00,
  0x00, 0x2f, 0xff, 0x80, 0x00, 0x00, 0x00, 0x1f, 0xff, 0xa0, 0x00, 0x00, 0x00, 0x0c, 0xff, 0xe1,
  0x00, 0x00, 0x00, 0x05, 0xff, 0xfc, 0x31, 0x27, 0x70, 0x00, 0x7f, 0xff, 0xff, 0xff, 0x80, 0x00,
  0x03, 0x9d, 0xee, 0xc7, 0x10, 0x00, 0x00, 0x00, 0x00, 0x0d, 0xff, 0xa0, 0x00, 0x00, 0x00, 0x00,
  0x0d, 0xff, 0xa0, 0x00, 0x00, 0x00, 0x00, 0x0d, 0xff, 0xa0, 0x00, 0x00, 0x00, 0x00, 0x0d, 0xff,
  0xa0, 0x00, 0x07, 0xdf, 0xd7, 0x0d, 0xff, 0xa0, 0x00, 0xbf, 0xff, 0xff, 0xad, 0xff, 0xa0, 0x06,
  0xff, 0xf8, 0x13, 0xcf, 0xff, 0xa0, 0x0c, 0xff, 0xd0, 0x00, 0x3f, 0xff, 0xa0, 0x0f, 0xff, 0x90,
  0x00, 0x0f, 0xff, 0xa0, 0x1f, 0xff, 0x80, 0x00, 0x0e, 0xff, 0xa0, 0x0f, 0xff, 0x90, 0x00, 0x0f,
  0xff, 0xa0, 0x0c, 0xff, 0xd0, 0x00, 0x3f, 0xff, 0xa0, 0x06, 0xff, 0xf8, 0x12, 0xcf, 0xff, 0xa0,
  0x00, 0xbf, 0xff, 0xff, 0xad, 0xff, 0xa0, 0x00, 0x07, 0xdf, 0xd7, 0x0d, 0xff, 0xa0, 0x00, 0x03,
  0xad, 0xfe, 0xc8, 0x10, 0x00, 0x00, 0x8f, 0xff, 0xff, 0xff, 0xe3, 0x00, 0x05, 0xff, 0xf6, 0x12,
  0xaf, 0xfd, 0x10, 0x0c, 0xff, 0xa0, 0x00, 0x1f, 0xff, 0x50, 0x1f, 0xff, 0xff, 0xff, 0xff, 0xff,
  0x80, 0x2f, 0xff, 0xff, 0xff, 0xff, 0xff, 0x90, 0x1f, 0xff, 0x80, 0x00, 0x00, 0x00, 0x00, 0x0c,
  0xff, 0xc0, 0x00, 0x00, 0x00, 0x00, 0x05, 0xff, 0xfa, 0x20, 0x24, 0x7c, 0x10, 0x00, 0x8f, 0xff,
  0xff, 0xff, 0xff, 0x10, 0x00, 0x03, 0x9d, 0xee, 0xdb, 0x73, 0x00, 0x00, 0x06, 0xce, 0xff, 0xd0,
  0x06, 0xff, 0xff, 0xfd, 0x00, 0xbf, 0xfc, 0x10, 0x00, 0x0d, 0xff, 0x90, 0x00, 0x9f, 0xff, 0xff,
  0xff, 0x99, 0xff, 0xff, 0xff, 0xf9, 0x00, 0xdf, 0xf9, 0x00, 0x00, 0x0d, 0xff, 0x90, 0x00, 0x00,
  0xdf, 0xf9, 0x00, 0x00, 0x0d, 0xff, 0x90, 0x00, 0x00, 0xdf, 0xf9, 0x00, 0x00, 0x0d, 0xff, 0x90,
  0x00, 0x00, 0xdf, 0xf9, 0x00, 0x00, 0x0d, 0xff, 0x90, 0x00, 0x00, 0xdf, 0xf9, 0x00, 0x00, 0x00,
  0x07, 0xdf, 0xd7, 0x0d, 0xff, 0xa0, 0x00, 0xbf, 0xff, 0xff, 0xad, 0xff, 0xa0, 0x06, 0xff, 0xf9,
  0x13, 0xdf, 0xff, 0xa0, 0x0c, 0xff, 0xd0, 0x00, 0x4f, 0xff, 0xa0, 0x0f, 0xff, 0x90, 0x00, 0x0f,
  0xff, 0xa0, 0x1f, 0xff, 0x80, 0x00, 0x0e, 0xff, 0xa0, 0x0f, 0xff, 0x90, 0x00, 0x0f, 0xff, 0xa0,
  0x0c, 0xff, 0xd0, 0x00, 0x4f, 0xff, 0xa0, 0x06, 0xff, 0xf8, 0x13, 0xcf, 0xff, 0xa0, 0x00, 0xbf,
  0xff, 0xff, 0xad, 0xff, 0xa0, 0x00, 0x07, 0xdf, 0xd7, 0x0f, 0xff, 0x90, 0x00, 0x00, 0x00, 0x00,
  0x4f, 0xff, 0x60, 0x00, 0xa7, 0x31, 0x15, 0xdf, 0xfe, 0x10, 0x00, 0xcf, 0xff, 0xff, 0xff, 0xe3,
  0x00, 0x00, 0x27, 0xce, 0xfe, 0xb7, 0x10, 0x00, 0x05, 0xff, 0xf3, 0x00, 0x00, 0x00, 0x00, 0x05,
  0xff, 0xf3, 0x00, 0x00, 0x00, 0x00, 0x05, 0xff, 0xf3, 0x00, 0x00, 0x00, 0x00, 0x05, 0xff, 0xf3,
  0x00, 0x00, 0x00, 0x00, 0x05, 0xff, 0xf3, 0x4b, 0xee, 0xb3, 0x00, 0x05, 0xff, 0xf8, 0xff, 0xff,
  0xfe, 0x10, 0x05, 0xff, 0xfe, 0x51, 0x7f, 0xff, 0x70, 0x05, 0xff, 0xf8, 0x00, 0x0e, 0xff, 0x90,
  0x05, 0xff, 0xf4, 0x00, 0x0d, 0xff, 0xa0, 0x05, 0xff, 0xf3, 0x00, 0x0d, 0xff, 0xa0, 0x05, 0xff,
  0xf3, 0x00, 0x0d, 0xff, 0xa0, 0x05, 0xff, 0xf3, 0x00, 0x0d, 0xff, 0xa0, 0x05, 0xff, 0xf3, 0x00,
  0x0d, 0xff, 0xa0, 0x05, 0xff, 0xf3, 0x00, 0x0d, 0xff, 0xa0, 0x05, 0xff, 0xf3, 0x00, 0x0d, 0xff,
  0xa0, 0x05, 0xff, 0xf3, 0x00, 0x5f, 0xff, 0x30, 0x05, 0xff, 0xf3, 0x00, 0x00, 0x00, 0x00, 0x05,
  0xff, 0xf3, 0x00, 0x5f, 0xff, 0x30, 0x05, 0xff, 0xf3, 0x00, 0x5f, 0xff, 0x30, 0x05, 0xff, 0xf3,
  0x00, 0x5f, 0xff, 0x30, 0x05, 0xff, 0xf3, 0x00, 0x5f, 0xff, 0x30, 0x05, 0xff, 0xf3, 0x00, 0x5f,
  0xff, 0x30, 0x05, 0xff, 0xf3, 0x00, 0x00, 0x5f, 0xff, 0x30, 0x00, 0x5f, 0xff, 0x30, 0x00, 0x5f,
  0xff, 0x30, 0x00, 0x00, 0x00, 0x00, 0x00, 0x5f, 0xff, 0x30, 0x00, 0x5f, 0xff, 0x30, 0x00, 0x5f,
  0xff, 0x30, 0x00, 0x5f, 0xff, 0x30, 0x00, 0x5f, 0xff, 0x30, 0x00, 0x5f, 0xff, 0x30, 0x00, 0x5f,
  0xff, 0x30, 0x00, 0x5f, 0xff, 0x30, 0x00, 0x5f, 0xff, 0x30, 0x00, 0x5f, 0xff, 0x30, 0x00, 0x5f,
  0xff, 0x30, 0x00, 0x6f, 0xff, 0x20, 0x01, 0xbf, 0xfe, 0x00, 0xaf, 0xff, 0xf6, 0x00, 0xaf, 0xfc,
  0x60, 0x00, 0x05, 0xff, 0xf3, 0x00, 0x00, 0x00, 0x00, 0x05, 0xff, 0xf3, 0x00, 0x00, 0x00, 0x00,
  0x05, 0xff, 0xf3, 0x00, 0x00, 0x00, 0x00, 0x05, 0xff, 0xf3, 0x00, 0x00, 0x00, 0x00, 0x05, 0xff,
  0xf3, 0x00, 0x5f, 0xff, 0xb0, 0x05, 0xff, 0xf3, 0x05, 0xff, 0xfa, 0x00, 0x05, 0xff, 0xf3, 0x5f,
  0xff, 0x90, 0x00, 0x05, 0xff, 0xf7, 0xff, 0xf8, 0x00, 0x00, 0x05, 0xff, 0xff, 0xff, 0x80, 0x00,
  0x00, 0x05, 0xff, 0xff, 0xff, 0x60, 0x00, 0x00, 0x05, 0xff, 0xfd, 0xff, 0xf5, 0x00, 0x00, 0x05,
  0xff, 0xf3, 0xcf, 0xff, 0x50, 0x00, 0x05, 0xff, 0xf3, 0x1c, 0xff, 0xf4, 0x00, 0x05, 0xff, 0xf3,
  0x01, 0xdf, 0xff, 0x40, 0x05, 0xff, 0xf3, 0x00, 0x2d, 0xff, 0xe4, 0x05, 0xff, 0xf3, 0x00, 0x5f,
  0xff, 0x30, 0x05, 0xff, 0xf3, 0x00, 0x5f, 0xff, 0x30, 0x05, 0xff, 0xf3, 0x00, 0x5f, 0xff, 0x30,
  0x05, 0xff, 0xf3, 0x00, 0x5f, 0xff, 0x30, 0x05, 0xff, 0xf3, 0x00, 0x5f, 0xff, 0x30, 0x05, 0xff,
  0xf3, 0x00, 0x5f, 0xff, 0x30, 0x05, 0xff, 0xf3, 0x00, 0x5f, 0xff, 0x30, 0x05, 0xff, 0xf3, 0x00,
  0x05, 0xff, 0xf3, 0x5c, 0xfd, 0x60, 0x08, 0xdf, 0xd8, 0x00, 0x00, 0x5f, 0xff, 0x9f, 0xff, 0xff,
  0x7b, 0xff, 0xff, 0xf8, 0x00, 0x05, 0xff, 0xfe, 0x41, 0xbf, 0xff, 0xe4, 0x1a, 0xff, 0xf1, 0x00,
  0x5f, 0xff, 0x70, 0x06, 0xff, 0xf8, 0x00, 0x5f, 0xff, 0x30, 0x05, 0xff, 0xf4, 0x00, 0x5f, 0xff,
  0x50, 0x04, 0xff, 0xf4, 0x00, 0x5f, 0xff, 0x30, 0x04, 0xff, 0xf3, 0x00, 0x4f, 0xff, 0x40, 0x05,
  0xff, 0xf3, 0x00, 0x4f, 0xff, 0x30, 0x04, 0xff, 0xf4, 0x00, 0x5f, 0xff, 0x30, 0x04, 0xff, 0xf3,
  0x00, 0x4f, 0xff, 0x40, 0x05, 0xff, 0xf3, 0x00, 0x4f, 0xff, 0x30, 0x04, 0xff, 0xf4, 0x00, 0x5f,
  0xff, 0x30, 0x04, 0xff, 0xf3, 0x00, 0x4f, 0xff, 0x40, 0x05, 0xff, 0xf3, 0x00, 0x4f, 0xff, 0x30,
  0x04, 0xff, 0xf4, 0x00, 0x05, 0xff, 0xf3, 0x4b, 0xee, 0xb3, 0x00, 0x05, 0xff, 0xf8, 0xff, 0xff,
  0xfe, 0x10, 0x05, 0xff, 0xfe, 0x51, 0x7f, 0xff, 0x70, 0x05, 0xff, 0xf8, 0x00, 0x0e, 0xff, 0x90,
  0x05, 0xff, 0xf4, 0x00, 0x0d, 0xff, 0xa0, 0x05, 0xff, 0xf3, 0x00, 0x0d, 0xff, 0xa0, 0x05, 0xff,
  0xf3, 0x00, 0x0d, 0xff, 0xa0, 0x05, 0xff, 0xf3, 0x00, 0x0d, 0xff, 0xa0, 0x05, 0xff, 0xf3, 0x00,
  0x0d, 0xff, 0xa0, 0x05, 0xff, 0xf3, 0x00, 0x0d, 0xff, 0xa0, 0x05, 0xff, 0xf3, 0x00, 0x0d, 0xff,
  0xa0, 0x00, 0x04, 0xad, 0xfe, 0xd8, 0x20, 0x00, 0x00, 0x8f, 0xff, 0xff, 0xff, 0xe5, 0x00, 0x05,
  0xff, 0xf8, 0x12, 0xbf, 0xfe, 0x20, 0x0c, 0xff, 0xd0, 0x00, 0x2f, 0xff, 0x80, 0x1f, 0xff, 0x90,
  0x00, 0x0d, 0xff, 0xc0, 0x2f, 0xff, 0x80, 0x00, 0x0c, 0xff, 0xd0, 0x1f, 0xff, 0x90, 0x00, 0x0d,
  0xff, 0xc0, 0x0c, 0xff, 0xd0, 0x00, 0x2f, 0xff, 0x80, 0x05, 0xff, 0xf8, 0x12, 0xbf, 0xff, 0x20,
  0x00, 0x8f, 0xff, 0xff, 0xff, 0xe5, 0x00, 0x00, 0x04, 0xad, 0xfe, 0xd9, 0x20, 0x00, 0x05, 0xff,
  0xf3, 0x5c, 0xee, 0xa2, 0x00, 0x05, 0xff, 0xf9, 0xff, 0xff, 0xfe, 0x20, 0x05, 0xff, 0xfe, 0x51,
  0x5e, 0xff, 0xb0, 0x05, 0xff, 0xf8, 0x00, 0x08, 0xff, 0xf2, 0x05, 0xff, 0xf4, 0x00, 0x04, 0xff,
  0xf5, 0x05, 0xff, 0xf3, 0x00, 0x03, 0xff, 0xf6, 0x05, 0xff, 0xf4, 0x00, 0x04, 0xff, 0xf5, 0x05,
  0xff, 0xf8, 0x00, 0x08, 0xff, 0xf2, 0x05, 0xff, 0xfe, 0x51, 0x5e, 0xff, 0xb0, 0x05, 0xff, 0xf9,
  0xff, 0xff, 0xfe, 0x20, 0x05, 0xff, 0xf3, 0x5c, 0xee, 0xa2, 0x00, 0x05, 0xff, 0xf3, 0x00, 0x00,
  0x00, 0x00, 0x05, 0xff, 0xf3, 0x00, 0x00, 0x00, 0x00, 0x05, 0xff, 0xf3, 0x00, 0x00, 0x00, 0x00,
  0x05, 0xff, 0xf3, 0x00, 0x00, 0x00, 0x00, 0x00, 0x07, 0xdf, 0xd7, 0x0d, 0xff, 0xa0, 0x00, 0xbf,
  0xff, 0xff, 0xad, 0xff, 0xa0, 0x06, 0xff, 0xf8, 0x13, 0xcf, 0xff, 0xa0, 0x0c, 0xff, 0xd0, 0x00,
  0x3f, 0xff, 0xa0, 0x0f, 0xff, 0x90, 0x00, 0x0f, 0xff, 0xa0, 0x1f, 0xff, 0x80, 0x00, 0x0e, 0xff,
  0xa0, 0x0f, 0xff, 0x90, 0x00, 0x0f, 0xff, 0xa0, 0x0c, 0xff, 0xd0, 0x00, 0x3f, 0xff, 0xa0, 0x06,
  0xff, 0xf8, 0x12, 0xcf, 0xff, 0xa0, 0x00, 0xbf, 0xff, 0xff, 0xad, 0xff, 0xa0, 0x00, 0x07, 0xdf,
  0xd7, 0x0d, 0xff, 0xa0, 0x00, 0x00, 0x00, 0x00, 0x0d, 0xff, 0xa0, 0x00, 0x00, 0x00, 0x00, 0x0d,
  0xff, 0xa0, 0x00, 0x00, 0x00, 0x00, 0x0d, 0xff, 0xa0, 0x00, 0x00, 0x00, 0x00, 0x0d, 0xff, 0xa0,
  0x05, 0xff, 0xf3, 0x5c, 0xec, 0x05, 0xff, 0xf9, 0xff, 0xfc, 0x05, 0xff, 0xff, 0x61, 0x00, 0x05,
  0xff, 0xf8, 0x00, 0x00, 0x05, 0xff, 0xf4, 0x00, 0x00, 0x05, 0xff, 0xf3, 0x00, 0x00, 0x05, 0xff,
  0xf3, 0x00, 0x00, 0x05, 0xff, 0xf3, 0x00, 0x00, 0x05, 0xff, 0xf3, 0x00, 0x00, 0x05, 0xff, 0xf3,
  0x00, 0x00, 0x05, 0xff, 0xf3, 0x00, 0x00, 0x00, 0x5b, 0xef, 0xec, 0x94, 0x00, 0x06, 0xff, 0xff,
  0xff, 0xff, 0x30, 0x0d, 0xff, 0x71, 0x13, 0x6b, 0x30, 0x0e, 0xff, 0x60, 0x00, 0x00, 0x00, 0x0b,
  0xff, 0xfe, 0xca, 0x61, 0x00, 0x03, 0xef, 0xff, 0xff, 0xfe, 0x30, 0x00, 0x16, 0x9c, 0xef, 0xff,
  0xb0, 0x00, 0x00, 0x00, 0x08, 0xff, 0xe0, 0x0a, 0x84, 0x20, 0x2a, 0xff, 0xc0, 0x0c, 0xff, 0xff,
  0xff, 0xff, 0x50, 0x02, 0x6b, 0xde, 0xfd, 0xa3, 0x00, 0x00, 0xff, 0xf8, 0x00, 0x00, 0x00, 0xff,
  0xf8, 0x00, 0x00, 0x00, 0xff, 0xf8, 0x00, 0x00, 0xbf, 0xff, 0xff, 0xff, 0xf2, 0xbf, 0xff, 0xff,
  0xff, 0xf2, 0x00, 0xff, 0xf8, 0x00, 0x00, 0x00, 0xff, 0xf8, 0x00, 0x00, 0x00, 0xff, 0xf8, 0x00,
  0x00, 0x00, 0xff, 0xf8, 0x00, 0x00, 0x00, 0xff, 0xf8, 0x00, 0x00, 0x00, 0xff, 0xf8, 0x00, 0x00,
  0x00, 0xef, 0xfb, 0x10, 0x00, 0x00, 0x9f, 0xff, 0xff, 0xc0, 0x00, 0x19, 0xdf, 0xff, 0xc0, 0x07,
  0xff, 0xf1, 0x00, 0x0e, 0xff, 0x80, 0x07, 0xff, 0xf1, 0x00, 0x0e, 0xff, 0x80, 0x07, 0xff, 0xf1,
  0x00, 0x0e, 0xff, 0x80, 0x07, 0xff, 0xf1, 0x00, 0x0e, 0xff, 0x80, 0x07, 0xff, 0xf1, 0x00, 0x0e,
  0xff, 0x80, 0x07, 0xff, 0xf1, 0x00, 0x0e, 0xff, 0x80, 0x07, 0xff, 0xf1, 0x00, 0x0f, 0xff, 0x80,
  0x06, 0xff, 0xf2, 0x00, 0x4f, 0xff, 0x80, 0x03, 0xff, 0xf9, 0x13, 0xdf, 0xff, 0x80, 0x00, 0xbf,
  0xff, 0xff, 0x9e, 0xff, 0x80, 0x00, 0x19, 0xef, 0xd6, 0x0e, 0xff, 0x80, 0x8f, 0xfe, 0x00, 0x00,
  0x0e, 0xff, 0x82, 0xff, 0xf5, 0x00, 0x04, 0xff, 0xf2, 0x0b, 0xff, 0xa0, 0x00, 0xaf, 0xfc, 0x00,
  0x5f, 0xff, 0x10, 0x1e, 0xff, 0x60, 0x00, 0xef, 0xf6, 0x05, 0xff, 0xe1, 0x00, 0x08, 0xff, 0xc0,
  0xbf, 0xf9, 0x00, 0x00, 0x2f, 0xff, 0x3f, 0xff, 0x30, 0x00, 0x00, 0xcf, 0xfd, 0xff, 0xc0, 0x00,
  0x00, 0x06, 0xff, 0xff, 0xf6, 0x00, 0x00, 0x00, 0x1e, 0xff, 0xfe, 0x10, 0x00, 0x00, 0x00, 0x9f,
  0xff, 0xa0, 0x00, 0x00, 0x3f, 0xff, 0x30, 0x05, 0xff, 0xc0, 0x00, 0xbf, 0xfa, 0x0e, 0xff, 0x70,
  0x09, 0xff, 0xf1, 0x00, 0xef, 0xf6, 0x0a, 0xff, 0xb0, 0x0c, 0xff, 0xf5, 0x03, 0xff, 0xf2, 0x06,
  0xff, 0xe0, 0x1f, 0xfe, 0xf8, 0x07, 0xff, 0xd0, 0x02, 0xff, 0xf3, 0x5f, 0xe8, 0xfc, 0x0b, 0xff,
  0x90, 0x00, 0xdf, 0xf7, 0x8f, 0xb4, 0xff, 0x1e, 0xff, 0x50, 0x00, 0x9f, 0xfa, 0xcf, 0x71, 0xff,
  0x8f, 0xff, 0x10, 0x00, 0x5f, 0xfe, 0xff, 0x40, 0xcf, 0xef, 0xfc, 0x00, 0x00, 0x1f, 0xff, 0xff,
  0x10, 0x8f, 0xff, 0xf8, 0x00, 0x00, 0x0c, 0xff, 0xfc, 0x00, 0x4f, 0xff, 0xf4, 0x00, 0x00, 0x08,
  0xff, 0xf8, 0x00, 0x1f, 0xff, 0xf1, 0x00, 0x3e, 0xff, 0x80, 0x00, 0xaf, 0xfe, 0x20, 0x6f, 0xff,
  0x40, 0x5f, 0xff, 0x50, 0x00, 0xaf, 0xfd, 0x2e, 0xff, 0x80, 0x00, 0x01, 0xdf, 0xfe, 0xff, 0xc0,
  0x00, 0x00, 0x03, 0xff, 0xff, 0xe2, 0x00, 0x00, 0x00, 0x0b, 0xff, 0xfa, 0x00, 0x00, 0x00, 0x06,
  0xff, 0xff, 0xf4, 0x00, 0x00, 0x02, 0xef, 0xfd, 0xff, 0xe2, 0x00, 0x01, 0xcf, 0xfb, 0x1d, 0xff,
  0xb0, 0x00, 0x9f, 0xfe, 0x20, 0x3f, 0xff, 0x70, 0x5f, 0xff, 0x50, 0x00, 0x7f, 0xff, 0x40, 0x8f,
  0xfe, 0x00, 0x00, 0x0e, 0xff, 0x72, 0xff, 0xf5, 0x00, 0x05, 0xff, 0xf2, 0x0a, 0xff, 0xb0, 0x00,
  0xaf, 0xfb, 0x00, 0x4f, 0xff, 0x20, 0x0e, 0xff, 0x50, 0x00, 0xcf, 0xf8, 0x05, 0xff, 0xe0, 0x00,
  0x06, 0xff, 0xd0, 0xaf, 0xf9, 0x00, 0x00, 0x1e, 0xff, 0x5e, 0xff, 0x30, 0x00, 0x00, 0x8f, 0xfe,
  0xff, 0xc0, 0x00, 0x00, 0x02, 0xff, 0xff, 0xf6, 0x00, 0x00, 0x00, 0x0a, 0xff, 0xff, 0x10, 0x00,
  0x00, 0x00, 0x4f, 0xff, 0xa0, 0x00, 0x00, 0x00, 0x00, 0xef, 0xf4, 0x00, 0x00, 0x00, 0x01, 0x7f,
  0xfc, 0x00, 0x00, 0x00, 0x0f, 0xff, 0xff, 0x40, 0x00, 0x00, 0x00, 0xff, 0xeb, 0x40, 0x00, 0x00,
  0x00, 0x0d, 0xff, 0xff, 0xff, 0xff, 0xa0, 0x0d, 0xff, 0xff, 0xff, 0xff, 0xa0, 0x00, 0x00, 0x00,
  0xbf, 0xff, 0x90, 0x00, 0x00, 0x0a, 0xff, 0xfc, 0x10, 0x00, 0x00, 0x9f, 0xff, 0xd2, 0x00, 0x00,
  0x07, 0xff, 0xfe, 0x20, 0x00, 0x00, 0x6f, 0xff, 0xe3, 0x00, 0x00, 0x05, 0xff, 0xff, 0x40, 0x00,
  0x00, 0x1e, 0xff, 0xf6, 0x00, 0x00, 0x00, 0x1f, 0xff, 0xff, 0xff, 0xff, 0xa0, 0x1f, 0xff, 0xff,
  0xff, 0xff, 0xa0, 0x00, 0x00, 0x00, 0x3a, 0xef, 0xfb, 0x00, 0x00, 0x00, 0x01, 0xef, 0xff, 0xfb,
  0x00, 0x00, 0x00, 0x05, 0xff, 0xf6, 0x10, 0x00, 0x00, 0x00, 0x07, 0xff, 0xe0, 0x00, 0x00, 0x00,
  0x00, 0x07, 0xff, 0xd0, 0x00, 0x00, 0x00, 0x00, 0x07, 0xff, 0xd0, 0x00, 0x00, 0x00, 0x00, 0x09,
  0xff, 0xc0, 0x00, 0x00, 0x00, 0x01, 0x4e, 0xff, 0x90, 0x00, 0x00, 0x00, 0x8f, 0xff, 0xfb, 0x10,
  0x00, 0x00, 0x00, 0x8f, 0xff, 0xfc, 0x20, 0x00, 0x00, 0x00, 0x01, 0x5e, 0xff, 0xa0, 0x00, 0x00,
  0x00, 0x00, 0x09, 0xff, 0xc0, 0x00, 0x00, 0x00, 0x00, 0x07, 0xff, 0xd0, 0x00, 0x00, 0x00, 0x00,
  0x07, 0xff, 0xd0, 0x00, 0x00, 0x00, 0x00, 0x07, 0xff, 0xe0, 0x00, 0x00, 0x00, 0x00, 0x05, 0xff,
  0xf6, 0x10, 0x00, 0x00, 0x00, 0x01, 0xef, 0xff, 0xfb, 0x00, 0x00, 0x00, 0x00, 0x3a, 0xef, 0xfb,
  0x00, 0x00, 0x7f, 0xb0, 0x00, 0x07, 0xfb, 0x00, 0x00, 0x7f, 0xb0, 0x00, 0x07, 0xfb, 0x00, 0x00,
  0x7f, 0xb0, 0x00, 0x07, 0xfb, 0x00, 0x00, 0x7f, 0xb0, 0x00, 0x07, 0xfb, 0x00, 0x00, 0x7f, 0xb0,
  0x00, 0x07, 0xfb, 0x00, 0x00, 0x7f, 0xb0, 0x00, 0x07, 0xfb, 0x00, 0x00, 0x7f, 0xb0, 0x00, 0x07,
  0xfb, 0x00, 0x00, 0x7f, 0xb0, 0x00, 0x07, 0xfb, 0x00, 0x00, 0x7f, 0xb0, 0x00, 0x07, 0xfb, 0x00,
  0x00, 0x7f, 0xb0, 0x00, 0x07, 0xfb, 0x00, 0x00, 0x8f, 0xfe, 0xb5, 0x00, 0x00, 0x00, 0x00, 0x8f,
  0xff, 0xff, 0x30, 0x00, 0x00, 0x00, 0x00, 0x3e, 0xff, 0x80, 0x00, 0x00, 0x00, 0x00, 0x0a, 0xff,
  0xa0, 0x00, 0x00, 0x00, 0x00, 0x09, 0xff, 0xb0, 0x00, 0x00, 0x00, 0x00, 0x09, 0xff, 0xb0, 0x00,
  0x00, 0x00, 0x00, 0x09, 0xff, 0xd0, 0x00, 0x00, 0x00, 0x00, 0x06, 0xff, 0xf7, 0x10, 0x00, 0x00,
  0x00, 0x00, 0x9e, 0xff, 0xfb, 0x00, 0x00, 0x00, 0x01, 0xaf, 0xff, 0xfb, 0x00, 0x00, 0x00, 0x06,
  0xff, 0xf7, 0x10, 0x00, 0x00, 0x00, 0x09, 0xff, 0xd0, 0x00, 0x00, 0x00, 0x00, 0x09, 0xff, 0xb0,
  0x00, 0x00, 0x00, 0x00, 0x09, 0xff, 0xb0, 0x00, 0x00, 0x00, 0x00, 0x0a, 0xff, 0xa0, 0x00, 0x00,
  0x00, 0x00, 0x3e, 0xff, 0x80, 0x00, 0x00, 0x00, 0x8f, 0xff, 0xff, 0x30, 0x00, 0x00, 0x00, 0x8f,
  0xfe, 0xb5, 0x00, 0x00, 0x00, 0x00, 0x00, 0x00, 0x00, 0x00, 0x00, 0x00, 0x10, 0x00, 0x02, 0x8d,
  0xfe, 0xc8, 0x41, 0x03, 0x99, 0x00, 0x00, 0xdf, 0xff, 0xff, 0xff, 0xff, 0xff, 0x90, 0x00, 0x0d,
  0x93, 0x01, 0x59, 0xce, 0xec, 0x71, 0x00, 0x00, 0x30, 0x00, 0x00, 0x00, 0x00, 0x00, 0x00, 0x00,
  0x00, 0x00, 0x00, 0x00, 0x00, 0x00, 0x00, 0x00, 0x00, 0x00, 0x00, 0x00, 0x00, 0x00, 0x00, 0x00,
  0x00, 0x00, 0x00, 0x00, 0x00, 0x00, 0x00, 0x00, 0x00, 0x00, 0x00, 0x00, 0x00, 0x00, 0x00, 0x00,
  0x00, 0x00, 0x01, 0x50, 0x00, 0x00, 0x00, 0x00, 0x00, 0x00, 0x00, 0x00, 0x0a, 0xf8, 0x00, 0x00,
  0x00, 0x00, 0x00, 0x00, 0x00, 0x00, 0x02, 0xcf, 0x90, 0x00, 0x00, 0x00, 0x00, 0x00, 0x00, 0x00,
  0x00, 0x1c, 0xf8, 0x00, 0x00, 0x00, 0x00, 0x00, 0x00, 0x00, 0x00, 0x01, 0xdf, 0x70, 0x00, 0x00,
  0x00, 0x00, 0x00, 0x00, 0x00, 0x00, 0x2b, 0x20, 0x00, 0x00, 0x00, 0x00, 0x00, 0x00, 0x00, 0x00,
  0x00, 0x00, 0x00, 0x00, 0x00, 0x00, 0x00, 0x00, 0x01, 0x9e, 0xd7, 0x00, 0x00, 0x00, 0x00, 0x00,
  0x00, 0x00, 0x0a, 0x91, 0x2c, 0x70, 0x00, 0x00, 0x00, 0x00, 0x00, 0x00, 0x1e, 0x00, 0x03, 0xc0,
  0x00, 0x00, 0x00, 0x00, 0x00, 0x00, 0x1e, 0x00, 0x03, 0xc0, 0x00, 0x00, 0x00, 0x00, 0x00, 0x00,
  0x0b, 0x91, 0x2c, 0x70, 0x00, 0x00, 0x00, 0x00, 0x00, 0x00, 0x01, 0xae, 0xe8, 0x00, 0x00, 0x00,
  0x00, 0x00, 0x00, 0x00, 0x00, 0x00, 0x00, 0x00, 0x00, 0x00, 0x00, 0x00, 0x00, 0x00, 0x2f, 0xff,
  0xff, 0xff, 0xff, 0xff, 0xff, 0xff, 0xff, 0xf3, 0x1a, 0xaa, 0xaa, 0xaa, 0xaa, 0xaa, 0xaa, 0xaa,
  0xaa, 0xa2, 0x00, 0x00, 0x00, 0x00, 0x00, 0x00, 0x00, 0x00, 0x00, 0x00, 0x00, 0x00, 0x00, 0x00,
  0x00, 0x00, 0x00, 0x00, 0x00, 0x00, 0x00, 0x00, 0x00, 0x00, 0x00, 0x00, 0x00, 0x00, 0x00, 0x00,
  0x00, 0x00, 0x00, 0x00, 0x00, 0x00, 0x00, 0x00, 0x00, 0x00, 0x00, 0x00, 0x00, 0x00, 0x00, 0x00,
  0x00, 0x00, 0x00, 0x00, 0x00, 0x00, 0x00, 0x00, 0x00, 0x00, 0x00, 0x00, 0x00, 0x00, 0x00, 0x00,
  0x00, 0x00, 0x00, 0x00, 0x00, 0x00, 0x00, 0x00, 0x00, 0x48, 0x88, 0x88, 0x88, 0x88, 0x88, 0x88,
  0x84, 0x00, 0x00, 0x8f, 0xff, 0xff, 0xff, 0xff, 0xff, 0xff, 0xf9, 0x00, 0x00, 0x00, 0x00, 0x00,
  0x00, 0x00, 0x00, 0x00, 0x00, 0x00, 0x00, 0x00, 0x00, 0x00, 0x00, 0x00, 0x00, 0x00, 0x00, 0x00,
  0x00, 0x00, 0x00, 0x00, 0x00, 0x00, 0x00, 0x00, 0x00, 0x00, 0x00, 0x00, 0x00, 0x00, 0x00, 0x00,
  0x00, 0x00, 0x00, 0x00, 0x00, 0x00, 0x00, 0x00, 0x00, 0x00, 0x00, 0x00, 0x00, 0x00, 0x00, 0x02,
  0x77, 0x77, 0x77, 0x77, 0x77, 0x77, 0x00, 0x00, 0x00, 0x04, 0xff, 0xff, 0xff, 0xff, 0xff, 0xff,
  0x00, 0x00, 0x00, 0x00, 0x00, 0x00, 0x00, 0x00, 0x00, 0x00, 0x00, 0x00, 0x00, 0x00, 0x00, 0x00,
  0x00, 0x00, 0x00, 0x00, 0x00, 0x00, 0x00, 0x00, 0x00, 0x00, 0x00, 0x00, 0x00, 0x00, 0x00, 0x00,
  0x00, 0x00, 0x00, 0x00, 0x00, 0x00, 0x00, 0x00, 0x00, 0x00, 0x00, 0x00, 0x00, 0x00, 0x00, 0x00,
  0x00, 0x00, 0x00, 0x00, 0x05, 0x88, 0x88, 0x88, 0x88, 0x88, 0x88, 0x88, 0x88, 0x50, 0x0b, 0xff,
  0xff, 0xff, 0xff, 0xff, 0xff, 0xff, 0xff, 0xa0, 0x00, 0x00, 0x00, 0x00, 0x35, 0x10, 0x00, 0x00,
  0x00, 0x00, 0x00, 0x00, 0x00, 0x00, 0x7f, 0x20, 0x00, 0x00, 0x00, 0x00, 0x00, 0x00, 0x00, 0x00,
  0x7f, 0x20, 0x00, 0x00, 0x00, 0x00, 0x00, 0x00, 0x00, 0x00, 0x7f, 0x20, 0x00, 0x00, 0x00, 0x00,
  0x00, 0x00, 0x00, 0x00, 0x7f, 0x20, 0x00, 0x00, 0x00, 0x00, 0x00, 0x00, 0x00, 0x00, 0x7f, 0x20,
  0x00, 0x00, 0x00, 0x00, 0x00, 0x00, 0x00, 0x00, 0x7f, 0x20, 0x00, 0x00, 0x00, 0x00, 0x00, 0x00,
  0x00, 0x00, 0x7f, 0xff, 0xff, 0xff, 0xf9, 0x00, 0x00, 0x00, 0x00, 0x00, 0x7f, 0x98, 0x88, 0x88,
  0x85, 0x00, 0x00, 0x00, 0x00, 0x00, 0x7f, 0x20, 0x00, 0x00, 0x00, 0x00, 0x00, 0x00, 0x00, 0x00,
  0x7f, 0x20, 0x00, 0x00, 0x00, 0x00, 0x00, 0x00, 0x00, 0x00, 0x7f, 0x20, 0x00, 0x00, 0x00, 0x00,
  0x00, 0x00, 0x00, 0x00, 0x7f, 0x20, 0x00, 0x00, 0x00, 0x00, 0x00, 0x00, 0x00, 0x00, 0x7f, 0x20,
  0x00, 0x00, 0x00, 0x00, 0x00, 0x00, 0x00, 0x00, 0x7f, 0x20, 0x00, 0x00, 0x00, 0x00, 0x00, 0x00,
  0x00, 0x00, 0x7f, 0x20, 0x00, 0x00, 0x00, 0x00, 0x00, 0x00, 0x00, 0x00, 0x7f, 0x20, 0x00, 0x00,
  0x00, 0x00, 0x0f, 0xff, 0xff, 0xff, 0xff, 0xff, 0xff, 0xff, 0xff, 0xf0, 0x08, 0x88, 0x88, 0x88,
  0x88, 0x88, 0x88, 0x88, 0x88, 0x80, 0x0e, 0xff, 0xff, 0xff, 0xff, 0xff, 0xff, 0xff, 0xff, 0xe0,
  0x07, 0x88, 0x88, 0x88, 0x9f, 0xb8, 0x88, 0x88, 0x88, 0x70, 0x00, 0x00, 0x00, 0x00, 0x3f, 0x60,
  0x00, 0x00, 0x00, 0x00, 0x00, 0x00, 0x00, 0x00, 0x3f, 0x60, 0x00, 0x00, 0x00, 0x00, 0x00, 0x00,
  0x00, 0x00, 0x3f, 0x60, 0x00, 0x00, 0x00, 0x00, 0x00, 0x00, 0x00, 0x00, 0x3f, 0xe9, 0x10, 0x00,
  0x00, 0x00, 0x00, 0x00, 0x00, 0x00, 0x3f, 0xcf, 0xe7, 0x00, 0x00, 0x00, 0x00, 0x00, 0x00, 0x00,
  0x3f, 0x63, 0xcf, 0xd4, 0x00, 0x00, 0x00, 0x00, 0x00, 0x00, 0x3f, 0x60, 0x07, 0xef, 0x91, 0x00,
  0x00, 0x00, 0x00, 0x00, 0x3f, 0x60, 0x00, 0x2c, 0xf9, 0x00, 0x00, 0x00, 0x00, 0x00, 0x3f, 0x60,
  0x00, 0x00, 0x71, 0x00, 0x00, 0x00, 0x00, 0x00, 0x3f, 0x60, 0x00, 0x00, 0x00, 0x00, 0x00, 0x00,
  0x00, 0x00, 0x3f, 0x60, 0x00, 0x00, 0x00, 0x00, 0x00, 0x00, 0x00, 0x00, 0x3f, 0x60, 0x00, 0x00,
  0x00, 0x00, 0x00, 0x00, 0x00, 0x00, 0x3f, 0x60, 0x00, 0x00, 0x00, 0x00, 0x00, 0x00, 0x00, 0x00,
  0x3f, 0x60, 0x00, 0x00, 0x00, 0x00, 0x00, 0x00, 0x00, 0x00, 0x3f, 0x60, 0x00, 0x00, 0x00, 0x00,
  0x00, 0x00, 0x00, 0x00, 0x2a, 0x40, 0x00, 0x00, 0x00, 0x00, 0x00, 0x00, 0x00, 0x94, 0x00, 0x00,
  0x00, 0x00, 0x00, 0x00, 0x00, 0x00, 0x03, 0xf6, 0x00, 0x00, 0x00, 0x00, 0x00, 0x00, 0x00, 0x00,
  0x05, 0xf4, 0x00, 0x00, 0x00, 0x00, 0x00, 0x00, 0x00, 0x00, 0x08, 0xf7, 0x77, 0x77, 0x77, 0x77,
  0x60, 0x00, 0x00, 0x00, 0x0b, 0xff, 0xff, 0xff, 0xff, 0xff, 0xd0, 0x00, 0x00, 0x00, 0x0e, 0xa0,
  0x00, 0x00, 0x00, 0x00, 0x00, 0x00, 0x00, 0x00, 0x2f, 0x60, 0x00, 0x00, 0x00, 0x00, 0x00, 0x00,
  0x00, 0x00, 0x5f, 0x30, 0x00, 0x00, 0x00, 0x00, 0x00, 0x00, 0x00, 0x00, 0x9f, 0xff, 0xff, 0xff,
  0xff, 0xfb, 0x00, 0x00, 0x00, 0x00, 0xcc, 0x66, 0x66, 0x66, 0x66, 0xea, 0x00, 0x00, 0x00, 0x00,
  0x64, 0x00, 0x00, 0x00, 0x00, 0xf8, 0x00, 0x00, 0x00, 0x00, 0x00, 0x00, 0x00, 0x00, 0x01, 0xf6,
  0x00, 0x00, 0x06, 0x66, 0x66, 0x66, 0x66, 0x66, 0x68, 0xf9, 0x66, 0x60, 0x0e, 0xff, 0xff, 0xff,
  0xff, 0xff, 0xff, 0xff, 0xff, 0xf0, 0x00, 0x00, 0x00, 0x00, 0x00, 0x00, 0x08, 0xf1, 0x00, 0x00,
  0x00, 0x00, 0x00, 0x00, 0x00, 0x00, 0x0b, 0xd0, 0x00, 0x00, 0x00, 0x00, 0x00, 0x00, 0x00, 0x00,
  0x1e, 0xa0, 0x00, 0x00, 0x00, 0x00, 0x00, 0x01, 0x21, 0x01, 0x8f, 0x50, 0x00, 0x00, 0x00, 0x00,
  0x00, 0x01, 0xff, 0xff, 0xfb, 0x00, 0x00, 0x00, 0x00, 0x00, 0x00, 0x00, 0x56, 0x77, 0x50, 0x00,
  0x00, 0x00, 0x00, 0x00, 0x00, 0x00, 0x09, 0x70, 0x00, 0x00, 0x00, 0x00, 0x00, 0x00, 0x00, 0x00,
  0x0d, 0xb0, 0x00, 0x00, 0x00, 0x00, 0x00, 0x00, 0x00, 0x00, 0x0d, 0xb0, 0x00, 0x00, 0x00, 0x00,
  0x00, 0x00, 0x00, 0x00, 0x0d, 0xb0, 0x00, 0x00, 0x00, 0x00, 0x01, 0xff, 0xff, 0xff, 0xff, 0xff,
  0xff, 0xff, 0xff, 0x00, 0x01, 0xfa, 0x77, 0x77, 0x7e, 0xd7, 0x77, 0x77, 0xbf, 0x00, 0x01, 0xf6,
  0x00, 0x00, 0x0d, 0xb0, 0x00, 0x00, 0x7f, 0x00, 0x01, 0xf6, 0x00, 0x00, 0x0d, 0xb0, 0x00, 0x00,
  0x7f, 0x00, 0x01, 0xf6, 0x00, 0x00, 0x0d, 0xb0, 0x00, 0x00, 0x7f, 0x00, 0x01, 0xf6, 0x00, 0x00,
  0x0d, 0xb0, 0x00, 0x00, 0x7f, 0x00, 0x01, 0xf6, 0x00, 0x00, 0x0d, 0xb0, 0x00, 0x00, 0x7f, 0x00,
  0x01, 0xff, 0xff, 0xff, 0xff, 0xff, 0xff, 0xff, 0xff, 0x00, 0x01, 0xfa, 0x77, 0x77, 0x7e, 0xd7,
  0x77, 0x77, 0xbf, 0x00, 0x01, 0xd5, 0x00, 0x00, 0x0d, 0xb0, 0x00, 0x00, 0x5b, 0x00, 0x00, 0x00,
  0x00, 0x00, 0x0d, 0xb0, 0x00, 0x00, 0x00, 0x00, 0x00, 0x00, 0x00, 0x00, 0x0d, 0xb0, 0x00, 0x00,
  0x00, 0x00, 0x00, 0x00, 0x00, 0x00, 0x0d, 0xb0, 0x00, 0x00, 0x00, 0x00, 0x00, 0x00, 0x00, 0x00,
  0x0d, 0xb0, 0x00, 0x00, 0x00, 0x00, 0x00, 0x00, 0x00, 0x00, 0x0d, 0xb0, 0x00, 0x00, 0x00, 0x00,
  0x00, 0x00, 0x00, 0x00, 0x08, 0x70, 0x00, 0x00, 0x00, 0x00, 0x00, 0x00, 0x00, 0x00, 0x08, 0x70,
  0x00, 0x00, 0x00, 0x00, 0x00, 0x00, 0x00, 0x00, 0x0d, 0xb0, 0x00, 0x00, 0x00, 0x00, 0x00, 0x15,
  0x55, 0x55, 0x5e, 0xc5, 0x55, 0x55, 0x50, 0x00, 0x00, 0x2f, 0xff, 0xff, 0xff, 0xff, 0xff, 0xff,
  0xf1, 0x00, 0x00, 0x2f, 0x60, 0x00, 0x0d, 0xb0, 0x00, 0x07, 0xf1, 0x00, 0x00, 0x2f, 0x60, 0x00,
  0x0d, 0xb0, 0x00, 0x07, 0xf1, 0x00, 0x00, 0x2f, 0x60, 0x00, 0x0d, 0xb0, 0x00, 0x07, 0xf1, 0x00,
  0x00, 0x2f, 0xff, 0xff, 0xff, 0xff, 0xff, 0xff, 0xf1, 0x00, 0x00, 0x15, 0x55, 0x55, 0x5e, 0xc5,
  0x55, 0x55, 0x50, 0x00, 0x00, 0x00, 0x00, 0x00, 0x0d, 0xb0, 0x00, 0x00, 0x00, 0x00, 0x00, 0xef,
  0xff, 0xff, 0xff, 0xff, 0xff, 0xff, 0xff, 0x00, 0x00, 0xec, 0x66, 0x66, 0x6e, 0xd6, 0x66, 0x66,
  0xcf, 0x00, 0x00, 0xea, 0x00, 0x00, 0x0d, 0xb0, 0x00, 0x00, 0x9f, 0x00, 0x00, 0xea, 0x00, 0x00,
  0x0d, 0xb0, 0x00, 0x00, 0x9f, 0x00, 0x00, 0xeb, 0x55, 0x55, 0x5e, 0xc5, 0x55, 0x55, 0xbf, 0x00,
  0x00, 0xef, 0xff, 0xff, 0xff, 0xff, 0xff, 0xff, 0xff, 0x00, 0x00, 0xd9, 0x00, 0x00, 0x0d, 0xb0,
  0x00, 0x00, 0x8e, 0x00, 0x00, 0x00, 0x00, 0x00, 0x0d, 0xb0, 0x00, 0x00, 0x00, 0x00, 0x00, 0x00,
  0x00, 0x00, 0x0d, 0xb0, 0x00, 0x00, 0x00, 0x00, 0x00, 0x00, 0x00, 0x00, 0x08, 0x70, 0x00, 0x00,
  0x00, 0x00, 0x00, 0x00, 0x00, 0x00, 0x77, 0x00, 0x00, 0x00, 0x00, 0x00, 0x00, 0x06, 0xc1, 0x00,
  0xcb, 0x00, 0x00, 0x00, 0x00, 0x00, 0x00, 0x02, 0xea, 0x00, 0xcb, 0x00, 0x00, 0x00, 0x00, 0x00,
  0x00, 0x00, 0x6f, 0x50, 0xcb, 0x00, 0x00, 0x00, 0x00, 0x00, 0x00, 0x00, 0x09, 0x30, 0xca, 0x00,
  0x00, 0x00, 0x00, 0x00, 0x03, 0x77, 0x77, 0x77, 0xed, 0x77, 0x77, 0x77, 0x77, 0x00, 0x06, 0xff,
  0xff, 0xff, 0xff, 0xff, 0xff, 0xff, 0xff, 0x00, 0x00, 0x00, 0x00, 0x02, 0xf6, 0x00, 0x00, 0x00,
  0x9e, 0x00, 0x00, 0x00, 0x00, 0x05, 0xf3, 0x00, 0x00, 0x00, 0xae, 0x00, 0x00, 0x00, 0x00, 0x08,
  0xf1, 0x12, 0x00, 0x00, 0xad, 0x00, 0x00, 0x00, 0x00, 0x0d, 0xc0, 0xcd, 0x10, 0x00, 0xbc, 0x00,
  0x00, 0x00, 0x00, 0x5f, 0x60, 0x3f, 0xa0, 0x00, 0xcb, 0x00, 0x00, 0x00, 0x00, 0xbe, 0x10, 0x07,
  0xf4, 0x00, 0xda, 0x00, 0x00, 0x00, 0x05, 0xf8, 0x00, 0x00, 0xdc, 0x00, 0xe9, 0x00, 0x00, 0x00,
  0x1e, 0xd1, 0x00, 0x00, 0x31, 0x00, 0xf8, 0x00, 0x00, 0x00, 0xbf, 0x40, 0x00, 0x00, 0x00, 0x02,
  0xf7, 0x00, 0x00, 0x0a, 0xf8, 0x00, 0x00, 0x00, 0x00, 0x05, 0xf5, 0x00, 0x01, 0xbf, 0x90, 0x00,
  0x00, 0x01, 0x10, 0x1b, 0xf1, 0x00, 0x09, 0xf7, 0x00, 0x00, 0x00, 0x08, 0xff, 0xff, 0xa0, 0x00,
  0x00, 0x30, 0x00, 0x00, 0x00, 0x02, 0x78, 0x75, 0x00, 0x00, 0x00, 0x00, 0x00, 0x00, 0x08, 0x70,
  0x00, 0x00, 0x00, 0x00, 0x00, 0x00, 0x00, 0x00, 0x0c, 0xa0, 0x00, 0x00, 0x00, 0x00, 0x0a, 0xff,
  0xff, 0xff, 0xff, 0xff, 0xff, 0xff, 0xff, 0xb0, 0x02, 0x44, 0x44, 0x44, 0x4d, 0xb4, 0x44, 0x44,
  0x44, 0x30, 0x00, 0x00, 0x11, 0x11, 0x1d, 0xb1, 0x11, 0x11, 0x00, 0x00, 0x00, 0x08, 0xff, 0xff,
  0xff, 0xff, 0xff, 0xff, 0xb0, 0x00, 0x00, 0x08, 0xd0, 0x00, 0x0c, 0xa0, 0x00, 0x0c, 0xb0, 0x00,
  0x00, 0x08, 0xff, 0xff, 0xff, 0xff, 0xff, 0xff, 0xb0, 0x00, 0x00, 0x00, 0x11, 0x11, 0x1d, 0xb1,
  0x11, 0x11, 0x10, 0x00, 0x00, 0x01, 0x11, 0x11, 0x1d, 0xb1, 0x11, 0x11, 0x10, 0x00, 0x00, 0x2f,
  0xff, 0xff, 0xff, 0xff, 0xff, 0xff, 0xf0, 0x00, 0x00, 0x00, 0x00, 0x00, 0x0c, 0xa0, 0x00, 0x07,
  0xf0, 0x00, 0x03, 0x33, 0x33, 0x33, 0x3d, 0xb3, 0x33, 0x39, 0xf3, 0x30, 0x1f, 0xff, 0xff, 0xff,
  0xff, 0xff, 0xff, 0xff, 0xff, 0xf1, 0x00, 0x00, 0x00, 0x00, 0x0c, 0xa0, 0x00, 0x07, 0xf0, 0x00,
  0x00, 0x5f, 0xff, 0xff, 0xff, 0xff, 0xff, 0xff, 0xf0, 0x00, 0x00, 0x13, 0x33, 0x33, 0x3d, 0xb3,
  0x33, 0x39, 0xf0, 0x00, 0x00, 0x00, 0x00, 0x00, 0x0c, 0xa0, 0x00, 0x03, 0x60, 0x00, 0x00, 0x00,
  0x00, 0x43, 0x4e, 0x90, 0x00, 0x00, 0x00, 0x00, 0x00, 0x00, 0x00, 0xbf, 0xec, 0x30, 0x00, 0x00,
  0x00, 0x00, 0x00, 0x29, 0x99, 0x99, 0x99, 0x99, 0x99, 0x99, 0x92, 0x00, 0x00, 0x3f, 0xff, 0xff,
  0xff, 0xff, 0xff, 0xff, 0xf3, 0x00, 0x00, 0x00, 0x00, 0x00, 0x00, 0x00, 0x00, 0x00, 0x00, 0x00,
  0x00, 0x00, 0x00, 0x00, 0x00, 0x00, 0x00, 0x00, 0x00, 0x00, 0x00, 0x00, 0x00, 0x00, 0x00, 0x00,
  0x00, 0x00, 0x00, 0x00, 0x00, 0x00, 0x00, 0x00, 0x00, 0x00, 0x00, 0x00, 0x00, 0x00, 0x00, 0x00,
  0x00, 0x00, 0x00, 0x00, 0x00, 0x00, 0x00, 0x00, 0x00, 0x00, 0x00, 0x00, 0x00, 0x00, 0x00, 0x00,
  0x00, 0x00, 0x00, 0x00, 0x00, 0x00, 0x00, 0x00, 0x00, 0x00, 0x00, 0x00, 0x00, 0x00, 0x00, 0x00,
  0x00, 0x00, 0x00, 0x00, 0x00, 0x00, 0x00, 0x00, 0x00, 0x00, 0x00, 0x00, 0x00, 0x00, 0x00, 0x00,
  0x00, 0x00, 0x00, 0x00, 0x00, 0x00, 0x00, 0x00, 0x00, 0x00, 0x00, 0x00, 0x00, 0x00, 0x00, 0x00,
  0x00, 0x00, 0x00, 0x00, 0x0d, 0xff, 0xff, 0xff, 0xff, 0xff, 0xff, 0xff, 0xff, 0xd0, 0x09, 0xaa,
  0xaa, 0xaa, 0xaa, 0xaa, 0xaa, 0xaa, 0xaa, 0x90, 0x00, 0x47, 0x77, 0x77, 0x77, 0x77, 0x77, 0x77,
  0x73, 0x00, 0x00, 0x9f, 0xff, 0xff, 0xff, 0xff, 0xff, 0xff, 0xf7, 0x00, 0x00, 0x00, 0x00, 0x00,
  0xfa, 0x00, 0x00, 0x00, 0x00, 0x00, 0x00, 0x00, 0x00, 0x03, 0xf7, 0x00, 0x00, 0x00, 0x00, 0x00,
  0x00, 0x00, 0x00, 0x05, 0xf4, 0x00, 0x00, 0x00, 0x00, 0x00, 0x00, 0x00, 0x00, 0x08, 0xf2, 0x00,
  0x00, 0x00, 0x00, 0x00, 0x00, 0x06, 0x77, 0x7c, 0xf7, 0x77, 0x77, 0x74, 0x00, 0x00, 0x00, 0x0c,
  0xff, 0xff, 0xff, 0xff, 0xff, 0xf9, 0x00, 0x00, 0x00, 0x00, 0x00, 0x1f, 0x80, 0x00, 0x00, 0xe9,
  0x00, 0x00, 0x00, 0x00, 0x00, 0x4f, 0x50, 0x00, 0x00, 0xe9, 0x00, 0x00, 0x00, 0x00, 0x00, 0x7f,
  0x20, 0x00, 0x00, 0xe9, 0x00, 0x00, 0x00, 0x00, 0x00, 0xae, 0x00, 0x00, 0x00, 0xe9, 0x00, 0x00,
  0x00, 0x00, 0x00, 0xdc, 0x00, 0x00, 0x00, 0xe9, 0x00, 0x00, 0x00, 0x00, 0x01, 0xf9, 0x00, 0x00,
  0x00, 0xe9, 0x00, 0x00, 0x00, 0x00, 0x04, 0xf6, 0x00, 0x00, 0x00, 0xe9, 0x00, 0x00, 0x0d, 0xff,
  0xff, 0xff, 0xff, 0xff, 0xff, 0xff, 0xff, 0xe0, 0x06, 0x77, 0x77, 0x77, 0x77, 0x77, 0x77, 0x77,
  0x77, 0x70, 0x00, 0x00, 0x00, 0x00, 0x19, 0x60, 0x00, 0x00, 0x00, 0x00, 0x00, 0x00, 0x00, 0x00,
  0x1f, 0x90, 0x00, 0x00, 0x00, 0x00, 0x00, 0x00, 0x00, 0x00, 0x3f, 0xa0, 0x00, 0x00, 0x00, 0x00,
  0x00, 0x00, 0x00, 0x00, 0x4f, 0xd0, 0x00, 0x00, 0x00, 0x00, 0x00, 0x00, 0x00, 0x00, 0x6f, 0xf0,
  0x00, 0x00, 0x00, 0x00, 0x00, 0x00, 0x00, 0x00, 0x8f, 0xf3, 0x00, 0x00, 0x00, 0x00, 0x00, 0x00,
  0x00, 0x00, 0xce, 0xf7, 0x00, 0x00, 0x00, 0x00, 0x00, 0x00, 0x00, 0x01, 0xf9, 0xbc, 0x00, 0x00,
  0x00, 0x00, 0x00, 0x00, 0x00, 0x05, 0xf4, 0x6f, 0x20, 0x00, 0x00, 0x00, 0x00, 0x00, 0x00, 0x0b,
  0xe1, 0x1f, 0x90, 0x00, 0x00, 0x00, 0x00, 0x00, 0x00, 0x3f, 0x80, 0x09, 0xf2, 0x00, 0x00, 0x00,
  0x00, 0x00, 0x00, 0xce, 0x10, 0x02, 0xfa, 0x00, 0x00, 0x00, 0x00, 0x00, 0x06, 0xf8, 0x00, 0x00,
  0x9f, 0x50, 0x00, 0x00, 0x00, 0x00, 0x4e, 0xc0, 0x00, 0x00, 0x1c, 0xe3, 0x00, 0x00, 0x00, 0x03,
  0xee, 0x20, 0x00, 0x00, 0x02, 0xee, 0x30, 0x00, 0x00, 0x6e, 0xe4, 0x00, 0x00, 0x00, 0x00, 0x4e,
  0xe6, 0x00, 0x1b, 0xfd, 0x30, 0x00, 0x00, 0x00, 0x00, 0x03, 0xdf, 0xc2, 0x09, 0x91, 0x00, 0x00,
  0x00, 0x00, 0x00, 0x00, 0x18, 0xb0, 0x00, 0x00, 0x00, 0x00, 0x2a, 0x80, 0x00, 0x00, 0x00, 0x00,
  0x00, 0x00, 0x00, 0x00, 0xbf, 0xf8, 0x00, 0x00, 0x00, 0x00, 0x00, 0x00, 0x00, 0x07, 0xf7, 0x9f,
  0x50, 0x00, 0x00, 0x00, 0x00, 0x00, 0x00, 0x6f, 0xa0, 0x0b, 0xf6, 0x00, 0x00, 0x00, 0x00, 0x00,
  0x06, 0xfb, 0x00, 0x01, 0xbf, 0x60, 0x00, 0x00, 0x00, 0x00, 0x8f, 0xb1, 0x00, 0x00, 0x0b, 0xf9,
  0x00, 0x00, 0x00, 0x1a, 0xfb, 0x66, 0x66, 0x66, 0x66, 0xaf, 0xc3, 0x00, 0x06, 0xef, 0x74, 0xff,
  0xff, 0xff, 0xff, 0x35, 0xef, 0x91, 0x2e, 0xc3, 0x00, 0x00, 0x00, 0x00, 0x00, 0x00, 0x2b, 0xd1,
  0x03, 0x00, 0x00, 0x00, 0x00, 0x00, 0x00, 0x00, 0x00, 0x20, 0x00, 0x26, 0x66, 0x66, 0x66, 0x66,
  0x66, 0x66, 0x40, 0x00, 0x00, 0x6f, 0xff, 0xff, 0xff, 0xff, 0xff, 0xff, 0xc0, 0x00, 0x00, 0x00,
  0x00, 0x02, 0xf7, 0x00, 0x00, 0x0b, 0xc0, 0x00, 0x00, 0x00, 0x00, 0x02, 0xf7, 0x00, 0x00, 0x0b,
  0xc0, 0x00, 0x00, 0x00, 0x00, 0x02, 0xf7, 0x00, 0x00, 0x0b, 0xc0, 0x00, 0x00, 0x00, 0x00, 0x02,
  0xf7, 0x00, 0x00, 0x0b, 0xc0, 0x00, 0x00, 0x00, 0x00, 0x02, 0xf7, 0x00, 0x46, 0x6d, 0xb0, 0x00,
  0x00, 0x00, 0x00, 0x02, 0xf7, 0x00, 0x6f, 0xed, 0x50, 0x00, 0x00, 0x00, 0x00, 0x02, 0xf7, 0x00,
  0x00, 0x00, 0x00, 0x00, 0x00, 0x00, 0x00, 0x01, 0x94, 0x00, 0x00, 0x00, 0x00, 0x00, 0x00, 0x00,
  0x06, 0x30, 0x00, 0x00, 0x64, 0x00, 0x00, 0x00, 0x00, 0x00, 0x2f, 0x70, 0x47, 0x00, 0xe9, 0x00,
  0x00, 0x00, 0x00, 0x00, 0x9e, 0x10, 0xad, 0x00, 0xe9, 0x00, 0x00, 0x00, 0x00, 0x01, 0xf9, 0x00,
  0xda, 0x00, 0xe9, 0x00, 0x00, 0x00, 0x00, 0x08, 0xf2, 0x02, 0xfb, 0x77, 0xec, 0x77, 0x77, 0x10,
  0x00, 0x2e, 0xc0, 0x06, 0xff, 0xff, 0xff, 0xff, 0xff, 0x30, 0x00, 0xaf, 0xb0, 0x0c, 0xb0, 0x00,
  0xe9, 0x00, 0x00, 0x00, 0x05, 0xff, 0xb0, 0x4f, 0x60, 0x00, 0xe9, 0x00, 0x00, 0x00, 0x2e, 0xdb,
  0xb0, 0x9d, 0x00, 0x00, 0xe9, 0x00, 0x00, 0x00, 0x1e, 0x3a, 0xb0, 0x03, 0x00, 0x00, 0xe9, 0x00,
  0x00, 0x00, 0x02, 0x0a, 0xb0, 0x00, 0x00, 0x00, 0xe9, 0x00, 0x00, 0x00, 0x00, 0x0a, 0xb0, 0xaf,
  0xff, 0xff, 0xff, 0xff, 0xff, 0xf1, 0x00, 0x0a, 0xb0, 0x57, 0x77, 0x77, 0xec, 0x77, 0x77, 0x70,
  0x00, 0x0a, 0xb0, 0x00, 0x00, 0x00, 0xe9, 0x00, 0x00, 0x00, 0x00, 0x0a, 0xb0, 0x00, 0x00, 0x00,
  0xe9, 0x00, 0x00, 0x00, 0x00, 0x0a, 0xb0, 0x00, 0x00, 0x00, 0xe9, 0x00, 0x00, 0x00, 0x00, 0x0a,
  0xb0, 0x00, 0x00, 0x00, 0xe9, 0x00, 0x00, 0x00, 0x00, 0x0a, 0xb0, 0x00, 0x00, 0x00, 0xe9, 0x00,
  0x00, 0x00, 0x00, 0x0a, 0xb0, 0x00, 0x00, 0x00, 0xe9, 0x00, 0x00, 0x00, 0x00, 0x06, 0x70, 0x00,
  0x00, 0x00, 0x96, 0x00, 0x00, 0x00, 0x00, 0x00, 0x1d, 0x60, 0x00, 0x00, 0x00, 0x00, 0x13, 0x10,
  0x00, 0x00, 0x7f, 0x37, 0xd0, 0x00, 0x00, 0x00, 0x4f, 0x40, 0x00, 0x01, 0xea, 0x07, 0xf0, 0x05,
  0x00, 0x00, 0x5f, 0x30, 0x00, 0x07, 0xf3, 0x07, 0xf0, 0x3f, 0x60, 0x00, 0x5f, 0x20, 0x00, 0x1e,
  0xc0, 0x07, 0xf0, 0x09, 0xe2, 0x00, 0x7f, 0x10, 0x00, 0xaf, 0xa0, 0x07, 0xf0, 0x01, 0xe9, 0x00,
  0x9e, 0x00, 0x06, 0xff, 0xa0, 0x06, 0xf0, 0x00, 0x8f, 0x20, 0xac, 0x00, 0x4f, 0xbc, 0xa0, 0x06,
  0xf0, 0x00, 0x2a, 0x20, 0xda, 0x00, 0x6d, 0x1c, 0xa0, 0x06, 0xf0, 0x00, 0x00, 0x01, 0xf6, 0x00,
  0x02, 0x0c, 0xa0, 0x06, 0xf1, 0x00, 0x00, 0x05, 0xf3, 0x00, 0x00, 0x0c, 0xa0, 0x06, 0xf1, 0x00,
  0x00, 0x0a, 0xd0, 0x00, 0x00, 0x0c, 0xa0, 0x06, 0xf1, 0x16, 0x80, 0x2f, 0x70, 0x00, 0x00, 0x0c,
  0xa0, 0x05, 0xfb, 0xff, 0x90, 0xaf, 0x20, 0x00, 0x00, 0x0c, 0xa3, 0xae, 0xfd, 0x71, 0x06, 0xff,
  0xa0, 0x00, 0x00, 0x0c, 0xa2, 0xfa, 0x40, 0x00, 0x5f, 0xb6, 0xf8, 0x00, 0x00, 0x0c, 0xa0, 0x10,
  0x00, 0x19, 0xfb, 0x10, 0x9f, 0x50, 0x00, 0x0c, 0xa0, 0x00, 0x28, 0xef, 0x90, 0x00, 0x0c, 0xe2,
  0x00, 0x0c, 0xa0, 0x01, 0xef, 0xb3, 0x00, 0x00, 0x03, 0xe4, 0x00, 0x04, 0x30, 0x00, 0x32, 0x00,
  0x00, 0x00, 0x00, 0x20, 0x00, 0x00, 0x07, 0x60, 0x00, 0x00, 0x00, 0x00, 0x00, 0x00, 0x00, 0x00,
  0x2f, 0x80, 0xef, 0xff, 0xff, 0xff, 0xf5, 0x00, 0x00, 0x00, 0x9e, 0x10, 0x34, 0x44, 0x44, 0x44,
  0x41, 0x00, 0x00, 0x02, 0xf8, 0x00, 0x00, 0x00, 0x00, 0x00, 0x00, 0x00, 0x00, 0x09, 0xf2, 0xcf,
  0xff, 0xff, 0xff, 0xff, 0xff, 0xf3, 0x00, 0x4f, 0xd0, 0x34, 0x44, 0x44, 0x44, 0x44, 0x44, 0x41,
  0x01, 0xdf, 0xd0, 0x00, 0x00, 0x00, 0x00, 0x00, 0x00, 0x00, 0x0b, 0xfc, 0xd0, 0x02, 0xff, 0xff,
  0xff, 0xff, 0xfb, 0x00, 0x6f, 0x88, 0xd0, 0x00, 0x44, 0x44, 0x44, 0x44, 0x43, 0x00, 0x2b, 0x08,
  0xd0, 0x00, 0x00, 0x00, 0x00, 0x00, 0x00, 0x00, 0x00, 0x08, 0xd0, 0x02, 0xff, 0xff, 0xff, 0xff,
  0xfa, 0x00, 0x00, 0x08, 0xd0, 0x00, 0x44, 0x44, 0x44, 0x44, 0x42, 0x00, 0x00, 0x08, 0xd0, 0x00,
  0x00, 0x00, 0x00, 0x00, 0x00, 0x00, 0x00, 0x08, 0xd0, 0x05, 0xff, 0xff, 0xff, 0xff, 0xfd, 0x00,
  0x00, 0x08, 0xd0, 0x05, 0xf5, 0x33, 0x33, 0x33, 0xbd, 0x00, 0x00, 0x08, 0xd0, 0x05, 0xf1, 0x00,
  0x00, 0x00, 0x9d, 0x00, 0x00, 0x08, 0xd0, 0x05, 0xf1, 0x00, 0x00, 0x00, 0x9d, 0x00, 0x00, 0x08,
  0xd0, 0x05, 0xf5, 0x44, 0x44, 0x44, 0xbd, 0x00, 0x00, 0x08, 0xd0, 0x05, 0xff, 0xff, 0xff, 0xff,
  0xfd, 0x00, 0x00, 0x06, 0xa0, 0x04, 0xc1, 0x00, 0x00, 0x00, 0x7a, 0x00, 0x00, 0x00, 0x33, 0x00,
  0x00, 0x00, 0x00, 0x00, 0x02, 0x10, 0x00, 0x00, 0xbd, 0x44, 0x44, 0x44, 0x41, 0x00, 0x0d, 0x80,
  0x00, 0x02, 0xf8, 0xff, 0xff, 0xff, 0xf3, 0x00, 0x0d, 0x80, 0x00, 0x08, 0xf1, 0x01, 0xf6, 0x00,
  0x04, 0xc0, 0x0d, 0x80, 0x00, 0x0d, 0xb0, 0x05, 0xf1, 0x23, 0x05, 0xf0, 0x0d, 0x80, 0x00, 0x5f,
  0x70, 0x0a, 0xb0, 0x6d, 0x05, 0xf0, 0x0d, 0x80, 0x00, 0xdf, 0x70, 0x0e, 0x60, 0x0d, 0x65, 0xf0,
  0x0d, 0x80, 0x07, 0xff, 0x75, 0xaf, 0xcd, 0xef, 0xd5, 0xf0, 0x0d, 0x80, 0x3f, 0xaf, 0x76, 0xca,
  0x97, 0x65, 0xf8, 0xf0, 0x0d, 0x80, 0x7e, 0x1f, 0x70, 0x00, 0x3c, 0x20, 0x55, 0xf0, 0x0d, 0x80,
  0x15, 0x0f, 0x70, 0x00, 0x4f, 0x20, 0x05, 0xf0, 0x0d, 0x80, 0x00, 0x0f, 0x71, 0x55, 0x7f, 0x65,
  0x45, 0xf0, 0x0d, 0x80, 0x00, 0x0f, 0x72, 0xff, 0xff, 0xff, 0xd5, 0xf0, 0x0d, 0x80, 0x00, 0x0f,
  0x70, 0x00, 0x4f, 0x20, 0x05, 0xf0, 0x0d, 0x80, 0x00, 0x0f, 0x70, 0x00, 0x4f, 0x20, 0x03, 0xa0,
  0x0d, 0x80, 0x00, 0x0f, 0x70, 0x00, 0x4f, 0x20, 0x00, 0x00, 0x0d, 0x80, 0x00, 0x0f, 0x70, 0x13,
  0x8f, 0xbc, 0xe6, 0x00, 0x0d, 0x80, 0x00, 0x0f, 0x79, 0xff, 0xfc, 0xa7, 0x51, 0x00, 0x0d, 0x80,
  0x00, 0x0f, 0x74, 0x52, 0x00, 0x00, 0x00, 0x2f, 0xff, 0x50, 0x00, 0x06, 0x30, 0x00, 0x00, 0x00,
  0x00, 0x06, 0x63, 0x00, 0x00, 0x00, 0x34, 0x00, 0x00, 0x00, 0x00, 0x00, 0x00, 0x00, 0x00, 0x00,
  0xbc, 0x24, 0x44, 0x44, 0x44, 0x44, 0x44, 0x41, 0x00, 0x02, 0xf6, 0xaf, 0xff, 0xff, 0xff, 0xff,
  0xff, 0xf2, 0x00, 0x08, 0xf1, 0x00, 0x00, 0x00, 0x00, 0x00, 0x00, 0x00, 0x00, 0x0d, 0xa0, 0x0b,
  0xff, 0xff, 0xff, 0xff, 0xff, 0x50, 0x00, 0x5f, 0x70, 0x0b, 0xb3, 0x33, 0x33, 0x33, 0x4f, 0x50,
  0x00, 0xdf, 0x70, 0x0b, 0xa0, 0x00, 0x00, 0x00, 0x2f, 0x50, 0x07, 0xff, 0x70, 0x0c, 0xb3, 0x33,
  0x33, 0x33, 0x4f, 0x50, 0x2e, 0xbf, 0x70, 0x0c, 0xff, 0xff, 0xff, 0xff, 0xff, 0x50, 0x7e, 0x2f,
  0x70, 0x0c, 0x90, 0x00, 0x00, 0x00, 0x00, 0x00, 0x15, 0x0f, 0x70, 0x0d, 0x93, 0x33, 0x33, 0x33,
  0x33, 0x20, 0x00, 0x0f, 0x70, 0x0f, 0xff, 0xff, 0xff, 0xff, 0xff, 0xb0, 0x00, 0x0f, 0x70, 0x2f,
  0xf9, 0x09, 0x80, 0x98, 0x09, 0xb0, 0x00, 0x0f, 0x70, 0x5f, 0xc9, 0x09, 0x80, 0x98, 0x09, 0xb0,
  0x00, 0x0f, 0x70, 0x9d, 0xaf, 0xff, 0xff, 0xff, 0xff, 0xb0, 0x00, 0x0f, 0x70, 0xd9, 0xaa, 0x3a,
  0x93, 0xb9, 0x3a, 0xb0, 0x00, 0x0f, 0x75, 0xf4, 0xa9, 0x09, 0x80, 0x98, 0x09, 0xb0, 0x00, 0x0f,
  0x7d, 0xd0, 0xa9, 0x09, 0x80, 0x98, 0x09, 0xb0, 0x00, 0x0f, 0x76, 0x40, 0xa9, 0x09, 0x80, 0x98,
  0x4b, 0xb0, 0x00, 0x09, 0x40, 0x00, 0xa9, 0x08, 0x70, 0x87, 0xde, 0x60, 0x00, 0x00, 0x00, 0x00,
  0x00, 0x00, 0x00, 0x00, 0x00, 0x00, 0x00, 0x00, 0x00, 0x00, 0x05, 0x40, 0x00, 0x00, 0x00, 0x00,
  0x00, 0x00, 0x00, 0x00, 0x0c, 0xa0, 0x00, 0x00, 0x00, 0x00, 0x03, 0x66, 0x66, 0x66, 0x6d, 0xc6,
  0x66, 0x66, 0x66, 0x40, 0x09, 0xff, 0xff, 0xff, 0xff, 0xff, 0xff, 0xff, 0xff, 0xa0, 0x00, 0x00,
  0x00, 0x00, 0x0c, 0xa0, 0x00, 0x00, 0x00, 0x00, 0x00, 0x00, 0x00, 0x00, 0x0c, 0xa0, 0x00, 0x00,
  0x00, 0x00, 0x00, 0x06, 0xff, 0xff, 0xff, 0xff, 0xff, 0xff, 0x70, 0x00, 0x00, 0x06, 0xf6, 0x55,
  0x55, 0x55, 0x55, 0x6f, 0x70, 0x00, 0x00, 0x06, 0xf1, 0x00, 0x00, 0x00, 0x00, 0x1f, 0x70, 0x00,
  0x00, 0x06, 0xf1, 0x00, 0x00, 0x00, 0x00, 0x1f, 0x70, 0x00, 0x00, 0x06, 0xf1, 0x00, 0x00, 0x00,
  0x00, 0x1f, 0x70, 0x00, 0x00, 0x06, 0xff, 0xff, 0xff, 0xff, 0xff, 0xff, 0x70, 0x00, 0x00, 0x02,
  0x66, 0x9f, 0x86, 0x6c, 0xe6, 0x66, 0x30, 0x00, 0x00, 0x00, 0x00, 0x8f, 0x10, 0x0a, 0xd0, 0x00,
  0x00, 0x00, 0x00, 0x00, 0x00, 0xcd, 0x00, 0x0a, 0xd0, 0x00, 0x00, 0x00, 0x00, 0x00, 0x05, 0xf7,
  0x00, 0x0a, 0xd0, 0x00, 0x04, 0xc1, 0x00, 0x00, 0x4e, 0xe1, 0x00, 0x0a, 0xd0, 0x00, 0x05, 0xf1,
  0x00, 0x29, 0xfd, 0x30, 0x00, 0x0a, 0xe1, 0x00, 0x08, 0xe0, 0x0c, 0xff, 0xb1, 0x00, 0x00, 0x07,
  0xff, 0xff, 0xff, 0x90, 0x05, 0x72, 0x00, 0x00, 0x00, 0x00, 0x47, 0x77, 0x75, 0x00, 0x00, 0x00,
  0x38, 0x88, 0x88, 0x80, 0x00, 0x00, 0x00, 0x00, 0x00, 0x00, 0x7f, 0xff, 0xff, 0xf0, 0x00, 0x00,
  0x00, 0x00, 0x00, 0x00, 0x00, 0x00, 0x07, 0xf1, 0x00, 0x00, 0x00, 0x00, 0x00, 0x00, 0x00, 0x00,
  0x05, 0xf2, 0x00, 0x00, 0x00, 0x00, 0x00, 0x00, 0x00, 0x00, 0x18, 0xf4, 0x00, 0x00, 0x00, 0x00,
  0x00, 0x00, 0x00, 0x00, 0x6f, 0xf6, 0x00, 0x00, 0x00, 0x00, 0x00, 0x00, 0x00, 0x00, 0xaf, 0xfa,
  0x00, 0x00, 0x00, 0x00, 0x00, 0x00, 0x00, 0x00, 0xed, 0xae, 0x00, 0x00, 0x00, 0x00, 0x00, 0x00,
  0x00, 0x03, 0xf7, 0x5f, 0x40, 0x00, 0x00, 0x00, 0x00, 0x00, 0x00, 0x0a, 0xf2, 0x1f, 0xa0, 0x00,
  0x00, 0x00, 0x00, 0x00, 0x00, 0x2f, 0xc0, 0x09, 0xf2, 0x00, 0x00, 0x00, 0x00, 0x00, 0x00, 0x9f,
  0x40, 0x02, 0xfb, 0x00, 0x00, 0x00, 0x00, 0x00, 0x03, 0xfb, 0x00, 0x00, 0xaf, 0x50, 0x00, 0x00,
  0x00, 0x00, 0x1d, 0xf3, 0x00, 0x00, 0x1e, 0xe3, 0x00, 0x00, 0x00, 0x00, 0xbf, 0x70, 0x00, 0x00,
  0x04, 0xfe, 0x20, 0x00, 0x00, 0x1b, 0xf9, 0x00, 0x00, 0x00, 0x00, 0x7f, 0xd3, 0x00, 0x04, 0xdf,
  0xb0, 0x00, 0x00, 0x00, 0x00, 0x07, 0xff, 0x60, 0x1d, 0xf7, 0x00, 0x00, 0x00, 0x00, 0x00, 0x00,
  0x4e, 0xe2, 0x02, 0x40, 0x00, 0x00, 0x00, 0x00, 0x00, 0x00, 0x02, 0x30, 0x00, 0x00, 0x00, 0x00,
  0x2a, 0x90, 0x00, 0x00, 0x00, 0x00, 0x00, 0x00, 0x00, 0x00, 0xbf, 0xf8, 0x00, 0x00, 0x00, 0x00,
  0x00, 0x00, 0x00, 0x07, 0xf6, 0x8f, 0x50, 0x00, 0x00, 0x00, 0x00, 0x00, 0x00, 0x6f, 0xa0, 0x0b,
  0xf5, 0x00, 0x00, 0x00, 0x00, 0x00, 0x05, 0xfb, 0x10, 0x01, 0xbf, 0x60, 0x00, 0x00, 0x00, 0x00,
  0x7f, 0xb1, 0x00, 0x00, 0x1b, 0xf8, 0x00, 0x00, 0x00, 0x19, 0xfa, 0x10, 0x00, 0x00, 0x00, 0x9f,
  0xb2, 0x00, 0x04, 0xdf, 0x80, 0x00, 0x00, 0x00, 0x00, 0x06, 0xfe, 0x70, 0x1e, 0xd4, 0xef, 0xff,
  0xff, 0xff, 0xff, 0xff, 0x3c, 0xd1, 0x03, 0x10, 0x55, 0x55, 0x5d, 0xc5, 0x55, 0x55, 0x00, 0x20,
  0x00, 0x00, 0x00, 0x00, 0x0d, 0xb0, 0x00, 0x00, 0x00, 0x00, 0x00, 0x00, 0x00, 0x00, 0x0d, 0xb0,
  0x00, 0x00, 0x00, 0x00, 0x00, 0x04, 0x55, 0x55, 0x5d, 0xc5, 0x55, 0x55, 0x40, 0x00, 0x00, 0x0d,
  0xff, 0xff, 0xff, 0xff, 0xff, 0xff, 0xc0, 0x00, 0x00, 0x00, 0x00, 0x00, 0x0d, 0xb0, 0x00, 0x00,
  0x00, 0x00, 0x00, 0x00, 0x00, 0x00, 0x0d, 0xb0, 0x00, 0x00, 0x00, 0x00, 0x00, 0x00, 0x00, 0x00,
  0x0d, 0xb0, 0x00, 0x00, 0x00, 0x00, 0x03, 0x55, 0x55, 0x55, 0x5e, 0xc5, 0x55, 0x55, 0x55, 0x30,
  0x07, 0xff, 0xff, 0xff, 0xff, 0xff, 0xff, 0xff, 0xff, 0x90, 0x00, 0x00, 0x00, 0x00, 0x07, 0x60,
  0x00, 0x00, 0x00, 0x00, 0x00, 0x00, 0x00, 0x00, 0x0d, 0xb0, 0x00, 0x00, 0x00, 0x00, 0x00, 0x00,
  0x00, 0x00, 0x0d, 0xb0, 0x00, 0x00, 0x00, 0x00, 0x00, 0x00, 0x00, 0x00, 0x0d, 0xb0, 0x00, 0x00,
  0x00, 0x00, 0x00, 0x00, 0x00, 0x00, 0x0d, 0xb0, 0x00, 0x00, 0x00, 0x00, 0x06, 0x88, 0x88, 0x88,
  0x8e, 0xd8, 0x88, 0x88, 0x88, 0x60, 0x0c, 0xff, 0xff, 0xff, 0xff, 0xff, 0xff, 0xff, 0xff, 0xc0,
  0x00, 0x00, 0x00, 0x00, 0x00, 0x00, 0x00, 0x00, 0x00, 0x00, 0x00, 0x00, 0x00, 0x00, 0x00, 0x00,
  0x00, 0x00, 0x00, 0x00, 0x00, 0x00, 0x00, 0x00, 0x00, 0x00, 0x00, 0x00, 0x00, 0x00, 0x00, 0x00,
  0x07, 0xe4, 0x00, 0x00, 0x4d, 0x30, 0x00, 0x00, 0x00, 0x00, 0x0d, 0xe1, 0x00, 0x00, 0x2e, 0xc0,
  0x00, 0x00, 0x00, 0x00, 0x5f, 0x80, 0x00, 0x00, 0x07, 0xf7, 0x00, 0x00, 0x00, 0x00, 0xcf, 0x10,
  0x00, 0x00, 0x00, 0xcf, 0x20, 0x00, 0x00, 0x04, 0xf9, 0x00, 0x00, 0x00, 0x00, 0x4f, 0xb0, 0x00,
  0x00, 0x1d, 0xf2, 0x00, 0x00, 0x00, 0x00, 0x0a, 0xf4, 0x00, 0x00, 0x9f, 0x70, 0x00, 0x00, 0x00,
  0x00, 0x02, 0xfc, 0x00, 0x06, 0xfc, 0x00, 0x00, 0x00, 0x00, 0x00, 0x00, 0xaf, 0x40, 0x0c, 0xe2,
  0x00, 0x00, 0x00, 0x00, 0x00, 0x00, 0x3f, 0xa0, 0x01, 0x30, 0x00, 0x00, 0x00, 0x00, 0x00, 0x00,
  0x04, 0x00, 0x00, 0x00, 0x00, 0x00, 0x00, 0x02, 0x93, 0x00, 0x00, 0x00, 0x00, 0x10, 0x00, 0x00,
  0x00, 0x03, 0xf4, 0x00, 0x00, 0x00, 0x09, 0xd3, 0x00, 0x00, 0x00, 0x03, 0xf4, 0x00, 0x00, 0x00,
  0x04, 0xee, 0x30, 0x00, 0x00, 0x03, 0xf4, 0x00, 0x00, 0x00, 0x00, 0x3e, 0xe3, 0x27, 0x77, 0x79,
  0xfa, 0x77, 0x77, 0x50, 0x00, 0x03, 0xd3, 0x4f, 0xff, 0xff, 0xff, 0xff, 0xff, 0x90, 0x00, 0x00,
  0x10, 0x4f, 0x30, 0x03, 0xf4, 0x00, 0x0e, 0x90, 0x00, 0x00, 0x00, 0x4f, 0x30, 0x03, 0xf4, 0x00,
  0x0e, 0x90, 0x00, 0x00, 0x00, 0x4f, 0x30, 0x03, 0xf4, 0x00, 0x0e, 0x90, 0x00, 0x00, 0x00, 0x4f,
  0x30, 0x03, 0xf4, 0x00, 0x0e, 0x90, 0x00, 0x00, 0xb4, 0x4f, 0x30, 0x03, 0xf4, 0x00, 0x0e, 0x90,
  0x00, 0x06, 0xf5, 0x4f, 0xff, 0xff, 0xff, 0xff, 0xff, 0x90, 0x00, 0x0d, 0xc0, 0x4f, 0x98, 0x89,
  0xfa, 0x88, 0x8e, 0x90, 0x00, 0x6f, 0x50, 0x3c, 0x30, 0x03, 0xf4, 0x00, 0x0a, 0x70, 0x01, 0xec,
  0x00, 0x00, 0x00, 0x03, 0xf4, 0x00, 0x00, 0x00, 0x08, 0xf4, 0x00, 0x00, 0x00, 0x03, 0xf4, 0x00,
  0x00, 0x00, 0x1f, 0xb0, 0x00, 0x00, 0x00, 0x03, 0xf4, 0x00, 0x00, 0x00, 0x03, 0x30, 0x00, 0x00,
  0x00, 0x03, 0xf4, 0x00, 0x00, 0x00, 0x00, 0x00, 0x00, 0x00, 0x00, 0x03, 0xf4, 0x00, 0x00, 0x00,
  0x00, 0x00, 0x00, 0x00, 0x00, 0x02, 0xa3, 0x00, 0x00, 0x00, 0x00, 0x00, 0x00, 0x00, 0x07, 0x60,
  0x00, 0x00, 0x00, 0x00, 0x00, 0x00, 0x00, 0x00, 0x0d, 0xa0, 0x00, 0x00, 0x00, 0x00, 0x00, 0x0a,
  0x50, 0x00, 0x0d, 0xa0, 0x00, 0x05, 0xa1, 0x00, 0x00, 0x0f, 0x80, 0x00, 0x0d, 0xa0, 0x00, 0x07,
  0xf1, 0x00, 0x00, 0x0f, 0x80, 0x00, 0x0d, 0xa0, 0x00, 0x07, 0xf1, 0x00, 0x00, 0x0f, 0x80, 0x00,
  0x0d, 0xa0, 0x00, 0x07, 0xf1, 0x00, 0x00, 0x0f, 0x80, 0x00, 0x0d, 0xa0, 0x00, 0x07, 0xf1, 0x00,
  0x00, 0x0f, 0x80, 0x00, 0x0d, 0xa0, 0x00, 0x07, 0xf1, 0x00, 0x00, 0x0f, 0xff, 0xff, 0xff, 0xff,
  0xff, 0xff, 0xf1, 0x00, 0x00, 0x07, 0x77, 0x77, 0x7e, 0xc7, 0x77, 0x77, 0x70, 0x00, 0x00, 0x11,
  0x00, 0x00, 0x0d, 0xa0, 0x00, 0x00, 0x12, 0x00, 0x00, 0xbb, 0x00, 0x00, 0x0d, 0xa0, 0x00, 0x00,
  0xad, 0x00, 0x00, 0xbb, 0x00, 0x00, 0x0d, 0xa0, 0x00, 0x00, 0xad, 0x00, 0x00, 0xbb, 0x00, 0x00,
  0x0d, 0xa0, 0x00, 0x00, 0xad, 0x00, 0x00, 0xbb, 0x00, 0x00, 0x0d, 0xa0, 0x00, 0x00, 0xad, 0x00,
  0x00, 0xbb, 0x00, 0x00, 0x0d, 0xa0, 0x00, 0x00, 0xad, 0x00, 0x00, 0xbb, 0x00, 0x00, 0x0d, 0xa0,
  0x00, 0x00, 0xad, 0x00, 0x00, 0xbf, 0xff, 0xff, 0xff, 0xff, 0xff, 0xff, 0xfd, 0x00, 0x00, 0xbd,
  0x77, 0x77, 0x77, 0x77, 0x77, 0x77, 0xdd, 0x00, 0x00, 0x88, 0x00, 0x00, 0x00, 0x00, 0x00, 0x00,
  0x79, 0x00, 0x00, 0x00, 0x00, 0x00, 0x07, 0x80, 0x00, 0x00, 0x00, 0x00, 0x00, 0x00, 0x00, 0x00,
  0x0b, 0xc0, 0x00, 0x00, 0x00, 0x00, 0x00, 0x00, 0x00, 0x00, 0x0b, 0xc0, 0x00, 0x00, 0x00, 0x00,
  0x00, 0x27, 0x77, 0x77, 0x7d, 0xe7, 0x77, 0x77, 0x73, 0x00, 0x00, 0x3f, 0xff, 0xff, 0xff, 0xff,
  0xff, 0xff, 0xf5, 0x00, 0x00, 0x00, 0x00, 0x00, 0x0b, 0xc0, 0x00, 0x00, 0x00, 0x00, 0x00, 0x00,
  0x00, 0x00, 0x0b, 0xc0, 0x00, 0x00, 0x00, 0x00, 0x00, 0x00, 0x00, 0x00, 0x0b, 0xc0, 0x00, 0x00,
  0x00, 0x00, 0x05, 0x77, 0x77, 0x77, 0x7d, 0xe7, 0x77, 0x77, 0x77, 0x50, 0x0b, 0xff, 0xff, 0xff,
  0xff, 0xff, 0xff, 0xff, 0xff, 0xb0, 0x00, 0x00, 0x00, 0x00, 0x0b, 0xc0, 0x00, 0x00, 0x00, 0x00,
  0x00, 0x05, 0x30, 0x00, 0x0b, 0xc0, 0x00, 0x03, 0x50, 0x00, 0x00, 0x1f, 0x80, 0x00, 0x0b, 0xc0,
  0x00, 0x07, 0xf0, 0x00, 0x00, 0x1f, 0x80, 0x00, 0x0b, 0xc0, 0x00, 0x07, 0xf0, 0x00, 0x00, 0x1f,
  0x80, 0x00, 0x0b, 0xc0, 0x00, 0x07, 0xf0, 0x00, 0x00, 0x1f, 0x80, 0x00, 0x0b, 0xc0, 0x00, 0x07,
  0xf0, 0x00, 0x00, 0x1f, 0x80, 0x00, 0x0b, 0xc0, 0x00, 0x07, 0xf0, 0x00, 0x00, 0x1f, 0xff, 0xff,
  0xff, 0xff, 0xff, 0xff, 0xf0, 0x00, 0x00, 0x07, 0x77, 0x77, 0x77, 0x77, 0x77, 0x7b, 0xf0, 0x00,
  0x00, 0x00, 0x00, 0x00, 0x00, 0x00, 0x00, 0x05, 0xa0, 0x00, 0x00, 0x00, 0x00, 0x00, 0x00, 0x00,
  0x00, 0x00, 0x26, 0x10, 0x00, 0x55, 0x55, 0x55, 0x55, 0x40, 0x00, 0x00, 0x5f, 0x20, 0x00, 0xef,
  0xff, 0xff, 0xff, 0xa0, 0x19, 0x30, 0x5f, 0x20, 0x00, 0xe7, 0x00, 0x00, 0x0b, 0xa0, 0x1f, 0x50,
  0x5f, 0x20, 0x00, 0xe7, 0x03, 0x80, 0x0b, 0xa0, 0x1f, 0x50, 0x5f, 0x20, 0x00, 0xe7, 0x06, 0xf0,
  0x0b, 0xa0, 0x1f, 0x50, 0x5f, 0x20, 0x00, 0xe7, 0x06, 0xf0, 0x0b, 0xa0, 0x1f, 0x50, 0x5f, 0x20,
  0x00, 0xe7, 0x06, 0xf0, 0x0b, 0xa0, 0x1f, 0x50, 0x5f, 0x20, 0x00, 0xe7, 0x06, 0xf0, 0x0b, 0xa0,
  0x1f, 0x50, 0x5f, 0x20, 0x00, 0xe7, 0x06, 0xf0, 0x0b, 0xa0, 0x1f, 0x50, 0x5f, 0x20, 0x00, 0xe7,
  0x06, 0xf0, 0x0b, 0xa0, 0x1f, 0x50, 0x5f, 0x20, 0x00, 0xe7, 0x07, 0xe0, 0x0b, 0xa0, 0x1f, 0x50,
  0x5f, 0x20, 0x00, 0xe7, 0x09, 0xd0, 0x0b, 0xa0, 0x1f, 0x50, 0x5f, 0x20, 0x00, 0xe7, 0x0c, 0xa0,
  0x0b, 0xa0, 0x1f, 0x50, 0x5f, 0x20, 0x00, 0x42, 0x2f, 0x52, 0x02, 0x20, 0x1d, 0x50, 0x5f, 0x20,
  0x00, 0x00, 0xbe, 0x5f, 0x50, 0x00, 0x00, 0x00, 0x5f, 0x20, 0x00, 0x07, 0xf7, 0x09, 0xf7, 0x00,
  0x00, 0x00, 0x5f, 0x20, 0x00, 0x7f, 0xa0, 0x00, 0x8f, 0x70, 0x00, 0x00, 0x6f, 0x20, 0x0c, 0xf9,
  0x00, 0x00, 0x08, 0x90, 0x0b, 0xff, 0xfe, 0x00, 0x04, 0x40, 0x00, 0x00, 0x00, 0x00, 0x04, 0x87,
  0x62, 0x00, 0x00, 0x00, 0x84, 0x00, 0x00, 0x00, 0x00, 0x00, 0x00, 0x00, 0x00, 0x00, 0xf7, 0x00,
  0x00, 0x00, 0x00, 0x00, 0x00, 0x00, 0x00, 0x00, 0xf7, 0x00, 0x46, 0x66, 0x66, 0x66, 0x66, 0x50,
  0x00, 0x00, 0xf7, 0x00, 0xbf, 0xff, 0xff, 0xff, 0xff, 0xc0, 0x05, 0x55, 0xfa, 0x55, 0x00, 0x05,
  0xf2, 0x00, 0x0b, 0xb0, 0x0e, 0xff, 0xff, 0xff, 0x20, 0x06, 0xf2, 0x00, 0x0c, 0xb0, 0x00, 0x00,
  0x00, 0xda, 0x00, 0x07, 0xf1, 0x00, 0x0c, 0xb0, 0x00, 0x00, 0x06, 0xf3, 0x00, 0x07, 0xf0, 0x00,
  0x0d, 0xa0, 0x00, 0x00, 0x2e, 0x83, 0x30, 0x08, 0xe0, 0x00, 0x0d, 0xa0, 0x00, 0x00, 0xbd, 0x1c,
  0xa0, 0x0b, 0xc0, 0x00, 0x0d, 0x90, 0x00, 0x08, 0xff, 0xbd, 0x10, 0x0d, 0x90, 0x00, 0x0e, 0x90,
  0x00, 0x7f, 0xfc, 0xf5, 0x00, 0x1f, 0x70, 0x00, 0x0f, 0x80, 0x09, 0xf8, 0xf7, 0x9e, 0x30, 0x4f,
  0x40, 0x00, 0x0f, 0x80, 0x4f, 0x80, 0xf7, 0x0c, 0x50, 0x8f, 0x10, 0x00, 0x1f, 0x70, 0x04, 0x00,
  0xf7, 0x01, 0x01, 0xeb, 0x00, 0x00, 0x2f, 0x60, 0x00, 0x00, 0xf7, 0x00, 0x07, 0xf4, 0x00, 0x00,
  0x4f, 0x40, 0x00, 0x00, 0xf7, 0x00, 0x3e, 0xc0, 0x00, 0x00, 0x6f, 0x30, 0x00, 0x00, 0xf7, 0x02,
  0xde, 0x20, 0x01, 0x01, 0xce, 0x00, 0x00, 0x00, 0xf7, 0x1d, 0xf4, 0x00, 0x2f, 0xff, 0xf8, 0x00,
  0x00, 0x00, 0xa5, 0x04, 0x40, 0x00, 0x06, 0x77, 0x50, 0x00, 0x00, 0x00, 0x07, 0x70, 0x00, 0x00,
  0x00, 0x00, 0x14, 0x10, 0x02, 0x40, 0x0b, 0xa0, 0x06, 0x40, 0x00, 0x00, 0x4f, 0x40, 0x06, 0xe1,
  0x0b, 0xa0, 0x1e, 0x80, 0x31, 0x00, 0x4f, 0x40, 0x01, 0xe7, 0x0b, 0xa0, 0x5f, 0x22, 0xf5, 0x00,
  0x4f, 0x40, 0x00, 0xac, 0x0b, 0xa0, 0xca, 0x02, 0xf5, 0x00, 0x4f, 0x40, 0x00, 0x5d, 0x1b, 0xa2,
  0xf3, 0x02, 0xf5, 0x00, 0x4f, 0x40, 0x00, 0x00, 0x0b, 0xa0, 0x10, 0x02, 0xf5, 0x00, 0x4f, 0x40,
  0x0a, 0xff, 0xff, 0xff, 0xff, 0x92, 0xf5, 0x00, 0x4f, 0x40, 0x04, 0x66, 0x6d, 0xc6, 0x66, 0x32,
  0xf5, 0x00, 0x4f, 0x40, 0x00, 0x00, 0x0b, 0xa0, 0x00, 0x02, 0xf5, 0x00, 0x4f, 0x40, 0x00, 0x00,
  0x0b, 0xa0, 0x00, 0x02, 0xf5, 0x00, 0x4f, 0x40, 0x16, 0x66, 0x6d, 0xc6, 0x66, 0x63, 0xf5, 0x00,
  0x4f, 0x40, 0x3f, 0xff, 0xff, 0xff, 0xff, 0xf3, 0xf5, 0x00, 0x4f, 0x40, 0x00, 0x00, 0x0b, 0xa0,
  0x00, 0x02, 0xf5, 0x00, 0x4f, 0x40, 0x00, 0x00, 0x0b, 0xa0, 0x00, 0x02, 0xc4, 0x00, 0x4f, 0x40,
  0x00, 0x00, 0x0b, 0xa0, 0x00, 0x00, 0x00, 0x00, 0x4f, 0x40, 0x00, 0x00, 0x0b, 0xa0, 0x00, 0x00,
  0x00, 0x00, 0x4f, 0x40, 0x00, 0x00, 0x0b, 0xa0, 0x00, 0x00, 0x00, 0x00, 0x5f, 0x30, 0x00, 0x00,
  0x0b, 0xa0, 0x00, 0x00, 0x0a, 0xfe, 0xfe, 0x10, 0x00, 0x00, 0x06, 0x50, 0x00, 0x00, 0x03, 0x88,
  0x62, 0x00, 0x06, 0x66, 0x66, 0x66, 0x66, 0x62, 0x00, 0x00, 0x2f, 0x50, 0x0f, 0xff, 0xff, 0xff,
  0xff, 0xf4, 0x00, 0x00, 0x2f, 0x50, 0x00, 0x00, 0xdc, 0x00, 0x00, 0x00, 0xd9, 0x00, 0x2f, 0x50,
  0x00, 0x02, 0xf7, 0x03, 0xa0, 0x00, 0xd9, 0x00, 0x2f, 0x50, 0x00, 0x07, 0xf1, 0x03, 0xf8, 0x00,
  0xd9, 0x00, 0x2f, 0x50, 0x00, 0x0c, 0xa0, 0x00, 0x7f, 0x40, 0xd9, 0x00, 0x2f, 0x50, 0x03, 0x4f,
  0xee, 0xff, 0xff, 0xd1, 0xd9, 0x00, 0x2f, 0x50, 0x0a, 0x98, 0x77, 0x65, 0x43, 0xe7, 0xd9, 0x00,
  0x2f, 0x50, 0x00, 0x00, 0x09, 0xd0, 0x00, 0x40, 0xd9, 0x00, 0x2f, 0x50, 0x00, 0x00, 0x09, 0xd0,
  0x00, 0x00, 0xd9, 0x00, 0x2f, 0x50, 0x02, 0x55, 0x5b, 0xe5, 0x55, 0x40, 0xd9, 0x00, 0x2f, 0x50,
  0x06, 0xff, 0xff, 0xff, 0xff, 0xa0, 0xd9, 0x00, 0x2f, 0x50, 0x00, 0x00, 0x09, 0xd0, 0x00, 0x00,
  0xd9, 0x00, 0x2f, 0x50, 0x00, 0x00, 0x09, 0xd0, 0x00, 0x00, 0x54, 0x00, 0x2f, 0x50, 0x00, 0x00,
  0x09, 0xd0, 0x00, 0x00, 0x00, 0x00, 0x2f, 0x50, 0x00, 0x00, 0x1a, 0xe8, 0xac, 0xe5, 0x00, 0x00,
  0x2f, 0x50, 0x1a, 0xce, 0xff, 0xff, 0xdb, 0x93, 0x00, 0x00, 0x3f, 0x50, 0x1d, 0xb9, 0x75, 0x30,
  0x00, 0x00, 0x06, 0xff, 0xff, 0x20, 0x00, 0x00, 0x00, 0x00, 0x00, 0x00, 0x01, 0x88, 0x63, 0x00,
  0x00, 0x00, 0x00, 0x00, 0x00, 0x00, 0x05, 0x30, 0x00, 0x00, 0x00, 0x00, 0x00, 0x00, 0x00, 0x00,
  0x0e, 0x80, 0x00, 0x00, 0x03, 0xff, 0xff, 0xff, 0xf8, 0x00, 0x0e, 0x80, 0x00, 0x00, 0x01, 0x55,
  0x55, 0x55, 0x53, 0x00, 0x0f, 0x70, 0x00, 0x00, 0x00, 0x00, 0x00, 0x00, 0x00, 0x00, 0x0f, 0x70,
  0x00, 0x00, 0x00, 0x00, 0x00, 0x00, 0x00, 0xdf, 0xff, 0xff, 0xff, 0xd0, 0x00, 0x00, 0x00, 0x00,
  0x00, 0x67, 0x8f, 0xa7, 0x7c, 0xd0, 0x0e, 0xff, 0xff, 0xff, 0xfd, 0x00, 0x2f, 0x50, 0x0a, 0xc0,
  0x05, 0x68, 0xf9, 0x66, 0x65, 0x00, 0x4f, 0x40, 0x0a, 0xc0, 0x00, 0x06, 0xf1, 0x00, 0x00, 0x00,
  0x5f, 0x20, 0x0b, 0xb0, 0x00, 0x0a, 0xc0, 0x08, 0x40, 0x00, 0x7f, 0x10, 0x0b, 0xb0, 0x00, 0x0e,
  0x80, 0x0b, 0xa0, 0x00, 0xad, 0x00, 0x0c, 0xa0, 0x00, 0x3f, 0x40, 0x06, 0xe1, 0x00, 0xda, 0x00,
  0x0d, 0x90, 0x00, 0x8d, 0x00, 0x01, 0xf6, 0x01, 0xf7, 0x00, 0x0e, 0x80, 0x00, 0xe9, 0x47, 0xbe,
  0xfb, 0x07, 0xf3, 0x00, 0x0f, 0x70, 0x07, 0xff, 0xff, 0xc8, 0x9f, 0x1d, 0xc0, 0x00, 0x1f, 0x60,
  0x06, 0xd8, 0x41, 0x00, 0x28, 0x6f, 0x60, 0x00, 0x3f, 0x40, 0x00, 0x00, 0x00, 0x00, 0x02, 0xed,
  0x11, 0x00, 0x9f, 0x20, 0x00, 0x00, 0x00, 0x00, 0x09, 0xf3, 0x0c, 0xff, 0xfa, 0x00, 0x00, 0x00,
  0x00, 0x00, 0x01, 0x50, 0x03, 0x66, 0x50, 0x00, 0x00, 0x00, 0x00, 0x00, 0x00, 0x00, 0x38, 0x10,
  0x00, 0x00, 0x00, 0x55, 0x55, 0x55, 0x40, 0x00, 0x5f, 0x20, 0x00, 0x00, 0x00, 0xdf, 0xff, 0xff,
  0xa0, 0x00, 0x5f, 0x10, 0x00, 0x00, 0x00, 0xd7, 0x00, 0x0b, 0xa0, 0x00, 0x5f, 0x10, 0x00, 0x00,
  0x00, 0xd7, 0x00, 0x0b, 0xa0, 0x00, 0x6f, 0x10, 0x00, 0x00, 0x00, 0xd7, 0x00, 0x0b, 0xaa, 0xff,
  0xff, 0xff, 0xff, 0x90, 0x00, 0xdf, 0xff, 0xff, 0xa4, 0x66, 0xaf, 0x66, 0x6e, 0x80, 0x00, 0xda,
  0x55, 0x5d, 0xa0, 0x00, 0x8d, 0x00, 0x0e, 0x80, 0x00, 0xd7, 0x00, 0x0b, 0xa0, 0x00, 0xac, 0x00,
  0x0e, 0x80, 0x00, 0xd7, 0x00, 0x0b, 0xa0, 0x00, 0xba, 0x00, 0x0f, 0x70, 0x00, 0xda, 0x55, 0x5d,
  0xa0, 0x00, 0xd9, 0x00, 0x0f, 0x70, 0x00, 0xdf, 0xff, 0xff, 0xa0, 0x02, 0xf5, 0x00, 0x1f, 0x60,
  0x00, 0xd7, 0x00, 0x0b, 0xa0, 0x06, 0xf2, 0x00, 0x1f, 0x60, 0x00, 0xd7, 0x00, 0x0b, 0xa0, 0x0a,
  0xd0, 0x00, 0x2f, 0x50, 0x00, 0xd7, 0x00, 0x3d, 0xda, 0x3f, 0x80, 0x00, 0x3f, 0x40, 0x02, 0xec,
  0xbe, 0xff, 0xc8, 0xbe, 0x10, 0x00, 0x4f, 0x30, 0x4f, 0xfe, 0xb8, 0x41, 0x06, 0xf7, 0x00, 0x00,
  0x6f, 0x10, 0x17, 0x30, 0x00, 0x00, 0x8f, 0xc0, 0x01, 0x01, 0xbe, 0x00, 0x00, 0x00, 0x00, 0x05,
  0xfc, 0x10, 0x0e, 0xff, 0xf8, 0x00, 0x00, 0x00, 0x00, 0x00, 0x60, 0x00, 0x04, 0x66, 0x40, 0x00,
  0x00, 0x00, 0x06, 0x60, 0x00, 0x00, 0x00, 0x00, 0x00, 0x00, 0x00, 0x00, 0x1e, 0xb0, 0x00, 0x00,
  0x00, 0x00, 0x00, 0x00, 0x00, 0x00, 0x6f, 0x50, 0x00, 0x00, 0x00, 0x00, 0x00, 0x00, 0x00, 0x00,
  0xcf, 0x87, 0x77, 0x77, 0x77, 0x77, 0x77, 0x40, 0x00, 0x03, 0xff, 0xff, 0xff, 0xff, 0xff, 0xff,
  0xff, 0x80, 0x00, 0x09, 0xe2, 0x01, 0xf8, 0x00, 0x7f, 0x20, 0x1f, 0x70, 0x00, 0x3f, 0x80, 0x06,
  0xf3, 0x00, 0xad, 0x00, 0x1f, 0x60, 0x00, 0xce, 0x10, 0x0b, 0xd0, 0x00, 0xda, 0x00, 0x2f, 0x60,
  0x09, 0xf6, 0x00, 0x2f, 0x80, 0x02, 0xf6, 0x00, 0x3f, 0x50, 0x2f, 0xa0, 0x00, 0x8f, 0x20, 0x06,
  0xf3, 0x00, 0x4f, 0x40, 0x04, 0x10, 0x01, 0xe9, 0x00, 0x0b, 0xd0, 0x00, 0x5f, 0x30, 0x00, 0x00,
  0x08, 0xf2, 0x00, 0x1f, 0x80, 0x00, 0x6f, 0x20, 0x00, 0x00, 0x3f, 0x90, 0x00, 0x6f, 0x30, 0x00,
  0x7f, 0x10, 0x00, 0x01, 0xde, 0x10, 0x00, 0xdc, 0x00, 0x00, 0x8f, 0x00, 0x00, 0x0a, 0xf5, 0x00,
  0x07, 0xf4, 0x00, 0x00, 0xad, 0x00, 0x00, 0xaf, 0x80, 0x00, 0x1e, 0xb0, 0x00, 0x00, 0xcc, 0x00,
  0x02, 0xe9, 0x00, 0x00, 0xaf, 0x40, 0x00, 0x00, 0xe9, 0x00, 0x00, 0x20, 0x00, 0x09, 0xf7, 0x00,
  0x10, 0x06, 0xf6, 0x00, 0x00, 0x00, 0x00, 0x3f, 0xa0, 0x00, 0xdf, 0xff, 0xd1, 0x00, 0x00, 0x00,
  0x00, 0x03, 0x10, 0x00, 0x47, 0x76, 0x10, 0x00, 0x00, 0x00, 0x00, 0x30, 0x01, 0x20, 0x00, 0x00,
  0x00, 0x00, 0x00, 0x00, 0x02, 0xf8, 0x04, 0xf3, 0x00, 0x00, 0x00, 0x00, 0x00, 0x00, 0x09, 0xe1,
  0x04, 0xf3, 0x00, 0x00, 0x00, 0x00, 0x00, 0x00, 0x2f, 0x80, 0x04, 0xf3, 0x00, 0x00, 0x00, 0x00,
  0x00, 0x00, 0xbe, 0x10, 0x04, 0xf3, 0x00, 0x00, 0x14, 0x00, 0x00, 0x05, 0xf8, 0x00, 0x04, 0xf3,
  0x00, 0x03, 0xde, 0x10, 0x00, 0x2e, 0xf7, 0x00, 0x04, 0xf3, 0x00, 0x6e, 0xe5, 0x00, 0x01, 0xcf,
  0xf7, 0x00, 0x04, 0xf3, 0x2b, 0xfc, 0x20, 0x00, 0x1c, 0xf7, 0xf7, 0x00, 0x04, 0xf9, 0xee, 0x70,
  0x00, 0x00, 0x6f, 0x81, 0xf7, 0x00, 0x04, 0xff, 0x91, 0x00, 0x00, 0x00, 0x08, 0x01, 0xf7, 0x00,
  0x04, 0xf5, 0x00, 0x00, 0x00, 0x00, 0x00, 0x01, 0xf7, 0x00, 0x04, 0xf3, 0x00, 0x00, 0x00, 0x00,
  0x00, 0x01, 0xf7, 0x00, 0x04, 0xf3, 0x00, 0x00, 0x00, 0x00, 0x00, 0x01, 0xf7, 0x00, 0x04, 0xf3,
  0x00, 0x00, 0x00, 0x00, 0x00, 0x01, 0xf7, 0x00, 0x04, 0xf3, 0x00, 0x00, 0x01, 0x91, 0x00, 0x01,
  0xf7, 0x00, 0x04, 0xf3, 0x00, 0x00, 0x03, 0xf4, 0x00, 0x01, 0xf7, 0x00, 0x04, 0xf4, 0x00, 0x00,
  0x04, 0xf2, 0x00, 0x01, 0xf7, 0x00, 0x03, 0xf7, 0x00, 0x00, 0x0a, 0xe0, 0x00, 0x01, 0xf7, 0x00,
  0x00, 0xdf, 0xff, 0xff, 0xff, 0x70, 0x00, 0x00, 0xa5, 0x00, 0x00, 0x15, 0x66, 0x66, 0x63, 0x00,
  0x01, 0x77, 0x77, 0x77, 0x77, 0x77, 0x77, 0x77, 0x77, 0x40, 0x02, 0xff, 0xff, 0xff, 0xff, 0xff,
  0xff, 0xff, 0xff, 0x90, 0x02, 0xf6, 0x00, 0x0a, 0xd0, 0x00, 0xbb, 0x00, 0x00, 0x00, 0x02, 0xf6,
  0x00, 0x0a, 0xc0, 0x00, 0xbb, 0x00, 0x00, 0x00, 0x02, 0xf6, 0x00, 0x0b, 0xb0, 0x00, 0xbb, 0x00,
  0x00, 0x00, 0x02, 0xf6, 0x00, 0x0c, 0xa0, 0x00, 0xbb, 0x00, 0x00, 0x00, 0x02, 0xf6, 0x00, 0x0e,
  0x80, 0x00, 0xbb, 0x00, 0x00, 0x00, 0x02, 0xf6, 0x00, 0x2f, 0x60, 0x00, 0xbb, 0x00, 0x09, 0x30,
  0x02, 0xf6, 0x00, 0x5f, 0x30, 0x00, 0xbb, 0x00, 0x0d, 0x70, 0x02, 0xf6, 0x00, 0xcc, 0x00, 0x00,
  0xbb, 0x00, 0x0e, 0x60, 0x02, 0xf6, 0x07, 0xf5, 0x00, 0x00, 0xae, 0x66, 0x7f, 0x30, 0x02, 0xf6,
  0x9f, 0xa0, 0x00, 0x00, 0x4e, 0xff, 0xfa, 0x00, 0x02, 0xf6, 0x68, 0x00, 0x00, 0x00, 0x00, 0x00,
  0x00, 0x00, 0x02, 0xf6, 0x00, 0x00, 0x00, 0x00, 0x00, 0x00, 0x00, 0x00, 0x02, 0xf6, 0x00, 0x00,
  0x00, 0x00, 0x00, 0x00, 0x00, 0x00, 0x02, 0xf6, 0x00, 0x00, 0x00, 0x00, 0x00, 0x00, 0x00, 0x00,
  0x02, 0xff, 0xff, 0xff, 0xff, 0xff, 0xff, 0xff, 0xff, 0xf0, 0x02, 0xfa, 0x77, 0x77, 0x77, 0x77,
  0x77, 0x77, 0x77, 0x70, 0x01, 0xa4, 0x00, 0x00, 0x00, 0x00, 0x00, 0x00, 0x00, 0x00, 0x00, 0x56,
  0x66, 0x66, 0x64, 0x06, 0x77, 0x77, 0x77, 0x30, 0x00, 0xcf, 0xff, 0xff, 0xfa, 0x0d, 0xff, 0xff,
  0xff, 0x60, 0x00, 0xc9, 0x00, 0x00, 0xca, 0x0d, 0xa0, 0x00, 0x2f, 0x60, 0x00, 0xc9, 0x00, 0x00,
  0xca, 0x0d, 0xa0, 0x00, 0x2f, 0x60, 0x00, 0xcb, 0x55, 0x55, 0xda, 0x0d, 0xa0, 0x00, 0x2f, 0x60,
  0x00, 0xcf, 0xff, 0xff, 0xfa, 0x0d, 0xa0, 0x00, 0x2f, 0x60, 0x00, 0xc9, 0x00, 0x00, 0xca, 0x0d,
  0xa0, 0x00, 0x2f, 0x60, 0x00, 0xc9, 0x00, 0x00, 0xca, 0x0d, 0xa0, 0x00, 0x2f, 0x60, 0x00, 0xcb,
  0x66, 0x66, 0xda, 0x0d, 0xa0, 0x00, 0x2f, 0x60, 0x00, 0xcf, 0xff, 0xff, 0xfa, 0x0d, 0xa0, 0x00,
  0x2f, 0x60, 0x00, 0xc9, 0x00, 0x00, 0x00, 0x0d, 0xa0, 0x00, 0x2f, 0x60, 0x00, 0xc9, 0x00, 0x94,
  0x00, 0x0d, 0xa0, 0x00, 0x2f, 0x60, 0x00, 0xc9, 0x00, 0xbd, 0x10, 0x0d, 0xa0, 0x00, 0x2f, 0x60,
  0x00, 0xc9, 0x00, 0x3f, 0x80, 0x0d, 0xa0, 0x00, 0x2f, 0x60, 0x00, 0xc9, 0x01, 0x5d, 0xf2, 0x0d,
  0xa0, 0xaf, 0xff, 0x40, 0x00, 0xdd, 0xcf, 0xfd, 0xea, 0x0d, 0xa0, 0x49, 0x85, 0x00, 0x1e, 0xff,
  0xb7, 0x20, 0x8f, 0x2d, 0xa0, 0x00, 0x00, 0x00, 0x08, 0x51, 0x00, 0x00, 0x17, 0x1d, 0xa0, 0x00,
  0x00, 0x00, 0x00, 0x00, 0x00, 0x00, 0x00, 0x09, 0x70, 0x00, 0x00, 0x00, 0x00, 0x00, 0x00, 0x07,
  0x40, 0x00, 0x00, 0x00, 0x00, 0x00, 0x00, 0x00, 0x00, 0x4f, 0x70, 0x00, 0x49, 0x10, 0x00, 0x00,
  0x00, 0x00, 0x00, 0xdc, 0x00, 0x00, 0x4e, 0xd3, 0x00, 0x00, 0x00, 0x00, 0x08, 0xf4, 0x33, 0x34,
  0x46, 0xef, 0x60, 0x00, 0x02, 0xff, 0xff, 0xff, 0xff, 0xff, 0xff, 0xee, 0xf7, 0x00, 0x00, 0x65,
  0x54, 0x47, 0xf7, 0x11, 0x00, 0x00, 0x9e, 0x20, 0x00, 0x00, 0x00, 0x0c, 0xd0, 0x00, 0x00, 0x00,
  0x01, 0x00, 0x0e, 0xff, 0xff, 0xff, 0xff, 0xff, 0xff, 0xff, 0xff, 0xf0, 0x05, 0x55, 0x59, 0xfa,
  0x55, 0x55, 0xaf, 0x85, 0x55, 0x50, 0x00, 0x00, 0x4f, 0xb0, 0x01, 0x83, 0x0c, 0xe3, 0x00, 0x00,
  0x00, 0x05, 0xfc, 0x11, 0x7e, 0xb2, 0x01, 0xce, 0x40, 0x00, 0x02, 0xaf, 0xc7, 0xbf, 0xc5, 0x00,
  0x10, 0x1c, 0xfa, 0x20, 0x5f, 0xe7, 0x06, 0x83, 0x00, 0x06, 0xe7, 0x00, 0x8f, 0xf2, 0x09, 0x20,
  0x00, 0x00, 0x16, 0xde, 0x60, 0x00, 0x03, 0x60, 0x00, 0x00, 0x03, 0x8c, 0xfd, 0x71, 0x00, 0x39,
  0x20, 0x00, 0x00, 0x00, 0x0b, 0xd8, 0x30, 0x00, 0x06, 0xfb, 0x10, 0x00, 0x00, 0x00, 0x01, 0x00,
  0x00, 0x16, 0xdf, 0x90, 0x00, 0x00, 0x00, 0x00, 0x00, 0x03, 0x7b, 0xef, 0x92, 0x00, 0x00, 0x00,
  0x00, 0x01, 0xad, 0xff, 0xea, 0x61, 0x00, 0x00, 0x00, 0x00, 0x00, 0x00, 0x89, 0x63, 0x10, 0x00,
  0x00, 0x00, 0x00, 0x00, 0x00, 0x00, 0x00, 0x00, 0x0a, 0x60, 0x00, 0x30, 0x00, 0x00, 0x00, 0x00,
  0xbc, 0x00, 0x3f, 0x80, 0x04, 0xf6, 0x00, 0x00, 0x00, 0x01, 0xf9, 0x00, 0x5f, 0x60, 0x00, 0x8f,
  0x50, 0x00, 0x00, 0x06, 0xf4, 0x00, 0x8f, 0x30, 0x00, 0x0a, 0xd1, 0x00, 0x00, 0x0d, 0xc0, 0x00,
  0xaf, 0x10, 0x00, 0x01, 0x20, 0x00, 0x00, 0x7f, 0xff, 0xff, 0xff, 0xff, 0xff, 0xff, 0xff, 0x90,
  0x00, 0x39, 0x77, 0x79, 0xfb, 0x77, 0x77, 0x77, 0x77, 0x40, 0x00, 0x00, 0x00, 0x09, 0xf3, 0x00,
  0x00, 0x00, 0x00, 0x00, 0x00, 0x00, 0x00, 0x0e, 0xe0, 0x00, 0x00, 0x00, 0x00, 0x00, 0x00, 0x00,
  0x00, 0x4f, 0xff, 0xff, 0xff, 0xff, 0x90, 0x00, 0x00, 0x00, 0x00, 0xcf, 0xd7, 0x77, 0x77, 0x9f,
  0x60, 0x00, 0x00, 0x00, 0x05, 0xfe, 0xf3, 0x00, 0x00, 0xbe, 0x00, 0x00, 0x00, 0x00, 0x1d, 0xe1,
  0xcb, 0x00, 0x05, 0xf7, 0x00, 0x00, 0x00, 0x00, 0xbf, 0x40, 0x4f, 0x90, 0x3e, 0xc0, 0x00, 0x00,
  0x00, 0x09, 0xf9, 0x00, 0x07, 0xf8, 0xdd, 0x10, 0x00, 0x00, 0x01, 0xaf, 0xa0, 0x00, 0x00, 0xaf,
  0xf4, 0x00, 0x00, 0x00, 0x2d, 0xf8, 0x00, 0x00, 0x2a, 0xfd, 0xfe, 0x60, 0x00, 0x00, 0x0a, 0x50,
  0x00, 0x39, 0xef, 0x70, 0x3b, 0xfd, 0x73, 0x00, 0x00, 0x00, 0x1d, 0xfe, 0x92, 0x00, 0x00, 0x5c,
  0xff, 0xd1, 0x00, 0x00, 0x06, 0x61, 0x00, 0x00, 0x00, 0x00, 0x27, 0x60, 0x06, 0x66, 0x66, 0x66,
  0x66, 0x40, 0x00, 0x00, 0x00, 0x00, 0x1f, 0xff, 0xff, 0xff, 0xff, 0xb0, 0x00, 0x00, 0x00, 0x00,
  0x00, 0x7e, 0x00, 0x02, 0xf5, 0x57, 0x77, 0x77, 0x77, 0x30, 0x00, 0x7e, 0x00, 0x02, 0xf5, 0xcf,
  0xff, 0xff, 0xff, 0x80, 0x00, 0x7e, 0x00, 0x02, 0xf5, 0x4f, 0x30, 0x00, 0x2f, 0x60, 0x00, 0x7f,
  0xff, 0xff, 0xf5, 0x1f, 0x60, 0x00, 0x5f, 0x30, 0x00, 0x7e, 0x66, 0x67, 0xf5, 0x0d, 0xa0, 0x00,
  0x9f, 0x00, 0x00, 0x7e, 0x00, 0x02, 0xf5, 0x09, 0xd0, 0x00, 0xcb, 0x00, 0x00, 0x7e, 0x00, 0x02,
  0xf5, 0x05, 0xf2, 0x01, 0xf7, 0x00, 0x00, 0x7e, 0x55, 0x57, 0xf5, 0x01, 0xf8, 0x06, 0xf2, 0x00,
  0x00, 0x7f, 0xff, 0xff, 0xf5, 0x00, 0xbe, 0x0c, 0xc0, 0x00, 0x00, 0x7e, 0x00, 0x02, 0xf5, 0x00,
  0x5f, 0x9f, 0x60, 0x00, 0x00, 0x7e, 0x00, 0x02, 0xf5, 0x00, 0x0d, 0xfd, 0x00, 0x00, 0x00, 0x7e,
  0x02, 0x47, 0xf5, 0x00, 0x0a, 0xf9, 0x00, 0x00, 0x38, 0xdf, 0xff, 0xff, 0xf5, 0x00, 0x6f, 0xef,
  0x50, 0x00, 0x4e, 0xca, 0x75, 0x32, 0xf5, 0x06, 0xfb, 0x1c, 0xf4, 0x00, 0x00, 0x00, 0x00, 0x02,
  0xf6, 0xaf, 0xc1, 0x02, 0xdf, 0x80, 0x00, 0x00, 0x00, 0x02, 0xfa, 0xf9, 0x00, 0x00, 0x1b, 0xf4,
  0x00, 0x00, 0x00, 0x01, 0xa3, 0x30, 0x00, 0x00, 0x00, 0x30, 0x00, 0x00, 0x00, 0x00, 0x2a, 0x30,
  0x00, 0x00, 0x00, 0x00, 0x00, 0x00, 0x00, 0x00, 0x0d, 0xb0, 0x00, 0x00, 0x00, 0x00, 0x03, 0x55,
  0x55, 0x55, 0x5a, 0xf7, 0x55, 0x55, 0x55, 0x30, 0x09, 0xff, 0xff, 0xff, 0xff, 0xff, 0xff, 0xff,
  0xff, 0x90, 0x00, 0x00, 0x00, 0x1f, 0x70, 0x07, 0xf0, 0x00, 0x00, 0x00, 0x00, 0x00, 0xd8, 0x1f,
  0x70, 0x07, 0xf1, 0xb6, 0x00, 0x00, 0x00, 0x06, 0xf3, 0x1f, 0x70, 0x07, 0xf0, 0x7f, 0x60, 0x00,
  0x00, 0x2e, 0xa0, 0x1f, 0x70, 0x07, 0xf0, 0x08, 0xf4, 0x00, 0x01, 0xdd, 0x10, 0x1f, 0x70, 0x07,
  0xf0, 0x00, 0xbe, 0x20, 0x00, 0x73, 0x00, 0x1f, 0x70, 0x07, 0xf0, 0x00, 0x18, 0x10, 0x00, 0x00,
  0x00, 0x06, 0x30, 0x03, 0x60, 0x00, 0x00, 0x00, 0x00, 0x5f, 0xff, 0xff, 0xff, 0xff, 0xff, 0xfe,
  0x30, 0x00, 0x00, 0x25, 0xaf, 0x75, 0x55, 0x55, 0x57, 0xfb, 0x00, 0x00, 0x00, 0x00, 0x0c, 0xd2,
  0x00, 0x00, 0x2d, 0xd1, 0x00, 0x00, 0x00, 0x00, 0x01, 0xdd, 0x40, 0x04, 0xdd, 0x30, 0x00, 0x00,
  0x00, 0x00, 0x00, 0x1a, 0xf9, 0x9f, 0xb1, 0x00, 0x00, 0x00, 0x00, 0x00, 0x00, 0x03, 0xdf, 0xfd,
  0x30, 0x00, 0x00, 0x00, 0x00, 0x02, 0x59, 0xdf, 0xd7, 0x8d, 0xfd, 0x84, 0x20, 0x00, 0x09, 0xef,
  0xfd, 0x93, 0x00, 0x00, 0x4a, 0xef, 0xfe, 0xa0, 0x05, 0x85, 0x20, 0x00, 0x00, 0x00, 0x00, 0x02,
  0x58, 0x50, 0x00, 0x37, 0x77, 0x77, 0x77, 0x77, 0x77, 0x77, 0x74, 0x00, 0x00, 0x7f, 0xff, 0xff,
  0xff, 0xff, 0xff, 0xff, 0xf8, 0x00, 0x00, 0x7f, 0x10, 0x00, 0x00, 0x00, 0x00, 0x01, 0xf8, 0x00,
  0x00, 0x7f, 0x10, 0x00, 0x00, 0x00, 0x00, 0x01, 0xf8, 0x00, 0x00, 0x7f, 0x10, 0x00, 0x00, 0x00,
  0x00, 0x01, 0xf8, 0x00, 0x00, 0x7f, 0x10, 0x00, 0x00, 0x00, 0x00, 0x01, 0xf8, 0x00, 0x00, 0x7f,
  0x10, 0x00, 0x00, 0x00, 0x00, 0x01, 0xf8, 0x00, 0x00, 0x7f, 0x10, 0x00, 0x00, 0x00, 0x00, 0x01,
  0xf8, 0x00, 0x00, 0x7f, 0x10, 0x00, 0x00, 0x00, 0x00, 0x01, 0xf8, 0x00, 0x00, 0x7f, 0x10, 0x00,
  0x00, 0x00, 0x00, 0x01, 0xf8, 0x00, 0x00, 0x7f, 0x10, 0x00, 0x00, 0x00, 0x00, 0x01, 0xf8, 0x00,
  0x00, 0x7f, 0x10, 0x00, 0x00, 0x00, 0x00, 0x01, 0xf8, 0x00, 0x00, 0x7f, 0x10, 0x00, 0x00, 0x00,
  0x00, 0x01, 0xf8, 0x00, 0x00, 0x7f, 0x10, 0x00, 0x00, 0x00, 0x00, 0x01, 0xf8, 0x00, 0x00, 0x7f,
  0xff, 0xff, 0xff, 0xff, 0xff, 0xff, 0xf8, 0x00, 0x00, 0x7f, 0x98, 0x88, 0x88, 0x88, 0x88, 0x89,
  0xf8, 0x00, 0x00, 0x7f, 0x10, 0x00, 0x00, 0x00, 0x00, 0x01, 0xf8, 0x00, 0x00, 0x23, 0x00, 0x00,
  0x00, 0x00, 0x00, 0x00, 0x21, 0x00, 0x00, 0x00, 0x00, 0x00, 0x00, 0x00, 0x00, 0x04, 0x40, 0x00,
  0x00, 0x00, 0x00, 0x00, 0x00, 0x00, 0x00, 0x0a, 0xc0, 0x00, 0x07, 0xff, 0xff, 0xf8, 0x00, 0xe7,
  0x00, 0x0a, 0xc0, 0x00, 0x07, 0xe6, 0x66, 0xe8, 0x00, 0xf7, 0x00, 0x0a, 0xc0, 0x00, 0x07, 0xe0,
  0x00, 0xe8, 0x00, 0xf7, 0x00, 0x0a, 0xc0, 0x00, 0x07, 0xe0, 0x00, 0xe8, 0x00, 0xf7, 0x00, 0x0a,
  0xc0, 0x00, 0x07, 0xe0, 0x00, 0xe8, 0x00, 0xf7, 0x00, 0x0a, 0xc0, 0x00, 0x07, 0xe0, 0x00, 0xe8,
  0x00, 0xf7, 0x00, 0x0a, 0xc0, 0x00, 0x07, 0xe0, 0x00, 0xe8, 0x00, 0xf7, 0x00, 0x0a, 0xc0, 0x00,
  0x07, 0xe0, 0x00, 0xe8, 0x00, 0xf7, 0x00, 0x0a, 0xc0, 0x00, 0x07, 0xe0, 0x00, 0xe8, 0x00, 0xf7,
  0x00, 0x0a, 0xc0, 0x00, 0x07, 0xe0, 0x00, 0xe8, 0x00, 0xf7, 0x00, 0x0a, 0xc0, 0x00, 0x07, 0xff,
  0xff, 0xf8, 0x00, 0xf7, 0x00, 0x1b, 0xd8, 0xb1, 0x07, 0xe6, 0x66, 0x63, 0x02, 0xfc, 0xbd, 0xff,
  0xfe, 0xb2, 0x07, 0xe0, 0x00, 0x09, 0xff, 0xff, 0xda, 0x7c, 0xc0, 0x00, 0x06, 0xa0, 0x00, 0x07,
  0x96, 0x31, 0x00, 0x0a, 0xc0, 0x00, 0x00, 0x00, 0x00, 0x00, 0x00, 0x00, 0x00, 0x0a, 0xc0, 0x00,
  0x00, 0x00, 0x00, 0x00, 0x00, 0x00, 0x00, 0x0a, 0xc0, 0x00, 0x00, 0x00, 0x00, 0x00, 0x00, 0x00,
  0x00, 0x0a, 0xc0, 0x00, 0x00, 0x00, 0x00, 0x00, 0x00, 0x00, 0x00, 0x07, 0x80, 0x00, 0x0d, 0xff,
  0xff, 0xff, 0xff, 0xff, 0xff, 0xff, 0xff, 0xe0, 0x07, 0x88, 0x88, 0x88, 0x88, 0x88, 0x88, 0x8f,
  0xb8, 0x70, 0x00, 0x00, 0x00, 0x00, 0x00, 0x00, 0x00, 0x1f, 0x70, 0x00, 0x00, 0x00, 0x00, 0x00,
  0x00, 0x00, 0x00, 0x1f, 0x70, 0x00, 0x00, 0x06, 0x77, 0x77, 0x77, 0x72, 0x00, 0x1f, 0x70, 0x00,
  0x00, 0x0d, 0xff, 0xff, 0xff, 0xf5, 0x00, 0x1f, 0x70, 0x00, 0x00, 0x0d, 0x90, 0x00, 0x02, 0xf5,
  0x00, 0x1f, 0x70, 0x00, 0x00, 0x0d, 0x90, 0x00, 0x02, 0xf5, 0x00, 0x1f, 0x70, 0x00, 0x00, 0x0d,
  0x90, 0x00, 0x02, 0xf5, 0x00, 0x1f, 0x70, 0x00, 0x00, 0x0d, 0x90, 0x00, 0x02, 0xf5, 0x00, 0x1f,
  0x70, 0x00, 0x00, 0x0d, 0x90, 0x00, 0x02, 0xf5, 0x00, 0x1f, 0x70, 0x00, 0x00, 0x0d, 0xff, 0xff,
  0xff, 0xf5, 0x00, 0x1f, 0x70, 0x00, 0x00, 0x0d, 0xc7, 0x77, 0x77, 0x72, 0x00, 0x1f, 0x70, 0x00,
  0x00, 0x0d, 0x90, 0x00, 0x00, 0x00, 0x00, 0x1f, 0x70, 0x00, 0x00, 0x01, 0x10, 0x00, 0x00, 0x00,
  0x00, 0x1f, 0x70, 0x00, 0x00, 0x00, 0x00, 0x00, 0x00, 0x00, 0x00, 0x2f, 0x70, 0x00, 0x00, 0x00,
  0x00, 0x00, 0x00, 0x2f, 0xff, 0xff, 0x40, 0x00, 0x00, 0x00, 0x00, 0x00, 0x00, 0x07, 0x88, 0x73,
  0x00, 0x00, 0x00, 0x00, 0x00, 0x06, 0x70, 0x00, 0x00, 0x00, 0x00, 0x00, 0x00, 0x00, 0x00, 0x3f,
  0xb0, 0x00, 0x00, 0x00, 0x00, 0x00, 0x00, 0x00, 0x01, 0xcf, 0x85, 0x55, 0x56, 0x30, 0x00, 0x00,
  0x00, 0x00, 0x0a, 0xff, 0xff, 0xff, 0xff, 0xc0, 0x00, 0x00, 0x00, 0x00, 0xaf, 0x70, 0x00, 0x00,
  0x5f, 0x50, 0x00, 0x00, 0x00, 0x1b, 0xfc, 0x00, 0x00, 0x01, 0xec, 0x00, 0x00, 0x00, 0x05, 0xef,
  0xaf, 0xb1, 0x00, 0x0a, 0xf3, 0x00, 0x00, 0x00, 0x1d, 0xd3, 0x06, 0xfd, 0x20, 0x8f, 0x70, 0x00,
  0x00, 0x00, 0x02, 0x10, 0x00, 0x4e, 0xd8, 0xf8, 0x00, 0x00, 0x00, 0x00, 0x00, 0x00, 0x00, 0x04,
  0xff, 0x90, 0x00, 0x00, 0x00, 0x00, 0x00, 0x00, 0x00, 0x2b, 0xfd, 0x66, 0x66, 0x66, 0x64, 0x00,
  0x00, 0x00, 0x06, 0xef, 0xff, 0xff, 0xff, 0xff, 0xfb, 0x00, 0x00, 0x05, 0xcf, 0xff, 0x00, 0x00,
  0x00, 0x00, 0xcb, 0x00, 0x16, 0xdf, 0xe7, 0x8f, 0x00, 0x00, 0x00, 0x00, 0xcb, 0x00, 0x1e, 0xe9,
  0x20, 0x8f, 0x00, 0x00, 0x00, 0x00, 0xcb, 0x00, 0x03, 0x10, 0x00, 0x8f, 0x00, 0x00, 0x00, 0x00,
  0xcb, 0x00, 0x00, 0x00, 0x00, 0x8f, 0x00, 0x00, 0x00, 0x00, 0xcb, 0x00, 0x00, 0x00, 0x00, 0x8f,
  0x66, 0x66, 0x66, 0x66, 0xdb, 0x00, 0x00, 0x00, 0x00, 0x8f, 0xff, 0xff, 0xff, 0xff, 0xfb, 0x00,
  0x00, 0x00, 0x00, 0x6b, 0x00, 0x00, 0x00, 0x00, 0x99, 0x00, 0x00, 0x00, 0x00, 0x00, 0x00, 0x00,
  0x00, 0x25, 0x40, 0x00, 0x00, 0x00, 0x00, 0x02, 0x35, 0x79, 0xbe, 0xff, 0xe3, 0x00, 0x00, 0x0f,
  0xcd, 0xff, 0xff, 0xfd, 0xb8, 0x63, 0x00, 0x00, 0x00, 0x0f, 0xc7, 0x64, 0x31, 0x00, 0x00, 0x00,
  0x00, 0x00, 0x00, 0x0f, 0x70, 0x00, 0x00, 0x00, 0x00, 0x00, 0x00, 0x00, 0x00, 0x0f, 0x70, 0x00,
  0x00, 0x00, 0x00, 0x00, 0x00, 0x00, 0x00, 0x0f, 0xff, 0xff, 0xff, 0xff, 0xff, 0xff, 0xff, 0xf4,
  0x00, 0x0f, 0xb7, 0x77, 0x77, 0x77, 0x77, 0x77, 0x77, 0x72, 0x00, 0x1f, 0x70, 0x00, 0x00, 0x00,
  0x00, 0x00, 0x00, 0x00, 0x00, 0x1f, 0x60, 0x00, 0x00, 0x00, 0x00, 0x00, 0x00, 0x00, 0x00, 0x2f,
  0x60, 0x46, 0x66, 0x66, 0x66, 0x66, 0x63, 0x00, 0x00, 0x3f, 0x40, 0xbf, 0xff, 0xff, 0xff, 0xff,
  0xf7, 0x00, 0x00, 0x5f, 0x20, 0xba, 0x00, 0x00, 0x00, 0x00, 0xf7, 0x00, 0x00, 0x8f, 0x10, 0xba,
  0x00, 0x00, 0x00, 0x00, 0xf7, 0x00, 0x00, 0xbc, 0x00, 0xba, 0x00, 0x00, 0x00, 0x00, 0xf7, 0x00,
  0x01, 0xf8, 0x00, 0xba, 0x00, 0x00, 0x00, 0x00, 0xf7, 0x00, 0x06, 0xf4, 0x00, 0xba, 0x00, 0x00,
  0x00, 0x00, 0xf7, 0x00, 0x0d, 0xd0, 0x00, 0xbf, 0xff, 0xff, 0xff, 0xff, 0xf7, 0x00, 0x3e, 0x50,
  0x00, 0xbc, 0x66, 0x66, 0x66, 0x66, 0xf7, 0x00, 0x03, 0x00, 0x00, 0x76, 0x00, 0x00, 0x00, 0x00,
  0x84, 0x00, 0x00, 0x00, 0x00, 0x00, 0x00, 0x00, 0x01, 0x57, 0x10, 0x00, 0x00, 0x00, 0x00, 0x24,
  0x57, 0x9b, 0xef, 0xfd, 0x70, 0x00, 0x00, 0x2e, 0xef, 0xff, 0xed, 0xb9, 0x74, 0x20, 0x00, 0x00,
  0x00, 0x2f, 0x94, 0x31, 0x00, 0x00, 0x00, 0x00, 0x00, 0x00, 0x00, 0x2f, 0x84, 0x44, 0x44, 0x44,
  0x44, 0x44, 0x42, 0x00, 0x00, 0x2f, 0xff, 0xff, 0xff, 0xff, 0xff, 0xff, 0xf6, 0x00, 0x00, 0x2f,
  0x50, 0x00, 0x00, 0x00, 0x00, 0x02, 0xf6, 0x00, 0x00, 0x2f, 0x50, 0x00, 0x00, 0x00, 0x00, 0x02,
  0xf6, 0x00, 0x00, 0x2f, 0x50, 0x00, 0x00, 0x00, 0x00, 0x02, 0xf6, 0x00, 0x00, 0x2f, 0xff, 0xff,
  0xff, 0xff, 0xff, 0xff, 0xf6, 0x00, 0x00, 0x3f, 0x85, 0x55, 0x55, 0x55, 0x55, 0x55, 0x52, 0x00,
  0x00, 0x4f, 0x30, 0x00, 0x00, 0x00, 0x00, 0x00, 0x00, 0x00, 0x00, 0x5f, 0x13, 0x44, 0x44, 0x44,
  0x44, 0x44, 0x43, 0x00, 0x00, 0x7e, 0x0a, 0xff, 0xff, 0xff, 0xff, 0xff, 0xfa, 0x00, 0x00, 0xac,
  0x0a, 0xc0, 0x00, 0x00, 0x00, 0x00, 0xda, 0x00, 0x00, 0xea, 0x0a, 0xc0, 0x00, 0x00, 0x00, 0x00,
  0xda, 0x00, 0x03, 0xf5, 0x0a, 0xc0, 0x00, 0x00, 0x00, 0x00, 0xda, 0x00, 0x0a, 0xf1, 0x0a, 0xd4,
  0x44, 0x44, 0x44, 0x44, 0xea, 0x00, 0x1f, 0x80, 0x0a, 0xff, 0xff, 0xff, 0xff, 0xff, 0xfa, 0x00,
  0x04, 0x10, 0x08, 0x90, 0x00, 0x00, 0x00, 0x00, 0xa7, 0x00, 0x00, 0x00, 0x14, 0x00, 0x03, 0x92,
  0x00, 0x00, 0x00, 0x00, 0x00, 0x00, 0x7f, 0x40, 0x05, 0xf3, 0x00, 0x00, 0x00, 0x00, 0x00, 0x00,
  0xdd, 0x00, 0x05, 0xf3, 0x00, 0x00, 0x00, 0x00, 0x00, 0x04, 0xfb, 0x66, 0x69, 0xf8, 0x66, 0x66,
  0x62, 0x00, 0x00, 0x0c, 0xff, 0xff, 0xff, 0xff, 0xff, 0xff, 0xf5, 0x00, 0x00, 0x7f, 0x50, 0x00,
  0x05, 0xf3, 0x00, 0x00, 0x00, 0x00, 0x04, 0xf9, 0x00, 0x00, 0x05, 0xf3, 0x00, 0x00, 0x00, 0x00,
  0x00, 0x61, 0x00, 0x00, 0x05, 0xf3, 0x00, 0x00, 0x00, 0x00, 0x0c, 0xff, 0xff, 0xff, 0xff, 0xff,
  0xff, 0xff, 0xff, 0xd0, 0x05, 0x66, 0x66, 0x66, 0x66, 0x66, 0x66, 0x66, 0x66, 0x50, 0x00, 0x00,
  0x00, 0x00, 0x00, 0x00, 0x00, 0x00, 0x00, 0x00, 0x00, 0x02, 0x66, 0x66, 0x66, 0x66, 0x66, 0x66,
  0x30, 0x00, 0x00, 0x05, 0xff, 0xff, 0xff, 0xff, 0xff, 0xff, 0x80, 0x00, 0x00, 0x05, 0xf3, 0x00,
  0x00, 0x00, 0x00, 0x1f, 0x80, 0x00, 0x00, 0x05, 0xf3, 0x00, 0x00, 0x00, 0x00, 0x1f, 0x80, 0x00,
  0x00, 0x05, 0xf3, 0x00, 0x00, 0x00, 0x00, 0x1f, 0x80, 0x00, 0x00, 0x05, 0xf3, 0x00, 0x00, 0x00,
  0x00, 0x1f, 0x80, 0x00, 0x00, 0x05, 0xff, 0xff, 0xff, 0xff, 0xff, 0xff, 0x80, 0x00, 0x00, 0x05,
  0xf8, 0x66, 0x66, 0x66, 0x66, 0x7f, 0x80, 0x00, 0x00, 0x04, 0xb2, 0x00, 0x00, 0x00, 0x00, 0x0b,
  0x60, 0x00, 0x00, 0x06, 0x66, 0x66, 0x66, 0x66, 0x66, 0x66, 0x63, 0x00, 0x00, 0x1f, 0xff, 0xff,
  0xff, 0xff, 0xff, 0xff, 0xf9, 0x00, 0x00, 0x1f, 0x70, 0x00, 0x06, 0x70, 0x00, 0x00, 0xe9, 0x00,
  0x00, 0x1f, 0x70, 0x00, 0x0a, 0xc0, 0x00, 0x00, 0xe9, 0x00, 0x00, 0x1f, 0x74, 0xff, 0xff, 0xff,
  0xff, 0x80, 0xe9, 0x00, 0x00, 0x1f, 0x71, 0x33, 0x3b, 0xc3, 0x33, 0x20, 0xe9, 0x00, 0x00, 0x1f,
  0x70, 0x00, 0x0a, 0xc0, 0x00, 0x00, 0xe9, 0x00, 0x00, 0x1f, 0x63, 0x33, 0x3b, 0xd3, 0x33, 0x30,
  0xe9, 0x00, 0x00, 0x1f, 0x6b, 0xff, 0xff, 0xff, 0xff, 0xf1, 0xe9, 0x00, 0x00, 0x1f, 0x60, 0x00,
  0x00, 0x00, 0x00, 0x00, 0xe9, 0x00, 0x00, 0x2f, 0x50, 0x23, 0x33, 0x33, 0x33, 0x00, 0xe9, 0x00,
  0x00, 0x4f, 0x30, 0xbf, 0xff, 0xff, 0xff, 0x00, 0xe9, 0x00, 0x00, 0x6f, 0x10, 0xb9, 0x00, 0x00,
  0x6f, 0x00, 0xe9, 0x00, 0x00, 0x9e, 0x00, 0xb9, 0x00, 0x00, 0x6f, 0x00, 0xe9, 0x00, 0x00, 0xda,
  0x00, 0xba, 0x33, 0x33, 0x8f, 0x00, 0xe9, 0x00, 0x03, 0xf6, 0x00, 0xbf, 0xff, 0xff, 0xff, 0x00,
  0xe9, 0x00, 0x0b, 0xe1, 0x00, 0xb9, 0x00, 0x00, 0x00, 0x00, 0xe9, 0x00, 0x2f, 0x70, 0x00, 0x00,
  0x00, 0x00, 0x2f, 0xef, 0xf5, 0x00, 0x04, 0x00, 0x00, 0x00, 0x00, 0x00, 0x05, 0x65, 0x30, 0x00,
  0x00, 0x00, 0x00, 0x00, 0x30, 0x00, 0x00, 0x00, 0x00, 0x00, 0x00, 0x00, 0x14, 0x8d, 0xf6, 0x00,
  0x00, 0x00, 0x00, 0x00, 0x06, 0xad, 0xff, 0xeb, 0x72, 0x37, 0x77, 0x77, 0x77, 0x00, 0x06, 0xa7,
  0x6f, 0x60, 0x00, 0x6f, 0xff, 0xff, 0xff, 0x10, 0x00, 0x00, 0x1f, 0x60, 0x00, 0x6f, 0x10, 0x00,
  0x7f, 0x10, 0x00, 0x00, 0x1f, 0x60, 0x00, 0x6f, 0x10, 0x00, 0x7f, 0x10, 0x06, 0x66, 0x6f, 0xa6,
  0x65, 0x6f, 0x10, 0x00, 0x7f, 0x10, 0x0f, 0xff, 0xff, 0xff, 0xfe, 0x6f, 0x10, 0x00, 0x7f, 0x10,
  0x00, 0x00, 0xaf, 0x70, 0x00, 0x6f, 0x10, 0x00, 0x7f, 0x10, 0x00, 0x02, 0xff, 0xf4, 0x00, 0x6f,
  0x10, 0x00, 0x7f, 0x10, 0x00, 0x08, 0xdf, 0xde, 0x20, 0x6f, 0x10, 0x00, 0x7f, 0x10, 0x00, 0x1e,
  0x7f, 0x6c, 0xc1, 0x6f, 0x10, 0x00, 0x7f, 0x10, 0x00, 0x8d, 0x1f, 0x62, 0xf8, 0x6f, 0x10, 0x00,
  0x7f, 0x10, 0x03, 0xf7, 0x1f, 0x60, 0x73, 0x6f, 0x10, 0x00, 0x7f, 0x10, 0x1d, 0xd0, 0x1f, 0x60,
  0x00, 0x6f, 0x10, 0x00, 0x7f, 0x10, 0x4f, 0x40, 0x1f, 0x60, 0x00, 0x6f, 0x77, 0x77, 0xbf, 0x10,
  0x05, 0x00, 0x1f, 0x60, 0x00, 0x6f, 0xff, 0xff, 0xff, 0x10, 0x00, 0x00, 0x1f, 0x60, 0x00, 0x6f,
  0x10, 0x00, 0x7f, 0x10, 0x00, 0x00, 0x1f, 0x60, 0x00, 0x4b, 0x10, 0x00, 0x49, 0x10, 0x00, 0x00,
  0x19, 0x40, 0x00, 0x00, 0x00, 0x00, 0x00, 0x00, 0x00, 0x00, 0x00, 0x00, 0x00, 0x59, 0x10, 0x00,
  0x00, 0x00, 0x00, 0x00, 0x00, 0x00, 0x00, 0xdb, 0x00, 0x00, 0x00, 0x00, 0x03, 0x66, 0x66, 0x10,
  0x07, 0xff, 0xff, 0xff, 0xa0, 0x00, 0x08, 0xff, 0xff, 0x30, 0x2e, 0xa4, 0x44, 0x9f, 0x60, 0x00,
  0x08, 0xb0, 0x2f, 0x31, 0xde, 0x10, 0x01, 0xeb, 0x00, 0x00, 0x08, 0xb0, 0x2f, 0x3b, 0xf8, 0x33,
  0x39, 0xf5, 0x31, 0x00, 0x08, 0xb0, 0x2f, 0x3c, 0xff, 0xff, 0xff, 0xff, 0xf7, 0x00, 0x08, 0xb0,
  0x2f, 0x30, 0xc9, 0x00, 0xba, 0x00, 0xe7, 0x00, 0x08, 0xb0, 0x2f, 0x30, 0xc9, 0x00, 0xba, 0x00,
  0xe7, 0x00, 0x08, 0xb0, 0x2f, 0x30, 0xc9, 0x00, 0xc9, 0x00, 0xe7, 0x00, 0x08, 0xb0, 0x2f, 0x30,
  0xc9, 0x00, 0xd8, 0x00, 0xe7, 0x00, 0x08, 0xb0, 0x2f, 0x30, 0xc9, 0x00, 0xf7, 0x00, 0xe7, 0x00,
  0x08, 0xb0, 0x2f, 0x5f, 0xff, 0xff, 0xff, 0xff, 0xff, 0xc0, 0x08, 0xff, 0xff, 0x35, 0x55, 0x5c,
  0xfe, 0x55, 0x55, 0x40, 0x08, 0xd6, 0x66, 0x10, 0x00, 0x3f, 0x8e, 0x60, 0x00, 0x00, 0x08, 0xb0,
  0x00, 0x00, 0x01, 0xdc, 0x05, 0xe4, 0x00, 0x00, 0x04, 0x50, 0x00, 0x00, 0x2d, 0xe2, 0x00, 0x9e,
  0x40, 0x00, 0x00, 0x00, 0x00, 0x06, 0xed, 0x20, 0x00, 0x0b, 0xf8, 0x10, 0x00, 0x00, 0x01, 0xdf,
  0x91, 0x00, 0x00, 0x00, 0x8f, 0xe1, 0x00, 0x00, 0x00, 0x63, 0x00, 0x00, 0x00, 0x00, 0x03, 0x50,
  0x01, 0x77, 0x77, 0x77, 0x77, 0x77, 0x77, 0x77, 0x77, 0x20, 0x03, 0xff, 0xff, 0xff, 0xff, 0xff,
  0xff, 0xff, 0xff, 0x40, 0x03, 0xf5, 0x00, 0x0f, 0x70, 0x0d, 0x90, 0x00, 0x4f, 0x40, 0x03, 0xf5,
  0x00, 0x1f, 0x60, 0x0d, 0x90, 0x00, 0x4f, 0x40, 0x03, 0xf5, 0x00, 0x3f, 0x40, 0x0d, 0x90, 0x00,
  0x4f, 0x40, 0x03, 0xf5, 0x00, 0x6f, 0x20, 0x0d, 0x90, 0x00, 0x4f, 0x40, 0x03, 0xf5, 0x00, 0x9d,
  0x00, 0x0d, 0x90, 0x05, 0x6f, 0x40, 0x03, 0xf5, 0x01, 0xe9, 0x00, 0x0d, 0x90, 0x0b, 0xbf, 0x40,
  0x03, 0xf5, 0x09, 0xf2, 0x00, 0x0c, 0xc4, 0x4e, 0xaf, 0x40, 0x03, 0xf5, 0x9f, 0x80, 0x00, 0x06,
  0xdf, 0xfb, 0x5f, 0x40, 0x03, 0xf7, 0xe8, 0x00, 0x00, 0x00, 0x00, 0x00, 0x4f, 0x40, 0x03, 0xf5,
  0x20, 0x00, 0x00, 0x00, 0x00, 0x00, 0x4f, 0x40, 0x03, 0xf5, 0x00, 0x00, 0x00, 0x00, 0x00, 0x00,
  0x4f, 0x40, 0x03, 0xf5, 0x00, 0x00, 0x00, 0x00, 0x00, 0x00, 0x4f, 0x40, 0x03, 0xff, 0xff, 0xff,
  0xff, 0xff, 0xff, 0xff, 0xff, 0x40, 0x03, 0xfa, 0x77, 0x77, 0x77, 0x77, 0x77, 0x77, 0x9f, 0x40,
  0x03, 0xf5, 0x00, 0x00, 0x00, 0x00, 0x00, 0x00, 0x4c, 0x30, 0x00, 0x00, 0x00, 0x00, 0x00, 0x00,
  0x00, 0x00, 0x00, 0x00, 0x06, 0xff, 0xff, 0xff, 0xff, 0xff, 0xff, 0xff, 0xff, 0x60, 0x06, 0xf9,
  0x88, 0x88, 0x88, 0x88, 0x88, 0x88, 0x9f, 0x60, 0x06, 0xf3, 0x00, 0x00, 0x00, 0x00, 0x00, 0x00,
  0x3f, 0x60, 0x06, 0xf3, 0x00, 0x00, 0x00, 0x00, 0x00, 0x00, 0x3f, 0x60, 0x06, 0xf3, 0x00, 0x00,
  0x00, 0x00, 0x00, 0x00, 0x3f, 0x60, 0x06, 0xf3, 0x00, 0xef, 0xff, 0xff, 0xfc, 0x00, 0x3f, 0x60,
  0x06, 0xf3, 0x00, 0xea, 0x66, 0x66, 0xcc, 0x00, 0x3f, 0x60, 0x06, 0xf3, 0x00, 0xe7, 0x00, 0x00,
  0xac, 0x00, 0x3f, 0x60, 0x06, 0xf3, 0x00, 0xe7, 0x00, 0x00, 0xac, 0x00, 0x3f, 0x60, 0x06, 0xf3,
  0x00, 0xe7, 0x00, 0x00, 0xac, 0x00, 0x3f, 0x60, 0x06, 0xf3, 0x00, 0xe7, 0x00, 0x00, 0xac, 0x00,
  0x3f, 0x60, 0x06, 0xf3, 0x00, 0xef, 0xff, 0xff, 0xfc, 0x00, 0x3f, 0x60, 0x06, 0xf3, 0x00, 0x55,
  0x55, 0x55, 0x54, 0x00, 0x3f, 0x60, 0x06, 0xf3, 0x00, 0x00, 0x00, 0x00, 0x00, 0x00, 0x3f, 0x60,
  0x06, 0xf3, 0x00, 0x00, 0x00, 0x00, 0x00, 0x00, 0x3f, 0x60, 0x06, 0xf3, 0x00, 0x00, 0x00, 0x00,
  0x00, 0x00, 0x3f, 0x60, 0x06, 0xff, 0xff, 0xff, 0xff, 0xff, 0xff, 0xff, 0xff, 0x60, 0x06, 0xf8,
  0x66, 0x66, 0x66, 0x66, 0x66, 0x66, 0x8f, 0x60, 0x03, 0x92, 0x00, 0x00, 0x00, 0x00, 0x00, 0x00,
  0x29, 0x30, 0x02, 0x66, 0x66, 0x66, 0x66, 0x66, 0x66, 0x66, 0x66, 0x20, 0x06, 0xff, 0xff, 0xff,
  0xff, 0xff, 0xff, 0xff, 0xff, 0x60, 0x06, 0xf2, 0x00, 0x00, 0x00, 0x00, 0x00, 0x00, 0x2f, 0x60,
  0x06, 0xf2, 0x00, 0x00, 0x00, 0x00, 0x00, 0x00, 0x2f, 0x60, 0x06, 0xf2, 0x0b, 0xff, 0xff, 0xff,
  0xff, 0xc0, 0x2f, 0x60, 0x06, 0xf2, 0x03, 0x44, 0x44, 0x44, 0x44, 0x30, 0x2f, 0x60, 0x06, 0xf2,
  0x00, 0x00, 0x00, 0x00, 0x00, 0x00, 0x2f, 0x60, 0x06, 0xf2, 0x44, 0x44, 0x44, 0x44, 0x44, 0x44,
  0x2f, 0x60, 0x06, 0xf3, 0xff, 0xff, 0xff, 0xff, 0xff, 0xfe, 0x2f, 0x60, 0x06, 0xf2, 0x00, 0x0d,
  0x70, 0x2f, 0x30, 0x00, 0x2f, 0x60, 0x06, 0xf2, 0x00, 0x0f, 0x50, 0x2f, 0x30, 0x00, 0x2f, 0x60,
  0x06, 0xf2, 0x00, 0x4f, 0x20, 0x2f, 0x30, 0x01, 0x2f, 0x60, 0x06, 0xf2, 0x00, 0xbc, 0x00, 0x2f,
  0x30, 0x1f, 0x3f, 0x60, 0x06, 0xf2, 0x19, 0xf4, 0x00, 0x1f, 0x73, 0x6f, 0x2f, 0x60, 0x06, 0xf4,
  0xee, 0x50, 0x00, 0x0b, 0xff, 0xf9, 0x2f, 0x60, 0x06, 0xf2, 0x51, 0x00, 0x00, 0x00, 0x00, 0x00,
  0x2f, 0x60, 0x06, 0xff, 0xff, 0xff, 0xff, 0xff, 0xff, 0xff, 0xff, 0x60, 0x06, 0xf7, 0x66, 0x66,
  0x66, 0x66, 0x66, 0x66, 0x7f, 0x60, 0x03, 0x81, 0x00, 0x00, 0x00, 0x00, 0x00, 0x00, 0x18, 0x30,
  0x00, 0x00, 0x00, 0x03, 0x72, 0x00, 0x00, 0x00, 0x00, 0x00, 0x00, 0x00, 0x00, 0x09, 0xf2, 0x00,
  0x00, 0x00, 0x00, 0x00, 0x00, 0x00, 0x00, 0x0d, 0xc0, 0x00, 0x00, 0x00, 0x00, 0x00, 0x05, 0x77,
  0x77, 0x8f, 0xb7, 0x77, 0x77, 0x77, 0x77, 0x50, 0x0b, 0xff, 0xff, 0xff, 0xff, 0xff, 0xff, 0xff,
  0xff, 0xc0, 0x00, 0x00, 0x03, 0xf8, 0x00, 0x00, 0x00, 0x00, 0x00, 0x00, 0x00, 0x00, 0x0c, 0xd1,
  0x00, 0x01, 0xe6, 0x00, 0x00, 0x00, 0x00, 0x00, 0x7f, 0x50, 0x00, 0x01, 0xf7, 0x00, 0x00, 0x00,
  0x00, 0x02, 0xec, 0x00, 0x00, 0x01, 0xf7, 0x00, 0x00, 0x00, 0x00, 0x1d, 0xf6, 0x00, 0x00, 0x01,
  0xf7, 0x00, 0x00, 0x00, 0x01, 0xcf, 0xf5, 0x08, 0xff, 0xff, 0xff, 0xff, 0xff, 0x00, 0x1d, 0xf7,
  0xf5, 0x03, 0x66, 0x67, 0xfa, 0x66, 0x66, 0x00, 0x0c, 0x42, 0xf5, 0x00, 0x00, 0x01, 0xf7, 0x00,
  0x00, 0x00, 0x00, 0x02, 0xf5, 0x00, 0x00, 0x01, 0xf7, 0x00, 0x00, 0x00, 0x00, 0x02, 0xf5, 0x00,
  0x00, 0x01, 0xf7, 0x00, 0x00, 0x00, 0x00, 0x02, 0xf5, 0x00, 0x00, 0x01, 0xf7, 0x00, 0x00, 0x00,
  0x00, 0x02, 0xf5, 0x00, 0x00, 0x01, 0xf7, 0x00, 0x00, 0x00, 0x00, 0x02, 0xf5, 0x26, 0x66, 0x66,
  0xfa, 0x66, 0x66, 0x40, 0x00, 0x02, 0xf5, 0x5f, 0xff, 0xff, 0xff, 0xff, 0xff, 0xb0, 0x00, 0x02,
  0xc4, 0x00, 0x00, 0x00, 0x00, 0x00, 0x00, 0x00, 0x00, 0x03, 0x50, 0x00, 0x00, 0x00, 0x39, 0x10,
  0x00, 0x00, 0x00, 0x09, 0xc0, 0x00, 0x00, 0x00, 0x5f, 0x20, 0x00, 0x00, 0x00, 0x09, 0xc0, 0x00,
  0x49, 0x00, 0x5f, 0x20, 0x00, 0x00, 0x00, 0x09, 0xc0, 0x00, 0x6f, 0x00, 0x5f, 0x20, 0x00, 0x00,
  0x00, 0x09, 0xc0, 0x00, 0x6f, 0x00, 0x5f, 0x20, 0x5c, 0x40, 0x16, 0x6c, 0xd6, 0x61, 0x6f, 0x00,
  0x5f, 0x7d, 0xff, 0x50, 0x3f, 0xff, 0xff, 0xf3, 0x6f, 0x02, 0xaf, 0xfb, 0x5f, 0x50, 0x00, 0x09,
  0xc0, 0x00, 0x6f, 0xbf, 0xff, 0x30, 0x1f, 0x50, 0x00, 0x09, 0xc0, 0x16, 0xdf, 0xd7, 0x6f, 0x20,
  0x1f, 0x50, 0x00, 0x09, 0xc0, 0x6f, 0xef, 0x00, 0x5f, 0x20, 0x2f, 0x50, 0x00, 0x09, 0xc0, 0x13,
  0x6f, 0x00, 0x5f, 0x20, 0x2f, 0x40, 0x00, 0x09, 0xc0, 0x00, 0x6f, 0x00, 0x5f, 0x20, 0x3f, 0x40,
  0x00, 0x09, 0xc5, 0xb3, 0x6f, 0x00, 0x5f, 0x24, 0x8f, 0x20, 0x00, 0x1b, 0xff, 0xc3, 0x6f, 0x00,
  0x5f, 0x2e, 0xd9, 0x00, 0x2a, 0xff, 0xb4, 0x00, 0x6f, 0x00, 0x4e, 0x10, 0x00, 0x10, 0x1e, 0xa3,
  0x00, 0x00, 0x6f, 0x00, 0x00, 0x00, 0x02, 0xf3, 0x01, 0x00, 0x00, 0x00, 0x6f, 0x10, 0x00, 0x00,
  0x04, 0xf2, 0x00, 0x00, 0x00, 0x00, 0x4f, 0x96, 0x55, 0x55, 0x6c, 0xd0, 0x00, 0x00, 0x00, 0x00,
  0x09, 0xef, 0xff, 0xff, 0xfd, 0x40, 0x00, 0x02, 0x30, 0x00, 0x00, 0x00, 0x00, 0x00, 0x00, 0x00,
  0x00, 0x08, 0xd0, 0x03, 0x66, 0x66, 0x66, 0x67, 0x20, 0x00, 0x00, 0x08, 0xd0, 0x07, 0xff, 0xff,
  0xff, 0xff, 0x90, 0x00, 0x00, 0x08, 0xd0, 0x00, 0x00, 0x00, 0x1a, 0xf8, 0x00, 0x00, 0x00, 0x08,
  0xd0, 0x00, 0x00, 0x03, 0xde, 0x50, 0x00, 0x00, 0x0f, 0xff, 0xff, 0xf1, 0x00, 0x7f, 0xc2, 0x00,
  0x00, 0x00, 0x06, 0x6b, 0xe6, 0x61, 0x5c, 0xf7, 0x00, 0x00, 0x00, 0x00, 0x00, 0x08, 0xd0, 0x04,
  0xff, 0xff, 0xff, 0xff, 0xff, 0xc0, 0x00, 0x08, 0xd0, 0x00, 0x87, 0x6d, 0xc6, 0xcd, 0x6d, 0xb0,
  0x00, 0x08, 0xd0, 0x00, 0x00, 0x3f, 0x40, 0xe7, 0x0d, 0xa0, 0x00, 0x08, 0xd0, 0x00, 0x00, 0xbb,
  0x04, 0xf2, 0x0e, 0x90, 0x00, 0x08, 0xd0, 0x00, 0x04, 0xf4, 0x09, 0xc0, 0x0f, 0x80, 0x00, 0x08,
  0xd0, 0x10, 0x4e, 0xa0, 0x2f, 0x50, 0x1f, 0x60, 0x00, 0x08, 0xea, 0xf7, 0xfc, 0x10, 0xac, 0x00,
  0x2f, 0x50, 0x02, 0x7d, 0xfe, 0x85, 0xa1, 0x04, 0xf5, 0x00, 0x4f, 0x40, 0x2f, 0xfc, 0x61, 0x00,
  0x00, 0x2e, 0xa0, 0x00, 0x6f, 0x20, 0x09, 0x40, 0x00, 0x00, 0x01, 0xcc, 0x10, 0x00, 0x9e, 0x00,
  0x00, 0x00, 0x00, 0x00, 0x2d, 0xe2, 0x01, 0x02, 0xeb, 0x00, 0x00, 0x00, 0x00, 0x02, 0xec, 0x20,
  0x08, 0xff, 0xf4, 0x00, 0x00, 0x00, 0x00, 0x00, 0x41, 0x00, 0x02, 0x65, 0x20, 0x00, 0x00, 0x02,
  0x50, 0x00, 0x00, 0x00, 0x06, 0x40, 0x00, 0x00, 0x00, 0x05, 0xf0, 0x00, 0x00, 0x00, 0x0e, 0x90,
  0x00, 0x00, 0x00, 0x05, 0xf0, 0x00, 0x00, 0x00, 0x0e, 0x90, 0x00, 0x00, 0x00, 0x05, 0xf0, 0x00,
  0x00, 0x00, 0x0e, 0x90, 0x00, 0x00, 0x00, 0x05, 0xf0, 0x00, 0x00, 0x00, 0x0e, 0x90, 0x00, 0x00,
  0x16, 0x69, 0xf6, 0x64, 0x4d, 0x20, 0x0e, 0x90, 0x00, 0x00, 0x2f, 0xff, 0xff, 0xfa, 0x5f, 0x20,
  0x0e, 0x90, 0x00, 0x00, 0x00, 0x05, 0xf0, 0x00, 0x5f, 0x20, 0x0e, 0xc7, 0x77, 0x60, 0x00, 0x05,
  0xf0, 0x00, 0x5f, 0x20, 0x0e, 0xff, 0xff, 0xe0, 0x00, 0x05, 0xf0, 0x00, 0x5f, 0x20, 0x0e, 0x90,
  0x00, 0x00, 0x00, 0x05, 0xf0, 0x00, 0x5f, 0x20, 0x0e, 0x90, 0x00, 0x00, 0x00, 0x05, 0xf0, 0x01,
  0x5f, 0x20, 0x0e, 0x90, 0x00, 0x00, 0x00, 0x05, 0xf6, 0xcb, 0x5f, 0x20, 0x0e, 0x90, 0x00, 0x00,
  0x00, 0x2a, 0xff, 0xc5, 0x5f, 0x20, 0x0e, 0x90, 0x00, 0x00, 0x2b, 0xff, 0xb4, 0x00, 0x5f, 0x20,
  0x0e, 0x90, 0x00, 0x00, 0x1e, 0xa3, 0x00, 0x00, 0x5f, 0x20, 0x0e, 0x90, 0x00, 0x00, 0x01, 0x00,
  0x00, 0x00, 0x5f, 0x20, 0x0e, 0x90, 0x00, 0x00, 0x00, 0x00, 0x00, 0x57, 0x9f, 0x87, 0x7e, 0xc7,
  0x77, 0x72, 0x00, 0x00, 0x00, 0xbf, 0xff, 0xff, 0xff, 0xff, 0xff, 0xf3, 0x00, 0x00, 0x00, 0x00,
  0x09, 0x80, 0x00, 0x00, 0x00, 0x00, 0x00, 0x00, 0x00, 0x00, 0x0c, 0xb0, 0x00, 0x00, 0x00, 0x00,
  0x09, 0xff, 0xff, 0xff, 0xff, 0xff, 0xff, 0xff, 0xff, 0x90, 0x03, 0x55, 0x55, 0x55, 0x5d, 0xc5,
  0x55, 0x55, 0x55, 0x30, 0x00, 0x00, 0x00, 0x00, 0x0c, 0xb0, 0x00, 0x00, 0x00, 0x00, 0x00, 0x24,
  0x44, 0x44, 0x4d, 0xc4, 0x44, 0x44, 0x43, 0x00, 0x00, 0x6f, 0xff, 0xff, 0xff, 0xff, 0xff, 0xff,
  0xfb, 0x00, 0x00, 0x00, 0x00, 0x00, 0x00, 0x00, 0x00, 0x00, 0x00, 0x00, 0x00, 0x04, 0x44, 0x44,
  0x44, 0x44, 0x44, 0x44, 0x41, 0x00, 0x00, 0x0e, 0xff, 0xff, 0xff, 0xff, 0xff, 0xff, 0xf5, 0x00,
  0x00, 0x0e, 0x80, 0x00, 0x0b, 0xa0, 0x00, 0x03, 0xf5, 0x00, 0x00, 0x0f, 0x80, 0x00, 0x0b, 0xa0,
  0x00, 0x03, 0xf5, 0x00, 0x00, 0x0f, 0x70, 0x00, 0x0b, 0xa0, 0x00, 0x03, 0xf5, 0x00, 0x00, 0x2f,
  0xff, 0xff, 0xff, 0xff, 0xff, 0xff, 0xf5, 0x00, 0x00, 0x5f, 0x65, 0x55, 0x55, 0x55, 0x55, 0x57,
  0xf5, 0x00, 0x00, 0x9e, 0x00, 0x00, 0x00, 0x00, 0x00, 0x01, 0x62, 0x00, 0x01, 0xe9, 0x00, 0x00,
  0x00, 0x00, 0x00, 0x00, 0x00, 0x00, 0x09, 0xf3, 0x00, 0x00, 0x00, 0x00, 0x00, 0x00, 0x00, 0x00,
  0x3f, 0x80, 0x00, 0x00, 0x00, 0x00, 0x00, 0x00, 0x00, 0x00, 0x07, 0x10, 0x00, 0x00, 0x00, 0x00,
  0x00, 0x00, 0x00, 0x00, 0x00, 0x00, 0x00, 0x09, 0x70, 0x00, 0x00, 0x00, 0x00, 0x00, 0x00, 0x00,
  0x00, 0x8f, 0x50, 0x00, 0x00, 0x00, 0x00, 0x00, 0x00, 0x00, 0x06, 0xff, 0xff, 0xff, 0xff, 0xfc,
  0x00, 0x00, 0x00, 0x00, 0x7f, 0xd5, 0x55, 0x55, 0x5c, 0xf6, 0x00, 0x00, 0x00, 0x2a, 0xfc, 0xf8,
  0x00, 0x00, 0x8f, 0x90, 0x00, 0x00, 0x03, 0xee, 0x50, 0x7f, 0xa1, 0x2b, 0xf8, 0x00, 0x00, 0x00,
  0x00, 0x82, 0x00, 0x05, 0xee, 0xee, 0x50, 0x00, 0x00, 0x00, 0x00, 0x00, 0x00, 0x39, 0xef, 0xfe,
  0x94, 0x00, 0x00, 0x00, 0x00, 0x14, 0x7d, 0xff, 0xa3, 0x4a, 0xff, 0xe9, 0x63, 0x10, 0x3c, 0xff,
  0xfd, 0x71, 0x00, 0x00, 0x17, 0xcf, 0xff, 0xf3, 0x0c, 0xa9, 0x75, 0x55, 0x55, 0x55, 0x55, 0x55,
  0x67, 0x70, 0x00, 0x09, 0xff, 0xff, 0xff, 0xff, 0xff, 0xff, 0x80, 0x00, 0x00, 0x09, 0xe0, 0x00,
  0x0c, 0xb0, 0x00, 0x1f, 0x80, 0x00, 0x00, 0x09, 0xe0, 0x00, 0x0c, 0xb0, 0x00, 0x1f, 0x80, 0x00,
  0x00, 0x09, 0xff, 0xff, 0xff, 0xff, 0xff, 0xff, 0x80, 0x00, 0x00, 0x09, 0xe3, 0x33, 0x3d, 0xc3,
  0x33, 0x4f, 0x80, 0x00, 0x00, 0x09, 0xe0, 0x00, 0x0c, 0xb0, 0x00, 0x1f, 0x80, 0x00, 0x00, 0x09,
  0xf5, 0x55, 0x5d, 0xc5, 0x55, 0x5f, 0x80, 0x00, 0x00, 0x09, 0xff, 0xff, 0xff, 0xff, 0xff, 0xff,
  0x80, 0x00, 0x00, 0x06, 0xa0, 0x00, 0x00, 0x00, 0x00, 0x1a, 0x50, 0x00, 0x00, 0x00, 0x07, 0x50,
  0x00, 0x00, 0x05, 0x90, 0x00, 0x00, 0x00, 0x00, 0x1e, 0x90, 0x00, 0x00, 0x07, 0xf0, 0x00, 0x00,
  0x00, 0x00, 0x5f, 0x40, 0x00, 0x00, 0x07, 0xf0, 0x00, 0x00, 0x00, 0x00, 0xaf, 0x66, 0x66, 0x40,
  0x07, 0xf0, 0x00, 0x00, 0x00, 0x02, 0xff, 0xff, 0xff, 0xd0, 0x07, 0xf0, 0x00, 0x00, 0x00, 0x08,
  0xf2, 0x00, 0x0d, 0xd7, 0x07, 0xf0, 0x00, 0x00, 0x00, 0x2e, 0x90, 0x00, 0x1f, 0xdf, 0x47, 0xf0,
  0x00, 0x00, 0x00, 0xaf, 0x20, 0x00, 0x5f, 0x3c, 0xd8, 0xf0, 0x00, 0x00, 0x06, 0xff, 0x91, 0x00,
  0x9d, 0x03, 0xee, 0xf0, 0x00, 0x00, 0x3f, 0xc7, 0xfd, 0x30, 0xe8, 0x00, 0x5f, 0xf0, 0x00, 0x00,
  0x07, 0x20, 0x3d, 0xf9, 0xf4, 0x00, 0x09, 0xf8, 0x00, 0x00, 0x00, 0x00, 0x01, 0xbf, 0xc0, 0x00,
  0x07, 0xff, 0xb1, 0x00, 0x00, 0x00, 0x00, 0x4f, 0x50, 0x00, 0x07, 0xf8, 0xfd, 0x50, 0x00, 0x00,
  0x00, 0xdc, 0x00, 0x00, 0x07, 0xf0, 0x5e, 0xf6, 0x00, 0x00, 0x09, 0xf4, 0x00, 0x00, 0x07, 0xf0,
  0x01, 0x80, 0x00, 0x00, 0x6f, 0x80, 0x00, 0x00, 0x07, 0xf0, 0x00, 0x00, 0x00, 0x07, 0xfa, 0x00,
  0x00, 0x00, 0x07, 0xf0, 0x00, 0x00, 0x01, 0x9f, 0xb1, 0x00, 0x00, 0x00, 0x07, 0xf0, 0x00, 0x00,
  0x0b, 0xf8, 0x00, 0x00, 0x00, 0x00, 0x07, 0xf0, 0x00, 0x00, 0x01, 0x40, 0x00, 0x00, 0x00, 0x00,
  0x05, 0x90, 0x00, 0x00, 0x00, 0x02, 0x92, 0x00, 0x00, 0x00, 0x76, 0x00, 0x00, 0x00, 0x00, 0x05,
  0xf2, 0x00, 0x00, 0x01, 0xfa, 0x00, 0x00, 0x00, 0x00, 0x08, 0xe0, 0x00, 0x00, 0x05, 0xf5, 0x00,
  0x00, 0x00, 0x00, 0x0b, 0xa0, 0x00, 0x00, 0x09, 0xe1, 0x02, 0x30, 0x00, 0x16, 0x6e, 0xb6, 0x66,
  0x10, 0x0e, 0x90, 0x0a, 0xd1, 0x00, 0x2f, 0xff, 0xff, 0xff, 0x40, 0x4f, 0x30, 0x02, 0xe9, 0x00,
  0x00, 0x5f, 0x10, 0x4f, 0x20, 0xad, 0x00, 0x00, 0x7f, 0x40, 0x00, 0x9c, 0x00, 0x7f, 0x58, 0xed,
  0xbc, 0xde, 0xff, 0xc0, 0x00, 0xc9, 0x00, 0x9d, 0x7f, 0xdc, 0xba, 0x98, 0x68, 0xf4, 0x01, 0xf5,
  0x00, 0xbb, 0x00, 0x00, 0x00, 0x00, 0x00, 0x92, 0x05, 0xf2, 0x01, 0xe7, 0x00, 0x00, 0x00, 0x00,
  0x00, 0x00, 0x08, 0xf3, 0x05, 0xf3, 0x03, 0xff, 0xff, 0xff, 0xff, 0x50, 0x0c, 0xff, 0x8a, 0xd0,
  0x03, 0xf8, 0x66, 0x66, 0x7f, 0x50, 0x05, 0x58, 0xff, 0x90, 0x03, 0xf3, 0x00, 0x00, 0x3f, 0x50,
  0x00, 0x00, 0x9f, 0xd1, 0x03, 0xf3, 0x00, 0x00, 0x3f, 0x50, 0x00, 0x01, 0xed, 0xfd, 0x13, 0xf3,
  0x00, 0x00, 0x3f, 0x50, 0x00, 0x0a, 0xf4, 0x5f, 0x93, 0xf3, 0x00, 0x00, 0x3f, 0x50, 0x00, 0x8f,
  0x90, 0x06, 0x33, 0xf8, 0x66, 0x66, 0x7f, 0x50, 0x0a, 0xf9, 0x00, 0x00, 0x03, 0xff, 0xff, 0xff,
  0xff, 0x50, 0x06, 0x60, 0x00, 0x00, 0x02, 0xc3, 0x00, 0x00, 0x2b, 0x40, 0x00, 0x00, 0x00, 0x00,
  0x05, 0x40, 0x00, 0x00, 0x00, 0x00, 0x00, 0xa7, 0x10, 0x00, 0x1e, 0x90, 0x00, 0x00, 0x00, 0x00,
  0x01, 0x9f, 0xd5, 0x00, 0x6f, 0x73, 0x33, 0x33, 0x34, 0x10, 0x00, 0x02, 0xbf, 0x31, 0xdf, 0xff,
  0xff, 0xff, 0xff, 0x80, 0x00, 0x00, 0x03, 0x0b, 0xe2, 0x05, 0xf4, 0x00, 0x8f, 0x10, 0x00, 0x00,
  0x00, 0x4f, 0x50, 0x08, 0xf7, 0x01, 0xe8, 0x00, 0x00, 0x00, 0x2a, 0x73, 0x00, 0x1e, 0xbe, 0x11,
  0x81, 0x00, 0x00, 0x3a, 0xfb, 0x30, 0x01, 0xbc, 0x1d, 0xc1, 0x00, 0x00, 0x1a, 0xfc, 0x50, 0x00,
  0x5d, 0xd2, 0x02, 0xde, 0x60, 0x00, 0x0b, 0x50, 0x01, 0x8d, 0xf9, 0x10, 0x00, 0x1a, 0xfe, 0x91,
  0x00, 0x00, 0x00, 0x9f, 0xe1, 0x00, 0x00, 0x00, 0x28, 0x80, 0x04, 0x44, 0x44, 0x7f, 0x94, 0x44,
  0x44, 0x44, 0x44, 0x40, 0x1f, 0xff, 0xff, 0xff, 0xff, 0xff, 0xff, 0xff, 0xff, 0xf1, 0x00, 0x00,
  0x0b, 0xe1, 0x00, 0x00, 0x1e, 0xc0, 0x00, 0x00, 0x00, 0x00, 0x6f, 0x70, 0x00, 0x00, 0xbf, 0x30,
  0x00, 0x00, 0x00, 0x03, 0xfe, 0xfe, 0xb8, 0x5c, 0xf5, 0x00, 0x00, 0x00, 0x00, 0x00, 0x41, 0x25,
  0xbf, 0xff, 0xe8, 0x40, 0x00, 0x00, 0x01, 0x24, 0x57, 0xae, 0xfd, 0x75, 0x9e, 0xfe, 0xa4, 0x00,
  0x09, 0xff, 0xfe, 0xb8, 0x30, 0x00, 0x00, 0x39, 0xef, 0x30, 0x02, 0x43, 0x10, 0x00, 0x00, 0x00,
  0x00, 0x00, 0x02, 0x00, 0x00, 0x00, 0x00, 0x00, 0x09, 0x70, 0x00, 0x00, 0x00, 0x00, 0x00, 0x00,
  0x00, 0x00, 0x0d, 0xb0, 0x00, 0x00, 0x00, 0x00, 0x02, 0x77, 0x77, 0x77, 0x7e, 0xd7, 0x77, 0x77,
  0x77, 0x20, 0x06, 0xff, 0xff, 0xff, 0xff, 0xff, 0xff, 0xff, 0xff, 0x50, 0x06, 0xf2, 0x00, 0x00,
  0x00, 0x00, 0x00, 0x00, 0x4f, 0x50, 0x06, 0xf2, 0x00, 0x00, 0x00, 0x00, 0x87, 0x00, 0x4f, 0x50,
  0x06, 0xf2, 0x00, 0x00, 0x00, 0x00, 0xca, 0x00, 0x4f, 0x50, 0x00, 0x00, 0x00, 0x00, 0x00, 0x00,
  0xca, 0x00, 0x00, 0x00, 0x06, 0x77, 0x77, 0x77, 0x77, 0x77, 0xec, 0x77, 0x77, 0x60, 0x0d, 0xff,
  0xff, 0xff, 0xff, 0xff, 0xff, 0xff, 0xff, 0xd0, 0x00, 0x00, 0x00, 0x00, 0x00, 0x00, 0xca, 0x00,
  0x00, 0x00, 0x00, 0x02, 0xb3, 0x00, 0x00, 0x00, 0xca, 0x00, 0x00, 0x00, 0x00, 0x01, 0xce, 0x20,
  0x00, 0x00, 0xca, 0x00, 0x00, 0x00, 0x00, 0x00, 0x1d, 0xd1, 0x00, 0x00, 0xca, 0x00, 0x00, 0x00,
  0x00, 0x00, 0x03, 0xf9, 0x00, 0x00, 0xca, 0x00, 0x00, 0x00, 0x00, 0x00, 0x00, 0x9b, 0x00, 0x00,
  0xca, 0x00, 0x00, 0x00, 0x00, 0x00, 0x00, 0x10, 0x00, 0x00, 0xca, 0x00, 0x00, 0x00, 0x00, 0x00,
  0x00, 0x00, 0x00, 0x00, 0xda, 0x00, 0x00, 0x00, 0x00, 0x00, 0x00, 0x00, 0x7f, 0xff, 0xf7, 0x00,
  0x00, 0x00, 0x00, 0x00, 0x00, 0x00, 0x17, 0x76, 0x40, 0x00, 0x00, 0x00, 0x00, 0x00, 0x00, 0x00,
  0x07, 0x60, 0x00, 0x00, 0x00, 0x00, 0x00, 0x00, 0x00, 0x00, 0x0d, 0xb0, 0x00, 0x00, 0x00, 0x00,
  0x02, 0x66, 0x66, 0x66, 0x6e, 0xd6, 0x66, 0x66, 0x66, 0x20, 0x05, 0xff, 0xff, 0xff, 0xff, 0xff,
  0xff, 0xff, 0xff, 0x60, 0x05, 0xf3, 0x00, 0x00, 0x00, 0x00, 0x00, 0x00, 0x3f, 0x60, 0x05, 0xf3,
  0x00, 0x00, 0xc9, 0x00, 0x00, 0x00, 0x3f, 0x60, 0x05, 0xf3, 0x00, 0x04, 0xf6, 0x00, 0x00, 0x00,
  0x3f, 0x60, 0x00, 0x00, 0x00, 0x0b, 0xe1, 0x00, 0x00, 0x00, 0x00, 0x00, 0x05, 0x66, 0x66, 0x7f,
  0xb6, 0x66, 0x66, 0x66, 0x66, 0x50, 0x0d, 0xff, 0xff, 0xff, 0xff, 0xff, 0xff, 0xff, 0xff, 0xd0,
  0x00, 0x00, 0x03, 0xf7, 0x00, 0x00, 0x0a, 0xf1, 0x00, 0x00, 0x00, 0x00, 0x0b, 0xe1, 0x00, 0x00,
  0x1f, 0xa0, 0x00, 0x00, 0x00, 0x00, 0x4f, 0x70, 0x00, 0x00, 0x7f, 0x40, 0x00, 0x00, 0x00, 0x00,
  0xcf, 0x93, 0x00, 0x03, 0xeb, 0x00, 0x00, 0x00, 0x00, 0x05, 0xfa, 0xdf, 0xd8, 0x3d, 0xe1, 0x00,
  0x00, 0x00, 0x00, 0x01, 0x40, 0x04, 0x9e, 0xff, 0x90, 0x00, 0x00, 0x00, 0x00, 0x00, 0x00, 0x04,
  0xaf, 0xdd, 0xfd, 0x61, 0x00, 0x00, 0x00, 0x01, 0x47, 0xcf, 0xd6, 0x00, 0x5c, 0xfe, 0x60, 0x00,
  0x02, 0xdf, 0xff, 0xc6, 0x00, 0x00, 0x00, 0x5d, 0xf9, 0x00, 0x00, 0x88, 0x51, 0x00, 0x00, 0x00,
  0x00, 0x01, 0x82, 0x00, 0x00, 0x00, 0x00, 0x00, 0x09, 0x80, 0x00, 0x00, 0x00, 0x00, 0x00, 0x00,
  0x00, 0x00, 0x0c, 0xb0, 0x00, 0x00, 0x00, 0x00, 0x00, 0x00, 0x00, 0x00, 0x0c, 0xb0, 0x00, 0x00,
  0x00, 0x00, 0x06, 0xff, 0xff, 0xff, 0xff, 0xff, 0xff, 0xff, 0xff, 0x50, 0x06, 0xf7, 0x66, 0x66,
  0x66, 0x66, 0x66, 0x66, 0x8f, 0x50, 0x06, 0xf2, 0x00, 0x00, 0x00, 0x00, 0x00, 0x00, 0x3f, 0x50,
  0x06, 0xf2, 0x00, 0x00, 0x00, 0x00, 0x00, 0x00, 0x3f, 0x50, 0x03, 0x81, 0xcf, 0xff, 0xff, 0xff,
  0xff, 0xfd, 0x28, 0x30, 0x00, 0x00, 0x57, 0x77, 0x7d, 0xd7, 0x77, 0x76, 0x00, 0x00, 0x00, 0x00,
  0x00, 0x00, 0x0c, 0xb0, 0x00, 0x00, 0x00, 0x00, 0x00, 0x00, 0x79, 0x00, 0x0c, 0xb0, 0x00, 0x00,
  0x00, 0x00, 0x00, 0x00, 0xcc, 0x00, 0x0c, 0xb0, 0x00, 0x00, 0x00, 0x00, 0x00, 0x00, 0xe9, 0x00,
  0x0c, 0xff, 0xff, 0xff, 0xb0, 0x00, 0x00, 0x03, 0xfa, 0x00, 0x0c, 0xd6, 0x66, 0x66, 0x40, 0x00,
  0x00, 0x08, 0xff, 0x20, 0x0c, 0xb0, 0x00, 0x00, 0x00, 0x00, 0x00, 0x0d, 0xcd, 0xb0, 0x0c, 0xb0,
  0x00, 0x00, 0x00, 0x00, 0x00, 0x6f, 0x44, 0xfb, 0x1c, 0xb0, 0x00, 0x00, 0x00, 0x00, 0x02, 0xec,
  0x00, 0x5e, 0xee, 0xc3, 0x21, 0x00, 0x00, 0x00, 0x1d, 0xe2, 0x00, 0x02, 0xae, 0xff, 0xff, 0xff,
  0xff, 0xe0, 0x08, 0x40, 0x00, 0x00, 0x00, 0x36, 0x77, 0x88, 0x88, 0x50, 0x00, 0x00, 0x00, 0x00,
  0x04, 0x50, 0x00, 0x00, 0x00, 0x00, 0x00, 0x00, 0x00, 0x00, 0x0b, 0xd0, 0x00, 0x00, 0x00, 0x00,
  0x00, 0x00, 0x00, 0x00, 0x0b, 0xd0, 0x00, 0x00, 0x00, 0x00, 0x00, 0x00, 0x00, 0x00, 0x0b, 0xd0,
  0x00, 0x00, 0x00, 0x00, 0x00, 0x00, 0x00, 0x00, 0x0b, 0xd0, 0x00, 0x00, 0x00, 0x00, 0x00, 0x00,
  0x52, 0x00, 0x0b, 0xd0, 0x00, 0x35, 0x00, 0x00, 0x00, 0x03, 0xf8, 0x00, 0x0b, 0xd0, 0x00, 0xaf,
  0x20, 0x00, 0x00, 0x07, 0xf4, 0x00, 0x0b, 0xd0, 0x00, 0x3f, 0x90, 0x00, 0x00, 0x0b, 0xe0, 0x00,
  0x0b, 0xd0, 0x00, 0x0a, 0xf2, 0x00, 0x00, 0x1f, 0xa0, 0x00, 0x0b, 0xd0, 0x00, 0x03, 0xf9, 0x00,
  0x00, 0x5f, 0x60, 0x00, 0x0b, 0xd0, 0x00, 0x00, 0xbf, 0x20, 0x00, 0xce, 0x10, 0x00, 0x0b, 0xd0,
  0x00, 0x00, 0x5f, 0x70, 0x04, 0xf8, 0x00, 0x00, 0x0b, 0xd0, 0x00, 0x00, 0x0e, 0xd0, 0x1d, 0xe1,
  0x00, 0x00, 0x0b, 0xd0, 0x00, 0x00, 0x09, 0xf2, 0x2b, 0x60, 0x00, 0x00, 0x0b, 0xd0, 0x00, 0x00,
  0x05, 0xf5, 0x00, 0x00, 0x00, 0x00, 0x0b, 0xd0, 0x00, 0x00, 0x01, 0x30, 0x00, 0x00, 0x00, 0x00,
  0x0b, 0xd0, 0x00, 0x00, 0x00, 0x00, 0x00, 0x00, 0x00, 0x00, 0x0c, 0xd0, 0x00, 0x00, 0x00, 0x00,
  0x00, 0x00, 0x06, 0xfe, 0xff, 0xa0, 0x00, 0x00, 0x00, 0x00, 0x00, 0x00, 0x01, 0x88, 0x85, 0x00,
  0x00, 0x00, 0x00, 0x00, 0x00, 0x00, 0x00, 0x00, 0x08, 0x70, 0x00, 0x00, 0x00, 0x00, 0x00, 0x00,
  0x00, 0x00, 0x0b, 0xb0, 0x00, 0x00, 0x00, 0x00, 0x00, 0x00, 0x2c, 0x40, 0x0b, 0xb0, 0x05, 0xa1,
  0x00, 0x00, 0x00, 0x00, 0xcd, 0x10, 0x0b, 0xb0, 0x03, 0xec, 0x10, 0x00, 0x00, 0x08, 0xf4, 0x00,
  0x0b, 0xb0, 0x00, 0x3e, 0xd2, 0x00, 0x00, 0x8f, 0x80, 0x00, 0x0b, 0xb0, 0x00, 0x02, 0xed, 0x10,
  0x0a, 0xf8, 0x00, 0x00, 0x0b, 0xb0, 0x00, 0x00, 0x4f, 0xb0, 0x08, 0x70, 0x00, 0x55, 0x5d, 0xa0,
  0x00, 0x00, 0x06, 0x40, 0x00, 0x00, 0x00, 0x8f, 0xed, 0x40, 0x00, 0x00, 0x00, 0x00, 0x00, 0x00,
  0x00, 0x00, 0x06, 0x40, 0x00, 0x00, 0x00, 0x00, 0x00, 0x00, 0x00, 0x00, 0x1f, 0x80, 0x00, 0x00,
  0x00, 0x00, 0x05, 0x55, 0x55, 0x55, 0x7f, 0x95, 0x55, 0x55, 0x55, 0x50, 0x0e, 0xff, 0xff, 0xff,
  0xff, 0xff, 0xff, 0xff, 0xff, 0xe0, 0x00, 0x00, 0x00, 0x00, 0xdd, 0xf7, 0x00, 0x00, 0x00, 0x00,
  0x00, 0x00, 0x00, 0x06, 0xf6, 0x9e, 0x10, 0x00, 0x00, 0x00, 0x00, 0x00, 0x00, 0x4f, 0xc0, 0x1e,
  0xc1, 0x00, 0x00, 0x00, 0x00, 0x00, 0x07, 0xed, 0x20, 0x03, 0xed, 0x40, 0x00, 0x00, 0x00, 0x27,
  0xdf, 0xb2, 0x00, 0x00, 0x3d, 0xfc, 0x62, 0x00, 0x1d, 0xff, 0xc4, 0x00, 0x00, 0x00, 0x00, 0x6d,
  0xff, 0xe2, 0x06, 0x62, 0x00, 0x00, 0x00, 0x00, 0x00, 0x00, 0x36, 0x60, 0x00, 0x00, 0x0c, 0x90,
  0x00, 0x00, 0x07, 0x80, 0x00, 0x00, 0x00, 0x00, 0x0d, 0xa0, 0x00, 0x00, 0x0a, 0xc4, 0xd2, 0x00,
  0x00, 0x00, 0x0d, 0xa0, 0x00, 0x00, 0x0a, 0xc1, 0xcc, 0x00, 0x0e, 0xff, 0xff, 0xff, 0xff, 0x90,
  0x0a, 0xc0, 0x2f, 0x70, 0x05, 0x66, 0x66, 0x66, 0x66, 0x30, 0x0a, 0xc0, 0x08, 0x80, 0x00, 0x00,
  0x00, 0x00, 0x00, 0x00, 0x0a, 0xc0, 0x00, 0x00, 0x00, 0xdf, 0xff, 0xff, 0xfa, 0x9f, 0xff, 0xff,
  0xff, 0xf2, 0x00, 0xda, 0x44, 0x44, 0xda, 0x47, 0x7d, 0xd7, 0x77, 0x71, 0x00, 0xd8, 0x00, 0x00,
  0xca, 0x00, 0x0d, 0xd5, 0x00, 0x00, 0x00, 0xd8, 0x00, 0x00, 0xca, 0x00, 0x0f, 0xfa, 0x00, 0x00,
  0x00, 0xdf, 0xff, 0xff, 0xfa, 0x00, 0x2f, 0xfa, 0x00, 0x00, 0x00, 0x44, 0x4d, 0xb4, 0x43, 0x00,
  0x6f, 0xda, 0x00, 0x00, 0x00, 0x44, 0x0c, 0xa1, 0x80, 0x00, 0x9e, 0xba, 0x00, 0x00, 0x00, 0xca,
  0x0c, 0xa1, 0xe6, 0x00, 0xea, 0xba, 0x00, 0x00, 0x01, 0xf6, 0x0c, 0xa0, 0x9c, 0x06, 0xf4, 0xba,
  0x00, 0x10, 0x07, 0xf1, 0x0c, 0xa0, 0x4f, 0x2d, 0xd0, 0xba, 0x00, 0xb4, 0x1e, 0x90, 0x0c, 0xa0,
  0x05, 0x7f, 0x50, 0xba, 0x00, 0xc5, 0x1c, 0x20, 0x0d, 0xa0, 0x04, 0xfb, 0x00, 0xab, 0x01, 0xe4,
  0x00, 0x0d, 0xff, 0x70, 0x2e, 0xd1, 0x00, 0x9f, 0xff, 0xe1, 0x00, 0x04, 0x53, 0x00, 0x06, 0x30,
  0x00, 0x15, 0x76, 0x20, 0x00, 0x14, 0x44, 0x44, 0x44, 0x44, 0x44, 0x44, 0x43, 0x00, 0x00, 0x3f,
  0xff, 0xff, 0xff, 0xff, 0xff, 0xff, 0xfb, 0x00, 0x00, 0x3f, 0x50, 0x00, 0x00, 0x00, 0x00, 0x00,
  0xcb, 0x00, 0x00, 0x3f, 0x50, 0x00, 0x00, 0x00, 0x00, 0x00, 0xcb, 0x00, 0x00, 0x3f, 0xff, 0xff,
  0xff, 0xff, 0xff, 0xff, 0xfb, 0x00, 0x00, 0x3f, 0x85, 0x5b, 0xa5, 0x55, 0x55, 0x9e, 0x63, 0x00,
  0x00, 0x3f, 0x50, 0x08, 0xe2, 0x00, 0x01, 0xdb, 0x00, 0x00, 0x00, 0x3f, 0x40, 0x01, 0xe8, 0x00,
  0x06, 0xe2, 0x00, 0x00, 0x00, 0x4f, 0x4f, 0xff, 0xff, 0xff, 0xff, 0xff, 0xff, 0x60, 0x00, 0x4f,
  0x34, 0x44, 0xdb, 0x44, 0x49, 0xf4, 0x44, 0x20, 0x00, 0x6f, 0x20, 0x00, 0xc9, 0x00, 0x07, 0xf0,
  0x00, 0x00, 0x00, 0x7f, 0x00, 0x00, 0xc9, 0x00, 0x07, 0xf0, 0x00, 0x00, 0x00, 0x9e, 0x24, 0x44,
  0xdb, 0x44, 0x4a, 0xf4, 0x44, 0x40, 0x00, 0xcb, 0x8f, 0xff, 0xff, 0xff, 0xff, 0xff, 0xff, 0xe0,
  0x01, 0xf8, 0x00, 0x04, 0xf4, 0x00, 0x07, 0xf0, 0x00, 0x00, 0x05, 0xf4, 0x00, 0x0c, 0xd0, 0x00,
  0x07, 0xf0, 0x00, 0x00, 0x0b, 0xe0, 0x01, 0xbf, 0x50, 0x00, 0x07, 0xf0, 0x00, 0x00, 0x3f, 0x70,
  0x5e, 0xe5, 0x00, 0x00, 0x07, 0xf0, 0x00, 0x00, 0x07, 0x10, 0x19, 0x20, 0x00, 0x00, 0x05, 0xa0,
  0x00, 0x00, 0x00, 0xef, 0xff, 0xff, 0xff, 0xff, 0xff, 0xff, 0xff, 0x00, 0x00, 0x88, 0x88, 0x88,
  0x8e, 0xe8, 0x88, 0x88, 0x88, 0x00, 0x00, 0x00, 0x00, 0x00, 0x0d, 0xc0, 0x00, 0x00, 0x00, 0x00,
  0x00, 0x00, 0x00, 0x00, 0x0d, 0xc0, 0x00, 0x00, 0x00, 0x00, 0x00, 0x00, 0x00, 0x00, 0x0d, 0xc0,
  0x00, 0x00, 0x00, 0x00, 0x00, 0x00, 0x00, 0x00, 0x0d, 0xc0, 0x00, 0x00, 0x00, 0x00, 0x00, 0x00,
  0x00, 0x00, 0x0d, 0xc0, 0x00, 0x00, 0x00, 0x00, 0x00, 0x00, 0x00, 0x00, 0x0d, 0xc0, 0x00, 0x00,
  0x00, 0x00, 0x00, 0x00, 0x00, 0x00, 0x0d, 0xc0, 0x00, 0x00, 0x00, 0x00, 0x00, 0x00, 0x00, 0x00,
  0x0d, 0xc0, 0x00, 0x00, 0x00, 0x00, 0x00, 0x00, 0x00, 0x00, 0x0d, 0xc0, 0x00, 0x00, 0x00, 0x00,
  0x00, 0x00, 0x00, 0x00, 0x0d, 0xc0, 0x00, 0x00, 0x00, 0x00, 0x00, 0x00, 0x00, 0x00, 0x0d, 0xc0,
  0x00, 0x00, 0x00, 0x00, 0x07, 0x77, 0x77, 0x77, 0x7e, 0xd7, 0x77, 0x77, 0x77, 0x70, 0x0f, 0xff,
  0xff, 0xff, 0xff, 0xff, 0xff, 0xff, 0xff, 0xf0, 0x01, 0x77, 0x77, 0x77, 0x77, 0x77, 0x77, 0x77,
  0x40, 0x00, 0x02, 0xff, 0xff, 0xff, 0xff, 0xff, 0xff, 0xff, 0x70, 0x00, 0x00, 0x00, 0x00, 0x00,
  0x00, 0x00, 0x00, 0x1f, 0x70, 0x00, 0x00, 0x00, 0x00, 0x00, 0x00, 0x00, 0x00, 0x1f, 0x70, 0x00,
  0x00, 0x1b, 0x50, 0x00, 0x00, 0x00, 0x00, 0x1f, 0x70, 0x00, 0x00, 0x1f, 0x70, 0x00, 0x00, 0x00,
  0x00, 0x1f, 0x70, 0x00, 0x00, 0x1f, 0x70, 0x00, 0x00, 0x00, 0x00, 0x1f, 0x70, 0x00, 0x00, 0x1f,
  0x70, 0x00, 0x00, 0x00, 0x00, 0x1f, 0x70, 0x00, 0x00, 0x1f, 0xff, 0xff, 0xff, 0xff, 0xff, 0xff,
  0x70, 0x00, 0x00, 0x1f, 0xb7, 0x77, 0x77, 0x77, 0x77, 0x8f, 0x70, 0x00, 0x00, 0x1f, 0x70, 0x00,
  0x00, 0x00, 0x00, 0x08, 0x40, 0x00, 0x00, 0x1f, 0x70, 0x00, 0x00, 0x00, 0x00, 0x00, 0x00, 0x00,
  0x00, 0x1f, 0x70, 0x00, 0x00, 0x00, 0x00, 0x00, 0x03, 0x10, 0x00, 0x1f, 0x70, 0x00, 0x00, 0x00,
  0x00, 0x00, 0x09, 0xe0, 0x00, 0x1f, 0x70, 0x00, 0x00, 0x00, 0x00, 0x00, 0x0b, 0xc0, 0x00, 0x0f,
  0x80, 0x00, 0x00, 0x00, 0x00, 0x00, 0x2f, 0x90, 0x00, 0x0c, 0xf9, 0x77, 0x77, 0x77, 0x77, 0x78,
  0xef, 0x30, 0x00, 0x02, 0xad, 0xef, 0xff, 0xff, 0xff, 0xfe, 0xc4, 0x00, 0x00, 0x00, 0x40, 0x00,
  0x04, 0x60, 0x00, 0x05, 0x10, 0x00, 0x00, 0x05, 0xf6, 0x00, 0x0a, 0xd0, 0x00, 0x5f, 0x80, 0x00,
  0x00, 0x00, 0xbe, 0x20, 0x0a, 0xd0, 0x01, 0xeb, 0x00, 0x00, 0x01, 0x55, 0x7c, 0x65, 0x5b, 0xe5,
  0x56, 0xd6, 0x55, 0x20, 0x04, 0xff, 0xff, 0xff, 0xff, 0xff, 0xff, 0xff, 0xff, 0x60, 0x04, 0xf2,
  0x00, 0x00, 0x00, 0x00, 0x00, 0x00, 0x1f, 0x60, 0x04, 0xf2, 0x02, 0x22, 0x22, 0x22, 0x22, 0x21,
  0x1f, 0x60, 0x04, 0xf2, 0x3f, 0xff, 0xff, 0xff, 0xff, 0xf5, 0x1f, 0x60, 0x00, 0x00, 0x3f, 0x40,
  0x00, 0x00, 0x03, 0xf5, 0x00, 0x00, 0x00, 0x00, 0x3f, 0x52, 0x22, 0x22, 0x24, 0xf5, 0x00, 0x00,
  0x00, 0x00, 0x3f, 0xff, 0xff, 0xff, 0xff, 0xf5, 0x00, 0x00, 0x00, 0x00, 0x00, 0x00, 0x08, 0xf0,
  0x00, 0x00, 0x00, 0x00, 0x00, 0x05, 0x55, 0x55, 0x5b, 0xf6, 0x55, 0x55, 0x51, 0x00, 0x00, 0x0f,
  0xff, 0xff, 0xff, 0xff, 0xff, 0xff, 0xf3, 0x00, 0x00, 0x0f, 0x80, 0x00, 0x08, 0xf0, 0x00, 0x05,
  0xf3, 0x00, 0x00, 0x0f, 0x80, 0x00, 0x08, 0xf0, 0x00, 0x05, 0xf3, 0x00, 0x00, 0x0f, 0x80, 0x00,
  0x08, 0xf0, 0x00, 0x05, 0xf3, 0x00, 0x00, 0x0f, 0x80, 0x00, 0x08, 0xf0, 0x15, 0x59, 0xf2, 0x00,
  0x00, 0x0d, 0x70, 0x00, 0x08, 0xf0, 0x1e, 0xfe, 0xa0, 0x00, 0x00, 0x00, 0x00, 0x00, 0x06, 0xb0,
  0x00, 0x00, 0x00, 0x00, 0x00, 0x00, 0x01, 0x93, 0x00, 0x00, 0x49, 0x00, 0x00, 0x00, 0x03, 0x44,
  0x45, 0xf8, 0x44, 0x44, 0x9f, 0x44, 0x44, 0x30, 0x0a, 0xff, 0xff, 0xff, 0xff, 0xff, 0xff, 0xff,
  0xff, 0xb0, 0x00, 0x00, 0x01, 0xb4, 0x00, 0x00, 0x5b, 0x00, 0x00, 0x00, 0x00, 0x08, 0xff, 0xff,
  0xff, 0xff, 0xff, 0xff, 0xc0, 0x00, 0x00, 0x08, 0xd0, 0x00, 0x00, 0x00, 0x00, 0x0a, 0xc0, 0x00,
  0x00, 0x08, 0xd0, 0x00, 0x00, 0x00, 0x00, 0x0a, 0xc0, 0x00, 0x00, 0x08, 0xff, 0xff, 0xff, 0xff,
  0xff, 0xff, 0xc0, 0x00, 0x00, 0x08, 0xd0, 0x00, 0x00, 0x00, 0x00, 0x0a, 0xc0, 0x00, 0x00, 0x08,
  0xff, 0xff, 0xff, 0xff, 0xff, 0xff, 0xc0, 0x00, 0x00, 0x00, 0x00, 0x6f, 0x50, 0x00, 0x00, 0x00,
  0x00, 0x00, 0x0e, 0xff, 0xff, 0xff, 0xff, 0xff, 0xff, 0xff, 0xff, 0xe0, 0x03, 0x33, 0x8f, 0xb3,
  0x3d, 0xb3, 0x3a, 0xf6, 0x33, 0x30, 0x00, 0x06, 0xfd, 0x10, 0x0c, 0xa0, 0x00, 0xcf, 0x60, 0x00,
  0x03, 0xbf, 0xff, 0xff, 0xff, 0xff, 0xff, 0xff, 0xfc, 0x50, 0x2f, 0xd5, 0xcb, 0x33, 0x3d, 0xb3,
  0x33, 0x8f, 0x5c, 0xe2, 0x04, 0x10, 0xca, 0x00, 0x0c, 0xa0, 0x00, 0x6f, 0x10, 0x20, 0x00, 0x00,
  0xca, 0x00, 0x0c, 0xa0, 0x11, 0x8f, 0x10, 0x00, 0x00, 0x00, 0xca, 0x00, 0x0c, 0xa0, 0x5f, 0xfa,
  0x00, 0x00, 0x00, 0x00, 0x11, 0x00, 0x09, 0x70, 0x00, 0x00, 0x00, 0x00, 0x00, 0x00, 0x00, 0x00,
  0x02, 0x93, 0x00, 0x00, 0x00, 0x00, 0x00, 0x00, 0x00, 0x00, 0x03, 0xf5, 0x00, 0x00, 0x00, 0x00,
  0x00, 0x35, 0x55, 0x55, 0x57, 0xf9, 0x55, 0x55, 0x55, 0x50, 0x00, 0x9f, 0xff, 0xff, 0xff, 0xff,
  0xff, 0xff, 0xff, 0xd0, 0x00, 0x9d, 0x00, 0x02, 0x81, 0x00, 0x00, 0x84, 0x00, 0x00, 0x00, 0x9d,
  0x00, 0x04, 0xf2, 0x00, 0x00, 0xf7, 0x00, 0x00, 0x00, 0x9d, 0x7f, 0xff, 0xff, 0xff, 0xff, 0xff,
  0xff, 0xb0, 0x00, 0x9d, 0x24, 0x47, 0xf5, 0x44, 0x44, 0xf9, 0x44, 0x30, 0x00, 0x9d, 0x00, 0x04,
  0xf2, 0x00, 0x00, 0xf7, 0x00, 0x00, 0x00, 0xac, 0x00, 0x04, 0xf5, 0x33, 0x33, 0xf7, 0x00, 0x00,
  0x00, 0xbc, 0x00, 0x04, 0xff, 0xff, 0xff, 0xf7, 0x00, 0x00, 0x00, 0xbb, 0x00, 0x00, 0x00, 0x00,
  0x00, 0x00, 0x00, 0x00, 0x00, 0xca, 0x13, 0x33, 0x33, 0x33, 0x33, 0x33, 0x30, 0x00, 0x00, 0xd9,
  0x3f, 0xff, 0xff, 0xff, 0xff, 0xff, 0xe2, 0x00, 0x00, 0xf7, 0x00, 0x09, 0xd2, 0x00, 0x00, 0x6f,
  0x50, 0x00, 0x03, 0xf4, 0x00, 0x01, 0xcd, 0x40, 0x08, 0xf8, 0x00, 0x00, 0x06, 0xf1, 0x00, 0x00,
  0x1a, 0xfa, 0xde, 0x50, 0x00, 0x00, 0x0c, 0xc0, 0x00, 0x02, 0x5a, 0xff, 0xfc, 0x73, 0x00, 0x00,
  0x3f, 0x50, 0x8c, 0xef, 0xfa, 0x61, 0x49, 0xef, 0xec, 0xa1, 0x07, 0x00, 0x68, 0x63, 0x10, 0x00,
  0x00, 0x03, 0x69, 0x70, 0x02, 0x77, 0x77, 0x77, 0x77, 0x77, 0x77, 0x77, 0x77, 0x20, 0x03, 0xff,
  0xff, 0xff, 0xff, 0xff, 0xff, 0xff, 0xff, 0x50, 0x00, 0x00, 0x02, 0xf6, 0x00, 0x00, 0x0f, 0x80,
  0x00, 0x00, 0x00, 0x00, 0x02, 0xf6, 0x00, 0x00, 0x0f, 0x80, 0x00, 0x00, 0x00, 0x00, 0x02, 0xf6,
  0x00, 0x00, 0x0f, 0x80, 0x00, 0x00, 0x00, 0x00, 0x02, 0xf6, 0x00, 0x00, 0x0f, 0x80, 0x00, 0x00,
  0x00, 0x00, 0x02, 0xf6, 0x00, 0x00, 0x0f, 0x80, 0x00, 0x00, 0x00, 0x00, 0x02, 0xf6, 0x00, 0x00,
  0x0f, 0x80, 0x00, 0x00, 0x0f, 0xff, 0xff, 0xff, 0xff, 0xff, 0xff, 0xff, 0xff, 0xf0, 0x07, 0x77,
  0x79, 0xf9, 0x77, 0x77, 0x7f, 0xb7, 0x77, 0x70, 0x00, 0x00, 0x06, 0xf2, 0x00, 0x00, 0x0f, 0x80,
  0x00, 0x00, 0x00, 0x00, 0x09, 0xf0, 0x00, 0x00, 0x0f, 0x80, 0x00, 0x00, 0x00, 0x00, 0x0e, 0xb0,
  0x00, 0x00, 0x0f, 0x80, 0x00, 0x00, 0x00, 0x00, 0x5f, 0x60, 0x00, 0x00, 0x0f, 0x80, 0x00, 0x00,
  0x00, 0x01, 0xde, 0x10, 0x00, 0x00, 0x0f, 0x80, 0x00, 0x00, 0x00, 0x0a, 0xf5, 0x00, 0x00, 0x00,
  0x0f, 0x80, 0x00, 0x00, 0x01, 0xaf, 0xa0, 0x00, 0x00, 0x00, 0x0f, 0x80, 0x00, 0x00, 0x0a, 0xfa,
  0x00, 0x00, 0x00, 0x00, 0x0f, 0x80, 0x00, 0x00, 0x02, 0x70, 0x00, 0x00, 0x00, 0x00, 0x0a, 0x50,
  0x00, 0x00, 0x00, 0x44, 0x44, 0x44, 0x44, 0x44, 0x44, 0x44, 0x10, 0x00, 0x00, 0xff, 0xff, 0xff,
  0xff, 0xff, 0xff, 0xff, 0x30, 0x00, 0x00, 0x00, 0x00, 0x00, 0x00, 0x00, 0x00, 0x4f, 0x30, 0x00,
  0x00, 0x00, 0x00, 0x00, 0x00, 0x00, 0x00, 0x4f, 0x30, 0x00, 0x00, 0x6f, 0xff, 0xff, 0xff, 0xff,
  0xff, 0xff, 0x30, 0x00, 0x00, 0x6f, 0x65, 0x55, 0x55, 0x55, 0x55, 0x55, 0x11, 0x00, 0x00, 0x6f,
  0x10, 0x00, 0x00, 0x00, 0x00, 0x00, 0x3f, 0x30, 0x00, 0x5f, 0x51, 0x00, 0x00, 0x00, 0x00, 0x01,
  0x9f, 0x10, 0x00, 0x1d, 0xff, 0xff, 0xff, 0xff, 0xff, 0xff, 0xf8, 0x00, 0x00, 0x00, 0x24, 0x55,
  0x55, 0x55, 0x55, 0x54, 0x20, 0x00, 0x00, 0x00, 0x06, 0xf2, 0x00, 0x00, 0x2f, 0x50, 0x00, 0x00,
  0x00, 0x00, 0x06, 0xf2, 0x00, 0x00, 0x2f, 0x50, 0x00, 0x00, 0x0f, 0xff, 0xff, 0xff, 0xff, 0xff,
  0xff, 0xff, 0xff, 0xf0, 0x06, 0x66, 0x6c, 0xe6, 0x66, 0x66, 0x7f, 0x96, 0x66, 0x60, 0x00, 0x00,
  0x1e, 0xb0, 0x00, 0x00, 0x2f, 0x50, 0x00, 0x00, 0x00, 0x00, 0xbf, 0x40, 0x00, 0x00, 0x2f, 0x50,
  0x00, 0x00, 0x00, 0x3c, 0xf8, 0x00, 0x00, 0x00, 0x2f, 0x50, 0x00, 0x00, 0x0c, 0xfe, 0x60, 0x00,
  0x00, 0x00, 0x2f, 0x50, 0x00, 0x00, 0x06, 0x71, 0x00, 0x00, 0x00, 0x00, 0x1a, 0x30, 0x00, 0x00,
  0x00, 0x00, 0x00, 0x00, 0x00, 0x05, 0x70, 0x13, 0x00, 0x00, 0x00, 0x00, 0x00, 0x00, 0x00, 0x0a,
  0xe0, 0x8f, 0x50, 0x00, 0x00, 0x00, 0x00, 0x00, 0x00, 0x0a, 0xe0, 0x0a, 0xf6, 0x00, 0x00, 0x00,
  0x00, 0x00, 0x00, 0x0a, 0xe0, 0x00, 0xac, 0x00, 0x06, 0x77, 0x77, 0x77, 0x77, 0x7c, 0xf7, 0x77,
  0x78, 0x60, 0x0e, 0xff, 0xff, 0xff, 0xff, 0xff, 0xff, 0xff, 0xff, 0xe0, 0x00, 0x00, 0x00, 0x00,
  0x00, 0x07, 0xf2, 0x00, 0x00, 0x00, 0x00, 0x00, 0x00, 0x00, 0x00, 0x05, 0xf3, 0x00, 0x00, 0x00,
  0x00, 0x00, 0x00, 0x00, 0x00, 0x03, 0xf5, 0x00, 0x00, 0x00, 0x03, 0xff, 0xff, 0xff, 0xff, 0xa1,
  0xf7, 0x00, 0x00, 0x00, 0x01, 0x77, 0x7c, 0xe7, 0x77, 0x40, 0xf9, 0x00, 0x00, 0x00, 0x00, 0x00,
  0x09, 0xd0, 0x00, 0x00, 0xdb, 0x00, 0x00, 0x00, 0x00, 0x00, 0x09, 0xd0, 0x00, 0x00, 0xae, 0x00,
  0x00, 0x00, 0x00, 0x00, 0x09, 0xd0, 0x00, 0x00, 0x6f, 0x30, 0x00, 0x00, 0x00, 0x00, 0x09, 0xd0,
  0x00, 0x00, 0x2f, 0x80, 0x00, 0x91, 0x00, 0x00, 0x09, 0xd0, 0x25, 0x92, 0x0d, 0xd0, 0x01, 0xf4,
  0x00, 0x01, 0x4c, 0xfe, 0xff, 0xd3, 0x06, 0xf5, 0x03, 0xf2, 0x07, 0xdf, 0xff, 0xc9, 0x52, 0x00,
  0x01, 0xde, 0x47, 0xe0, 0x07, 0xb8, 0x41, 0x00, 0x00, 0x00, 0x00, 0x3e, 0xff, 0x90, 0x00, 0x00,
  0x00, 0x00, 0x00, 0x00, 0x00, 0x02, 0x77, 0x10, 0x00, 0x26, 0x66, 0x66, 0x66, 0x66, 0x66, 0x66,
  0x20, 0x00, 0x00, 0x5f, 0xff, 0xff, 0xff, 0xff, 0xff, 0xff, 0x60, 0x00, 0x00, 0x00, 0x00, 0x00,
  0x00, 0x00, 0x00, 0x3f, 0x50, 0x00, 0x00, 0x00, 0x00, 0x00, 0x00, 0x00, 0x00, 0x4f, 0x50, 0x00,
  0x00, 0x0b, 0xff, 0xff, 0xff, 0xff, 0xff, 0xff, 0x40, 0x00, 0x00, 0x04, 0x66, 0x66, 0x66, 0x66,
  0x66, 0x9f, 0x30, 0x00, 0x00, 0x00, 0x00, 0x00, 0x00, 0x00, 0x00, 0x7f, 0x20, 0x00, 0x0a, 0xff,
  0xff, 0xff, 0xff, 0xff, 0xff, 0xff, 0xff, 0xc0, 0x03, 0x55, 0x55, 0x55, 0x5d, 0xc5, 0x55, 0x55,
  0x55, 0x40, 0x00, 0x0a, 0x50, 0x00, 0x0c, 0xe1, 0x00, 0x06, 0xc1, 0x00, 0x00, 0x1b, 0xfa, 0x10,
  0x0c, 0xf9, 0x00, 0x6f, 0xc1, 0x00, 0x00, 0x00, 0x7f, 0xc1, 0x0c, 0xff, 0x38, 0xfb, 0x10, 0x00,
  0x00, 0x00, 0x05, 0xc1, 0x3d, 0xcd, 0xef, 0x80, 0x00, 0x00, 0x00, 0x00, 0x00, 0x4a, 0xff, 0xb3,
  0xfc, 0x10, 0x00, 0x00, 0x00, 0x00, 0x5c, 0xfe, 0x7c, 0xb0, 0x6f, 0xc2, 0x00, 0x00, 0x01, 0x6d,
  0xfe, 0x71, 0x0c, 0xb0, 0x06, 0xfe, 0x61, 0x00, 0x06, 0xfe, 0x71, 0x00, 0x0c, 0xb0, 0x00, 0x4d,
  0xfe, 0x70, 0x00, 0x61, 0x00, 0x34, 0x4d, 0xa0, 0x00, 0x01, 0x7d, 0x80, 0x00, 0x00, 0x00, 0x8f,
  0xfd, 0x40, 0x00, 0x00, 0x00, 0x00, 0x00, 0x00, 0x00, 0x00, 0x03, 0x40, 0x00, 0x00, 0x12, 0x00,
  0x01, 0x24, 0x67, 0x9c, 0xef, 0xe2, 0x00, 0x01, 0xce, 0x20, 0x0d, 0xff, 0xed, 0xb9, 0x74, 0x10,
  0x00, 0x1c, 0xe4, 0x00, 0x02, 0x21, 0x03, 0x30, 0x01, 0x51, 0x04, 0xef, 0x40, 0x00, 0x02, 0xa1,
  0x0a, 0xc0, 0x07, 0xf2, 0x9f, 0xd3, 0x00, 0x00, 0x01, 0xe8, 0x03, 0xf3, 0x0d, 0xa0, 0x9a, 0x10,
  0x00, 0x00, 0x00, 0x6f, 0x10, 0xd8, 0x4f, 0x30, 0x00, 0x00, 0x06, 0x10, 0x00, 0x1e, 0x50, 0x31,
  0xa9, 0x00, 0x00, 0x00, 0x7f, 0x80, 0x00, 0x01, 0x03, 0xf4, 0x01, 0x00, 0x00, 0x07, 0xf9, 0x00,
  0x00, 0x00, 0x03, 0xf4, 0x00, 0x00, 0x01, 0xaf, 0x90, 0x00, 0x0d, 0xff, 0xff, 0xff, 0xff, 0xf6,
  0x6e, 0xf7, 0x00, 0x00, 0x05, 0x66, 0x6e, 0xfe, 0x66, 0x62, 0x8c, 0x30, 0x00, 0x00, 0x00, 0x00,
  0x7f, 0xff, 0xb1, 0x00, 0x00, 0x00, 0x03, 0x50, 0x00, 0x03, 0xfc, 0xf7, 0xeb, 0x00, 0x00, 0x00,
  0x0c, 0xe2, 0x00, 0x1d, 0xc4, 0xf4, 0x3f, 0x90, 0x00, 0x00, 0xaf, 0x50, 0x01, 0xce, 0x23, 0xf4,
  0x06, 0xb0, 0x00, 0x0a, 0xf8, 0x00, 0x3d, 0xe4, 0x03, 0xf4, 0x00, 0x00, 0x02, 0xcf, 0x80, 0x00,
  0x1d, 0x30, 0x03, 0xf4, 0x00, 0x01, 0x8e, 0xe6, 0x00, 0x00, 0x00, 0x00, 0x03, 0xf4, 0x00, 0x0d,
  0xfc, 0x30, 0x00, 0x00, 0x00, 0x00, 0x02, 0x92, 0x00, 0x04, 0x50, 0x00, 0x00, 0x00, 0x00, 0x00,
  0x17, 0x10, 0x00, 0x00, 0x85, 0x00, 0x00, 0x00, 0x00, 0x00, 0xbe, 0x20, 0x00, 0x00, 0xd9, 0x00,
  0x00, 0x00, 0x00, 0x0a, 0xf4, 0x00, 0x00, 0x00, 0xd9, 0x00, 0x00, 0x00, 0x01, 0xbf, 0x60, 0x04,
  0xff, 0xff, 0xff, 0xff, 0xff, 0x30, 0x0d, 0xe4, 0x00, 0x02, 0x66, 0x66, 0xeb, 0x66, 0x66, 0x10,
  0x07, 0x30, 0x1d, 0x70, 0x00, 0x00, 0xd9, 0x00, 0x00, 0x00, 0x00, 0x00, 0xae, 0x20, 0x00, 0x00,
  0xd9, 0x00, 0x00, 0x00, 0x00, 0x06, 0xf6, 0x7f, 0xff, 0xff, 0xff, 0xff, 0xff, 0xf3, 0x00, 0x4e,
  0xf2, 0x36, 0x66, 0x66, 0x66, 0x6f, 0xa6, 0x61, 0x04, 0xef, 0xf2, 0x00, 0x00, 0x00, 0x00, 0x1f,
  0x60, 0x00, 0x3e, 0xe7, 0xf2, 0x00, 0x00, 0x00, 0x00, 0x1f, 0x60, 0x00, 0x1d, 0x35, 0xf2, 0x3f,
  0xff, 0xff, 0xff, 0xff, 0xff, 0xf1, 0x01, 0x05, 0xf2, 0x16, 0x66, 0x66, 0x66, 0x6f, 0xa6, 0x61,
  0x00, 0x05, 0xf2, 0x00, 0x5c, 0x10, 0x00, 0x1f, 0x60, 0x00, 0x00, 0x05, 0xf2, 0x00, 0x2e, 0xa0,
  0x00, 0x1f, 0x60, 0x00, 0x00, 0x05, 0xf2, 0x00, 0x05, 0xf5, 0x00, 0x1f, 0x60, 0x00, 0x00, 0x05,
  0xf2, 0x00, 0x00, 0xca, 0x00, 0x1f, 0x60, 0x00, 0x00, 0x05, 0xf2, 0x00, 0x00, 0x20, 0x00, 0x1f,
  0x60, 0x00, 0x00, 0x05, 0xf2, 0x00, 0x00, 0x00, 0xef, 0xff, 0x30, 0x00, 0x00, 0x02, 0x71, 0x00,
  0x00, 0x00, 0x46, 0x52, 0x00, 0x00, 0x00, 0x00, 0x00, 0x00, 0x07, 0x80, 0x00, 0x00, 0x00, 0x00,
  0x00, 0x00, 0x00, 0x00, 0x0d, 0xb0, 0x00, 0x00, 0x00, 0x00, 0x00, 0x00, 0x00, 0x00, 0x0f, 0x90,
  0x00, 0x00, 0x00, 0x00, 0x05, 0x66, 0x66, 0x66, 0x7f, 0xa6, 0x66, 0x66, 0x66, 0x60, 0x0d, 0xff,
  0xff, 0xff, 0xff, 0xff, 0xff, 0xff, 0xff, 0xe0, 0x00, 0x00, 0x00, 0x00, 0xcd, 0xad, 0x10, 0x00,
  0x00, 0x00, 0x00, 0x00, 0x00, 0x04, 0xf6, 0x2f, 0x80, 0x00, 0x00, 0x00, 0x00, 0x00, 0x00, 0x1d,
  0xd1, 0x09, 0xf5, 0x00, 0x00, 0x00, 0x00, 0x00, 0x02, 0xce, 0x51, 0x00, 0xbf, 0x60, 0x00, 0x00,
  0x00, 0x00, 0x6e, 0xe6, 0xed, 0x40, 0x1c, 0xfb, 0x20, 0x00, 0x02, 0x8d, 0xfb, 0x20, 0x2c, 0xf7,
  0x00, 0x8f, 0xfb, 0x60, 0x0c, 0xfc, 0x50, 0x00, 0x02, 0xa9, 0x00, 0x03, 0x9e, 0xa0, 0x02, 0x20,
  0x01, 0x10, 0x8e, 0x30, 0x00, 0x02, 0x21, 0x10, 0x00, 0x1e, 0x39, 0xd0, 0x1b, 0xe3, 0x00, 0x0c,
  0xc0, 0x00, 0x00, 0x6f, 0x19, 0xd0, 0x01, 0xce, 0x20, 0x04, 0xf5, 0x00, 0x00, 0xbc, 0x09, 0xd0,
  0x00, 0x2c, 0x30, 0x73, 0xcc, 0x00, 0x03, 0xf6, 0x09, 0xd0, 0x00, 0x00, 0x00, 0xe7, 0x6f, 0x30,
  0x0a, 0xe1, 0x08, 0xf7, 0x55, 0x55, 0x58, 0xf5, 0x1e, 0x90, 0x03, 0x50, 0x02, 0xce, 0xff, 0xff,
  0xfe, 0xa0, 0x05, 0x20, 0x00, 0x00, 0x00, 0x96, 0x00, 0x00, 0x00, 0x00, 0x00, 0x00, 0x00, 0x00,
  0x06, 0xf6, 0x00, 0x00, 0x00, 0x00, 0x00, 0x00, 0x00, 0x00, 0x2e, 0xff, 0xff, 0xff, 0xf8, 0x00,
  0x00, 0x00, 0x00, 0x01, 0xdd, 0x44, 0x44, 0x4a, 0xf4, 0x00, 0x00, 0x00, 0x00, 0x2d, 0xe2, 0x00,
  0x00, 0x3f, 0x80, 0x00, 0x00, 0x00, 0x05, 0xef, 0xff, 0xff, 0xff, 0xff, 0xff, 0xff, 0x90, 0x00,
  0x0b, 0xb3, 0x44, 0x44, 0x44, 0x44, 0x44, 0x4e, 0x90, 0x00, 0x01, 0x00, 0x00, 0x00, 0x00, 0x00,
  0x00, 0x0e, 0x90, 0x00, 0x00, 0x04, 0xff, 0xff, 0xff, 0xff, 0xff, 0xff, 0x90, 0x00, 0x00, 0x01,
  0x33, 0x33, 0x33, 0x33, 0x33, 0x3e, 0x90, 0x00, 0x00, 0x00, 0x00, 0x00, 0x00, 0x00, 0x00, 0x0e,
  0x90, 0x00, 0x00, 0x03, 0x44, 0x44, 0x44, 0x44, 0x44, 0x4e, 0x90, 0x00, 0x00, 0x0e, 0xff, 0xff,
  0xff, 0xff, 0xff, 0xff, 0x90, 0x00, 0x00, 0x00, 0x00, 0x04, 0xfb, 0x40, 0x00, 0x00, 0x00, 0x00,
  0x00, 0x05, 0x60, 0x74, 0x3b, 0xf9, 0x00, 0x4b, 0x20, 0x00, 0x00, 0x1e, 0xa0, 0xe8, 0x00, 0x76,
  0x01, 0x2d, 0xd2, 0x00, 0x00, 0x8f, 0x30, 0xe8, 0x00, 0x00, 0x0d, 0x52, 0xde, 0x20, 0x09, 0xf8,
  0x00, 0xe9, 0x00, 0x00, 0x2f, 0x40, 0x2e, 0xc0, 0x07, 0x70, 0x00, 0xbf, 0xff, 0xff, 0xfe, 0x10,
  0x05, 0x80, 0x00, 0x00, 0x00, 0x04, 0x55, 0x55, 0x41, 0x00, 0x00, 0x00, 0x00, 0x00, 0x00, 0x00,
  0x22, 0x06, 0x60, 0x00, 0x00, 0x00, 0x00, 0x00, 0x25, 0x8d, 0xfd, 0x1c, 0xc0, 0x8c, 0x10, 0x00,
  0x06, 0xbe, 0xff, 0xfb, 0x62, 0x0b, 0xd0, 0x3e, 0xc1, 0x00, 0x06, 0xb8, 0x6b, 0xd0, 0x00, 0x0a,
  0xd0, 0x04, 0xfa, 0x00, 0x00, 0x00, 0x09, 0xd0, 0x00, 0x09, 0xe0, 0x00, 0x7e, 0x30, 0x00, 0x00,
  0x09, 0xd0, 0x00, 0x09, 0xf0, 0x00, 0x02, 0x00, 0x05, 0x66, 0x6c, 0xe6, 0x66, 0x6b, 0xf6, 0x66,
  0x66, 0x60, 0x0d, 0xff, 0xff, 0xff, 0xff, 0xff, 0xff, 0xff, 0xff, 0xe0, 0x00, 0x00, 0x09, 0xd0,
  0x00, 0x05, 0xf4, 0x00, 0x00, 0x00, 0x00, 0x00, 0x09, 0xd0, 0x00, 0x03, 0xf6, 0x00, 0xa9, 0x00,
  0x00, 0x00, 0x09, 0xd0, 0x03, 0x30, 0xf8, 0x04, 0xf6, 0x00, 0x00, 0x00, 0x1b, 0xeb, 0xef, 0x80,
  0xdb, 0x1d, 0xc0, 0x00, 0x17, 0xad, 0xff, 0xfb, 0x74, 0x00, 0xae, 0xbe, 0x20, 0x00, 0x0e, 0xeb,
  0x7b, 0xd0, 0x00, 0x00, 0x6f, 0xf4, 0x00, 0x00, 0x02, 0x00, 0x09, 0xd0, 0x00, 0x01, 0xaf, 0x90,
  0x00, 0x60, 0x00, 0x00, 0x09, 0xd0, 0x00, 0x2c, 0xfe, 0xd0, 0x01, 0xf4, 0x00, 0x00, 0x09, 0xd0,
  0x06, 0xee, 0x56, 0xf5, 0x02, 0xf2, 0x00, 0x00, 0x0a, 0xd0, 0xaf, 0xc3, 0x00, 0xde, 0x47, 0xe0,
  0x00, 0xbf, 0xef, 0xa0, 0x47, 0x00, 0x00, 0x3e, 0xff, 0x90, 0x00, 0x38, 0x75, 0x10, 0x00, 0x00,
  0x00, 0x01, 0x66, 0x00, 0x00, 0x00, 0x00, 0x00, 0x00, 0x09, 0x60, 0x53, 0x00, 0x00, 0x00, 0x00,
  0x00, 0x00, 0x00, 0x0e, 0xa0, 0xaf, 0xa1, 0x00, 0x00, 0x00, 0x00, 0x00, 0x00, 0x0d, 0xa0, 0x04,
  0xdd, 0x00, 0x04, 0x77, 0x77, 0x77, 0x77, 0x7e, 0xc7, 0x77, 0x8a, 0x50, 0x0a, 0xff, 0xff, 0xff,
  0xff, 0xff, 0xff, 0xff, 0xff, 0xb0, 0x00, 0x00, 0x00, 0x00, 0x00, 0x0b, 0xd0, 0x00, 0x00, 0x00,
  0x00, 0x00, 0x00, 0x00, 0x00, 0x09, 0xe0, 0x00, 0x31, 0x00, 0x00, 0x7f, 0xff, 0xff, 0xf7, 0x08,
  0xf1, 0x00, 0xdb, 0x00, 0x00, 0x7e, 0x55, 0x55, 0xf7, 0x06, 0xf2, 0x04, 0xf5, 0x00, 0x00, 0x7d,
  0x00, 0x00, 0xf7, 0x05, 0xf4, 0x09, 0xe0, 0x00, 0x00, 0x7d, 0x00, 0x00, 0xf7, 0x02, 0xf7, 0x2f,
  0x90, 0x00, 0x00, 0x7d, 0x00, 0x00, 0xf7, 0x00, 0xea, 0xae, 0x20, 0x00, 0x00, 0x7f, 0xff, 0xff,
  0xf7, 0x00, 0xbe, 0xf7, 0x00, 0x00, 0x00, 0x25, 0x55, 0x55, 0x52, 0x00, 0x7f, 0xd0, 0x00, 0x00,
  0x00, 0x00, 0x00, 0x00, 0x14, 0x10, 0xaf, 0x70, 0x02, 0xa1, 0x00, 0x00, 0x36, 0x9d, 0xff, 0x39,
  0xff, 0xc0, 0x03, 0xf2, 0x06, 0xbe, 0xff, 0xfb, 0x85, 0x9f, 0x98, 0xf4, 0x04, 0xf1, 0x09, 0xeb,
  0x74, 0x00, 0x2c, 0xfa, 0x01, 0xed, 0x39, 0xd0, 0x01, 0x00, 0x00, 0x00, 0xdf, 0x70, 0x00, 0x4e,
  0xff, 0x70, 0x00, 0x00, 0x00, 0x00, 0x23, 0x00, 0x00, 0x02, 0x76, 0x00, 0x00, 0x00, 0x00, 0x00,
  0x18, 0x50, 0x00, 0x00, 0x00, 0x00, 0x00, 0x00, 0x00, 0x00, 0x0d, 0xc0, 0x00, 0x00, 0x00, 0x00,
  0x00, 0x00, 0x00, 0x00, 0x08, 0xf3, 0x00, 0x00, 0x00, 0x00, 0x00, 0x04, 0x66, 0x66, 0x68, 0xf8,
  0x66, 0x66, 0x50, 0x00, 0x00, 0x09, 0xff, 0xff, 0xff, 0xff, 0xff, 0xff, 0xd0, 0x00, 0x00, 0x09,
  0xe0, 0x00, 0x00, 0x00, 0x00, 0x09, 0xd0, 0x00, 0x00, 0x09, 0xe0, 0x00, 0x00, 0x00, 0x00, 0x09,
  0xd0, 0x00, 0x00, 0x09, 0xe0, 0x00, 0x00, 0x00, 0x00, 0x09, 0xd0, 0x00, 0x00, 0x09, 0xe0, 0x00,
  0x00, 0x00, 0x00, 0x09, 0xd0, 0x00, 0x00, 0x0a, 0xe6, 0x66, 0x66, 0x66, 0x66, 0x6c, 0xd0, 0x00,
  0x00, 0x0a, 0xff, 0xff, 0xff, 0xff, 0xff, 0xff, 0xd0, 0x00, 0x00, 0x0c, 0xc0, 0x00, 0x00, 0x00,
  0x00, 0x09, 0xd0, 0x00, 0x00, 0x0e, 0xa0, 0x00, 0x00, 0x00, 0x00, 0x03, 0x50, 0x00, 0x00, 0x1f,
  0x80, 0x00, 0x00, 0x00, 0x00, 0x00, 0x00, 0x00, 0x00, 0x5f, 0x50, 0x00, 0x00, 0x00, 0x00, 0x00,
  0x00, 0x00, 0x00, 0x9f, 0x10, 0x00, 0x00, 0x00, 0x00, 0x00, 0x00, 0x00, 0x01, 0xeb, 0x00, 0x00,
  0x00, 0x00, 0x00, 0x00, 0x00, 0x00, 0x08, 0xf5, 0x00, 0x00, 0x00, 0x00, 0x00, 0x00, 0x00, 0x00,
  0x2f, 0xc0, 0x00, 0x00, 0x00, 0x00, 0x00, 0x00, 0x00, 0x00, 0x07, 0x30, 0x00, 0x00, 0x00, 0x00,
  0x00, 0x00, 0x00, 0x00, 0x00, 0x00, 0x00, 0x00, 0x00, 0x00, 0x02, 0x59, 0x30, 0x00, 0x00, 0x01,
  0x24, 0x56, 0x78, 0xac, 0xef, 0xfd, 0x80, 0x00, 0x00, 0x8f, 0xff, 0xff, 0xef, 0xe9, 0x64, 0x20,
  0x00, 0x00, 0x00, 0x24, 0x32, 0x10, 0x0b, 0xc0, 0x00, 0x00, 0x00, 0x00, 0x00, 0x00, 0x00, 0x00,
  0x0b, 0xc0, 0x00, 0x00, 0x00, 0x00, 0x00, 0x00, 0x00, 0x00, 0x0b, 0xc0, 0x00, 0x00, 0x00, 0x00,
  0x00, 0x47, 0x77, 0x77, 0x7d, 0xd7, 0x77, 0x77, 0x76, 0x00, 0x00, 0xaf, 0xff, 0xff, 0xff, 0xff,
  0xff, 0xff, 0xfe, 0x00, 0x00, 0x00, 0x00, 0x00, 0x0b, 0xc0, 0x00, 0x00, 0x00, 0x00, 0x00, 0x00,
  0x00, 0x00, 0x0b, 0xc0, 0x00, 0x00, 0x00, 0x00, 0x00, 0x00, 0x00, 0x00, 0x0b, 0xc0, 0x00, 0x00,
  0x00, 0x00, 0x0f, 0xff, 0xff, 0xff, 0xff, 0xff, 0xff, 0xff, 0xff, 0xf1, 0x07, 0x77, 0x77, 0x77,
  0x7d, 0xd7, 0x77, 0x77, 0x77, 0x70, 0x00, 0x00, 0x00, 0x00, 0x0b, 0xc0, 0x00, 0x00, 0x00, 0x00,
  0x00, 0x00, 0x00, 0x00, 0x0b, 0xc0, 0x00, 0x00, 0x00, 0x00, 0x00, 0x00, 0x00, 0x00, 0x0b, 0xc0,
  0x00, 0x00, 0x00, 0x00, 0x00, 0x00, 0x00, 0x00, 0x0b, 0xc0, 0x00, 0x00, 0x00, 0x00, 0x00, 0x00,
  0x00, 0x00, 0x0c, 0xb0, 0x00, 0x00, 0x00, 0x00, 0x00, 0x00, 0x0d, 0xff, 0xff, 0x70, 0x00, 0x00,
  0x00, 0x00, 0x00, 0x00, 0x04, 0x77, 0x63, 0x00, 0x00, 0x00, 0x00, 0x00, 0x00, 0x02, 0x92, 0x00,
  0x00, 0x00, 0x53, 0x00, 0x00, 0x00, 0x00, 0x04, 0xf3, 0x00, 0x00, 0x00, 0xcd, 0x10, 0x00, 0x00,
  0x00, 0x04, 0xf3, 0x00, 0x00, 0x00, 0x3f, 0x90, 0x00, 0x00, 0x00, 0x04, 0xf3, 0x00, 0x00, 0x00,
  0x09, 0x90, 0x00, 0x00, 0x06, 0x79, 0xf8, 0x73, 0x1f, 0xff, 0xff, 0xff, 0xff, 0x70, 0x0e, 0xff,
  0xff, 0xf8, 0x1f, 0xa6, 0x66, 0x66, 0x6f, 0x70, 0x00, 0x04, 0xf3, 0x00, 0x1f, 0x70, 0x00, 0x00,
  0x0f, 0x70, 0x00, 0x04, 0xf3, 0x00, 0x1f, 0x70, 0x00, 0x00, 0x0f, 0x70, 0x00, 0x04, 0xf3, 0x00,
  0x1f, 0x70, 0x00, 0x00, 0x0f, 0x70, 0x00, 0x04, 0xf3, 0x12, 0x1f, 0xa6, 0x66, 0x66, 0x6f, 0x70,
  0x00, 0x05, 0xfd, 0xf9, 0x1f, 0xff, 0xff, 0xff, 0xff, 0x70, 0x19, 0xef, 0xfc, 0x61, 0x2f, 0x60,
  0x00, 0x00, 0x0f, 0x70, 0x0e, 0xa8, 0xf3, 0x00, 0x3f, 0x40, 0x00, 0x00, 0x04, 0x20, 0x00, 0x04,
  0xf3, 0x00, 0x6f, 0x20, 0x00, 0x00, 0x00, 0x00, 0x00, 0x04, 0xf3, 0x00, 0x9e, 0x00, 0x00, 0x00,
  0x00, 0x00, 0x00, 0x04, 0xf3, 0x00, 0xdb, 0x00, 0x00, 0x00, 0x00, 0x00, 0x00, 0x04, 0xf3, 0x04,
  0xf6, 0x00, 0x00, 0x00, 0x00, 0x00, 0x00, 0x05, 0xf3, 0x0d, 0xe1, 0x00, 0x00, 0x00, 0x00, 0x00,
  0x06, 0xff, 0xe1, 0x5f, 0x60, 0x00, 0x00, 0x00, 0x00, 0x00, 0x01, 0x76, 0x20, 0x05, 0x00, 0x00,
  0x00, 0x00, 0x00, 0x00, 0x00, 0x02, 0xa3, 0x00, 0x00, 0x00, 0x00, 0x00, 0x00, 0x00, 0x00, 0x03,
  0xf4, 0x00, 0x8f, 0xff, 0xff, 0xff, 0xfe, 0x00, 0x00, 0x03, 0xf4, 0x00, 0x8f, 0x66, 0x66, 0x66,
  0xcd, 0x00, 0x00, 0x03, 0xf4, 0x00, 0x8e, 0x00, 0x00, 0x00, 0xbc, 0x00, 0x07, 0x79, 0xf9, 0x74,
  0x8e, 0x00, 0x00, 0x00, 0xcb, 0x00, 0x1f, 0xff, 0xff, 0xf9, 0x8e, 0x00, 0x32, 0x23, 0xf8, 0x00,
  0x00, 0x03, 0xf4, 0x00, 0x8e, 0x00, 0xbf, 0xff, 0xd3, 0x00, 0x00, 0x03, 0xf4, 0x00, 0x8e, 0x00,
  0x00, 0x11, 0x00, 0x00, 0x00, 0x03, 0xf4, 0x00, 0x8f, 0xff, 0xff, 0xff, 0xff, 0x60, 0x00, 0x03,
  0xf7, 0x86, 0x8f, 0x9f, 0x76, 0x66, 0x9f, 0x30, 0x01, 0x5a, 0xff, 0xf9, 0x8e, 0x1e, 0x70, 0x00,
  0xad, 0x00, 0x4f, 0xff, 0xf8, 0x20, 0x8e, 0x08, 0xd0, 0x01, 0xe9, 0x00, 0x1a, 0x65, 0xf4, 0x00,
  0x8e, 0x02, 0xf7, 0x07, 0xf3, 0x00, 0x00, 0x03, 0xf4, 0x00, 0x8e, 0x00, 0x8f, 0x4e, 0x90, 0x00,
  0x00, 0x03, 0xf4, 0x00, 0x8e, 0x00, 0x1d, 0xff, 0x20, 0x00, 0x00, 0x03, 0xf4, 0x00, 0x8e, 0x00,
  0x08, 0xfc, 0x00, 0x00, 0x00, 0x03, 0xf4, 0x00, 0x8e, 0x00, 0x6f, 0xdf, 0xb1, 0x00, 0x00, 0x04,
  0xf4, 0x00, 0x8e, 0x19, 0xfb, 0x06, 0xfd, 0x50, 0x0e, 0xff, 0xe1, 0x00, 0x8e, 0xaf, 0x80, 0x00,
  0x5d, 0xd1, 0x04, 0x65, 0x10, 0x00, 0x36, 0x13, 0x00, 0x00, 0x01, 0x20, 0x00, 0x04, 0x80, 0x00,
  0x00, 0x00, 0x00, 0x00, 0x00, 0x00, 0x00, 0x07, 0xf0, 0x00, 0x55, 0x55, 0x55, 0x55, 0x54, 0x00,
  0x00, 0x07, 0xf0, 0x01, 0xff, 0xff, 0xff, 0xff, 0xfd, 0x00, 0x00, 0x07, 0xf0, 0x00, 0x07, 0xe2,
  0x00, 0x05, 0xf4, 0x00, 0x16, 0x6a, 0xf6, 0x62, 0x00, 0xcc, 0x10, 0x4f, 0x80, 0x00, 0x1f, 0xff,
  0xff, 0xf6, 0x00, 0x1d, 0xc7, 0xf8, 0x00, 0x00, 0x00, 0x07, 0xf0, 0x00, 0x00, 0x04, 0xff, 0xb0,
  0x00, 0x00, 0x00, 0x07, 0xf0, 0x00, 0x03, 0xaf, 0xc9, 0xfd, 0x61, 0x00, 0x00, 0x07, 0xf0, 0x07,
  0xdf, 0xd5, 0x00, 0x3b, 0xfe, 0xa2, 0x00, 0x07, 0xf4, 0x97, 0x94, 0x00, 0x7a, 0x00, 0x28, 0xa0,
  0x01, 0x5c, 0xff, 0xd3, 0x00, 0x00, 0x9d, 0x00, 0x00, 0x00, 0x2f, 0xff, 0xf3, 0x00, 0xaf, 0xff,
  0xff, 0xff, 0xfb, 0x00, 0x08, 0x37, 0xf0, 0x00, 0x46, 0x66, 0xbe, 0x66, 0x64, 0x00, 0x00, 0x07,
  0xf0, 0x00, 0x00, 0x00, 0x9d, 0x00, 0x00, 0x00, 0x00, 0x07, 0xf0, 0x04, 0x55, 0x55, 0xbe, 0x55,
  0x55, 0x51, 0x00, 0x07, 0xf0, 0x0a, 0xff, 0xff, 0xff, 0xff, 0xff, 0xf2, 0x00, 0x07, 0xf0, 0x00,
  0x00, 0x00, 0x9d, 0x00, 0x00, 0x00, 0x00, 0x08, 0xf0, 0x00, 0x00, 0x00, 0x9d, 0x00, 0x00, 0x00,
  0x08, 0xff, 0xc0, 0x00, 0x00, 0x00, 0x9d, 0x00, 0x00, 0x00, 0x02, 0x65, 0x10, 0x00, 0x00, 0x00,
  0x58, 0x00, 0x00, 0x00, 0x00, 0x06, 0x80, 0x00, 0x00, 0x00, 0x48, 0x00, 0x00, 0x00, 0x00, 0x09,
  0xc0, 0x00, 0x00, 0x00, 0x7e, 0x00, 0x00, 0x00, 0x00, 0x09, 0xc0, 0x00, 0x00, 0x00, 0x7e, 0x00,
  0x00, 0x00, 0x00, 0x09, 0xc0, 0x00, 0xbf, 0xff, 0xff, 0xff, 0xff, 0x30, 0x16, 0x6b, 0xd6, 0x50,
  0x46, 0x66, 0xaf, 0x66, 0x66, 0x10, 0x3f, 0xff, 0xff, 0xe0, 0x00, 0x00, 0x7e, 0x00, 0x00, 0x00,
  0x00, 0x09, 0xc0, 0x00, 0x00, 0x00, 0x7e, 0x00, 0x00, 0x00, 0x00, 0x09, 0xc0, 0x0b, 0xff, 0xff,
  0xff, 0xff, 0xff, 0xf3, 0x00, 0x09, 0xc0, 0x04, 0x66, 0x66, 0x66, 0x6e, 0xb6, 0x61, 0x00, 0x09,
  0xc2, 0x60, 0x00, 0x00, 0x00, 0x0d, 0x90, 0x00, 0x00, 0x1b, 0xff, 0xe0, 0x00, 0x00, 0x00, 0x0d,
  0x90, 0x00, 0x3c, 0xff, 0xe8, 0x38, 0xff, 0xff, 0xff, 0xff, 0xff, 0xf1, 0x3c, 0x7a, 0xc0, 0x03,
  0x66, 0x66, 0x66, 0x6e, 0xb6, 0x60, 0x00, 0x09, 0xc0, 0x00, 0x0a, 0x70, 0x00, 0x0d, 0x90, 0x00,
  0x00, 0x09, 0xc0, 0x00, 0x07, 0xf3, 0x00, 0x0d, 0x90, 0x00, 0x00, 0x09, 0xc0, 0x00, 0x00, 0xcc,
  0x00, 0x0d, 0x90, 0x00, 0x00, 0x09, 0xc0, 0x00, 0x00, 0x4e, 0x30, 0x0d, 0x90, 0x00, 0x00, 0x09,
  0xc0, 0x00, 0x00, 0x02, 0x00, 0x0d, 0x90, 0x00, 0x0a, 0xff, 0x90, 0x00, 0x00, 0x00, 0x8f, 0xff,
  0x60, 0x00, 0x03, 0x54, 0x00, 0x00, 0x00, 0x00, 0x27, 0x64, 0x00, 0x00, 0x00, 0x03, 0xa1, 0x00,
  0x28, 0x20, 0x00, 0x00, 0x00, 0x00, 0x00, 0x05, 0xf2, 0x00, 0x3f, 0x40, 0x00, 0x00, 0x40, 0x00,
  0x00, 0x05, 0xf2, 0x00, 0x3f, 0x40, 0x14, 0x9e, 0xf8, 0x00, 0x00, 0x05, 0xf2, 0x00, 0x3f, 0xab,
  0xff, 0xd9, 0x40, 0x00, 0x16, 0x69, 0xf7, 0x63, 0x3f, 0xd9, 0x52, 0x00, 0x01, 0x20, 0x2f, 0xff,
  0xff, 0xf8, 0x3f, 0x40, 0x00, 0x00, 0x05, 0xf1, 0x00, 0x05, 0xf2, 0x00, 0x2f, 0x70, 0x00, 0x00,
  0x0a, 0xd0, 0x00, 0x05, 0xf2, 0x00, 0x0d, 0xff, 0xff, 0xff, 0xff, 0x70, 0x00, 0x05, 0xf2, 0x00,
  0x01, 0x45, 0x66, 0x66, 0x53, 0x00, 0x00, 0x05, 0xf2, 0x35, 0x00, 0x00, 0x00, 0x00, 0x00, 0x00,
  0x00, 0x05, 0xfd, 0xfb, 0x14, 0x44, 0x44, 0x44, 0x44, 0x10, 0x28, 0xcf, 0xfd, 0x83, 0x3f, 0xff,
  0xff, 0xff, 0xff, 0x30, 0x2f, 0xba, 0xf2, 0x00, 0x3f, 0x30, 0x00, 0x00, 0x4f, 0x30, 0x01, 0x05,
  0xf2, 0x00, 0x3f, 0x30, 0x00, 0x00, 0x4f, 0x30, 0x00, 0x05, 0xf2, 0x00, 0x3f, 0xff, 0xff, 0xff,
  0xff, 0x30, 0x00, 0x05, 0xf2, 0x00, 0x3f, 0x63, 0x33, 0x33, 0x6f, 0x30, 0x00, 0x05, 0xf2, 0x00,
  0x3f, 0x30, 0x00, 0x00, 0x4f, 0x30, 0x00, 0x06, 0xf2, 0x00, 0x3f, 0x63, 0x33, 0x33, 0x6f, 0x30,
  0x08, 0xff, 0xe0, 0x00, 0x3f, 0xff, 0xff, 0xff, 0xff, 0x30, 0x02, 0x54, 0x10, 0x00, 0x2c, 0x30,
  0x00, 0x00, 0x3b, 0x30, 0x00, 0x04, 0xa0, 0x00, 0x00, 0x00, 0x11, 0x00, 0x00, 0x00, 0x00, 0x06,
  0xf1, 0x00, 0x00, 0x00, 0xad, 0x00, 0x00, 0x00, 0x00, 0x06, 0xf1, 0x00, 0x00, 0x00, 0xad, 0x00,
  0x00, 0x00, 0x00, 0x06, 0xf1, 0x05, 0xff, 0xff, 0xff, 0xff, 0xff, 0xe0, 0x16, 0x6a, 0xf7, 0x67,
  0xf6, 0x55, 0x55, 0x55, 0x5a, 0xe0, 0x3f, 0xff, 0xff, 0xfa, 0xf1, 0x06, 0xb1, 0x00, 0x07, 0xe0,
  0x00, 0x06, 0xf1, 0x05, 0xf1, 0x0b, 0xc0, 0x00, 0x07, 0xe0, 0x00, 0x06, 0xf1, 0x01, 0x20, 0x1f,
  0x80, 0x00, 0x00, 0x00, 0x00, 0x06, 0xf1, 0x03, 0x66, 0x8f, 0x86, 0x66, 0x66, 0x61, 0x00, 0x06,
  0xf3, 0x6b, 0xff, 0xff, 0xff, 0xff, 0xff, 0xf3, 0x00, 0x4a, 0xff, 0xf6, 0x01, 0xe8, 0x00, 0x07,
  0xf1, 0x00, 0x4e, 0xff, 0xf6, 0x10, 0x05, 0xf3, 0x00, 0x0b, 0xc0, 0x00, 0x2a, 0x57, 0xf1, 0x00,
  0x0a, 0xd0, 0x00, 0x1f, 0x80, 0x00, 0x00, 0x06, 0xf1, 0x00, 0x1f, 0xe7, 0x10, 0x8f, 0x20, 0x00,
  0x00, 0x06, 0xf1, 0x00, 0x4e, 0xaf, 0xe9, 0xf9, 0x00, 0x00, 0x00, 0x06, 0xf1, 0x00, 0x00, 0x02,
  0xaf, 0xf9, 0x10, 0x00, 0x00, 0x06, 0xf1, 0x00, 0x00, 0x18, 0xfc, 0xaf, 0xd4, 0x00, 0x00, 0x06,
  0xf1, 0x01, 0x59, 0xef, 0x70, 0x04, 0xdf, 0x70, 0x09, 0xff, 0xd0, 0x1e, 0xfd, 0x82, 0x00, 0x00,
  0x1b, 0xd1, 0x02, 0x54, 0x10, 0x03, 0x20, 0x00, 0x00, 0x00, 0x00, 0x20, 0x00, 0x08, 0x80, 0x00,
  0x00, 0x00, 0x00, 0x00, 0x00, 0x00, 0x00, 0x0a, 0xb0, 0x02, 0xff, 0xff, 0xff, 0xff, 0xff, 0x70,
  0x00, 0x0a, 0xb0, 0x02, 0xf8, 0x55, 0x55, 0x55, 0x5f, 0x70, 0x00, 0x0a, 0xb0, 0x02, 0xf5, 0x00,
  0x00, 0x00, 0x0f, 0x70, 0x16, 0x6c, 0xd6, 0x62, 0xf5, 0x00, 0x00, 0x00, 0x0f, 0x70, 0x3f, 0xff,
  0xff, 0xf2, 0xf8, 0x55, 0x55, 0x55, 0x5f, 0x70, 0x00, 0x0a, 0xb0, 0x02, 0xff, 0xff, 0xff, 0xff,
  0xff, 0x70, 0x00, 0x0a, 0xb0, 0x02, 0xf5, 0x00, 0x0b, 0xa0, 0x00, 0x00, 0x00, 0x0a, 0xb0, 0x02,
  0xf5, 0x00, 0x0b, 0xa0, 0x00, 0x00, 0x00, 0x0a, 0xb2, 0x52, 0xff, 0xff, 0xff, 0xff, 0xff, 0xf2,
  0x00, 0x2c, 0xff, 0xe3, 0xf7, 0x55, 0x5c, 0xc5, 0x55, 0x51, 0x3c, 0xff, 0xe7, 0x24, 0xf2, 0x00,
  0x0b, 0xa0, 0x00, 0x00, 0x3d, 0x8c, 0xb0, 0x06, 0xf0, 0x00, 0x0b, 0xa0, 0x00, 0x00, 0x00, 0x0a,
  0xb0, 0x08, 0xd5, 0xff, 0xff, 0xff, 0xff, 0x80, 0x00, 0x0a, 0xb0, 0x0b, 0xb5, 0xf4, 0x44, 0x44,
  0x4d, 0x80, 0x00, 0x0a, 0xb0, 0x0e, 0x85, 0xf0, 0x00, 0x00, 0x0d, 0x80, 0x00, 0x0a, 0xb0, 0x4f,
  0x45, 0xf0, 0x00, 0x00, 0x0d, 0x80, 0x00, 0x0a, 0xb0, 0xbe, 0x05, 0xf3, 0x33, 0x33, 0x3d, 0x80,
  0x0b, 0xff, 0x82, 0xf8, 0x05, 0xff, 0xff, 0xff, 0xff, 0x80, 0x03, 0x54, 0x00, 0x71, 0x04, 0xc0,
  0x00, 0x00, 0x09, 0x60, 0x00, 0x04, 0x90, 0x00, 0x00, 0x00, 0x55, 0x00, 0x00, 0x00, 0x00, 0x06,
  0xf0, 0x00, 0x00, 0x00, 0xbb, 0x00, 0x00, 0x00, 0x00, 0x06, 0xf0, 0x02, 0x55, 0x55, 0xdc, 0x55,
  0x55, 0x30, 0x00, 0x06, 0xf0, 0x08, 0xff, 0xff, 0xff, 0xff, 0xff, 0x90, 0x16, 0x6a, 0xf6, 0x60,
  0x07, 0xd0, 0x00, 0x0d, 0x90, 0x00, 0x2f, 0xff, 0xff, 0xf0, 0x04, 0xf2, 0x00, 0x2f, 0x50, 0x00,
  0x00, 0x06, 0xf0, 0x00, 0x01, 0xf6, 0x00, 0x7e, 0x00, 0x00, 0x00, 0x06, 0xf0, 0x25, 0x55, 0xea,
  0x55, 0xcb, 0x55, 0x51, 0x00, 0x06, 0xf0, 0x5f, 0xff, 0xff, 0xff, 0xff, 0xff, 0xf3, 0x00, 0x06,
  0xf0, 0x20, 0x00, 0x1e, 0x90, 0x00, 0x00, 0x00, 0x00, 0x08, 0xfd, 0xf1, 0x00, 0x6f, 0x30, 0x00,
  0x00, 0x00, 0x3b, 0xef, 0xf9, 0x7f, 0xff, 0xff, 0xff, 0xff, 0xff, 0xf1, 0x4d, 0x89, 0xf0, 0x15,
  0x59, 0xf6, 0x55, 0x5e, 0xb5, 0x50, 0x00, 0x06, 0xf0, 0x00, 0x0c, 0xb0, 0x00, 0x4f, 0x40, 0x00,
  0x00, 0x06, 0xf0, 0x00, 0x4f, 0xa2, 0x00, 0xbd, 0x00, 0x00, 0x00, 0x06, 0xf0, 0x00, 0xad, 0xdf,
  0xba, 0xf5, 0x00, 0x00, 0x00, 0x06, 0xf0, 0x00, 0x00, 0x06, 0xff, 0xf7, 0x10, 0x00, 0x00, 0x07,
  0xf0, 0x00, 0x36, 0xbf, 0xd6, 0x9f, 0xe6, 0x00, 0x09, 0xff, 0xc0, 0x7f, 0xfe, 0xa5, 0x00, 0x02,
  0xaf, 0x70, 0x02, 0x65, 0x10, 0x15, 0x20, 0x00, 0x00, 0x00, 0x04, 0x00, 0x00, 0x04, 0x60, 0x00,
  0x00, 0x00, 0x54, 0x00, 0x00, 0x00, 0x00, 0x0a, 0xb0, 0x00, 0x00, 0x00, 0xca, 0x00, 0x00, 0x00,
  0x00, 0x0a, 0xb0, 0x04, 0x44, 0x44, 0xdb, 0x44, 0x44, 0x40, 0x00, 0x0a, 0xb0, 0x0c, 0xff, 0xff,
  0xff, 0xff, 0xff, 0xf0, 0x16, 0x6c, 0xd6, 0x5c, 0x70, 0x7e, 0x02, 0xf4, 0x05, 0xf0, 0x3f, 0xff,
  0xff, 0xcc, 0x70, 0x8c, 0x02, 0xf4, 0x05, 0xe0, 0x00, 0x0a, 0xb0, 0x00, 0x00, 0xba, 0x02, 0xf4,
  0x01, 0x10, 0x00, 0x0a, 0xb0, 0x00, 0x02, 0xf5, 0x02, 0xf4, 0x03, 0xe0, 0x00, 0x0a, 0xb0, 0x00,
  0x2d, 0xc1, 0x01, 0xf8, 0x48, 0xe0, 0x00, 0x0a, 0xc5, 0x88, 0xfc, 0x10, 0x00, 0xbf, 0xff, 0x70,
  0x01, 0x6d, 0xfe, 0x93, 0x40, 0x00, 0x00, 0x00, 0x00, 0x00, 0x5f, 0xfe, 0xc1, 0x01, 0x66, 0x66,
  0x66, 0x66, 0x66, 0x10, 0x16, 0x1a, 0xb0, 0x03, 0xff, 0xff, 0xff, 0xff, 0xff, 0x30, 0x00, 0x0a,
  0xb0, 0x00, 0x00, 0x00, 0xda, 0x00, 0x00, 0x00, 0x00, 0x0a, 0xb0, 0x00, 0x00, 0x00, 0xda, 0x00,
  0x00, 0x00, 0x00, 0x0a, 0xb0, 0x00, 0x00, 0x00, 0xda, 0x00, 0x00, 0x00, 0x00, 0x0a, 0xb0, 0x00,
  0x00, 0x00, 0xda, 0x00, 0x00, 0x00, 0x00, 0x0a, 0xb0, 0x36, 0x66, 0x66, 0xec, 0x66, 0x66, 0x61,
  0x0b, 0xff, 0x80, 0x7f, 0xff, 0xff, 0xff, 0xff, 0xff, 0xf3, 0x03, 0x64, 0x00, 0x00, 0x00, 0x00,
  0x00, 0x00, 0x00, 0x00, 0x00, 0x05, 0x70, 0x00, 0x00, 0x00, 0x00, 0x00, 0x32, 0x00, 0x00, 0x0a,
  0xb0, 0x02, 0x45, 0x67, 0x8a, 0xcf, 0xfc, 0x00, 0x00, 0x0a, 0xb0, 0x0a, 0xed, 0xdc, 0xba, 0x86,
  0x61, 0x00, 0x00, 0x0a, 0xb0, 0x00, 0x74, 0x04, 0xe0, 0x00, 0xe9, 0x00, 0x16, 0x6c, 0xd6, 0x50,
  0x9c, 0x01, 0xf3, 0x07, 0xe1, 0x00, 0x3f, 0xff, 0xff, 0xd0, 0x3d, 0x10, 0x93, 0x2e, 0x50, 0x00,
  0x00, 0x0a, 0xb0, 0x08, 0xff, 0xff, 0xff, 0xff, 0xff, 0x70, 0x00, 0x0a, 0xb0, 0x02, 0x44, 0xe9,
  0x44, 0x44, 0x44, 0x20, 0x00, 0x0a, 0xb0, 0x00, 0x00, 0xf6, 0x00, 0x00, 0x00, 0x00, 0x00, 0x0a,
  0xb0, 0x0f, 0xff, 0xff, 0xff, 0xff, 0xff, 0xf0, 0x00, 0x0a, 0xda, 0xd4, 0x48, 0xf6, 0x44, 0x44,
  0x44, 0x40, 0x16, 0xbf, 0xfd, 0x80, 0x08, 0xf3, 0x22, 0x22, 0x20, 0x00, 0x3f, 0xdd, 0xb0, 0x00,
  0x0b, 0xff, 0xff, 0xff, 0xf7, 0x00, 0x13, 0x0a, 0xb0, 0x00, 0x2f, 0xf7, 0x00, 0x06, 0xf1, 0x00,
  0x00, 0x0a, 0xb0, 0x00, 0x7e, 0x7f, 0x40, 0x1d, 0x90, 0x00, 0x00, 0x0a, 0xb0, 0x02, 0xe8, 0x08,
  0xe5, 0xcc, 0x10, 0x00, 0x00, 0x0a, 0xb0, 0x0b, 0xe1, 0x00, 0xbf, 0xf4, 0x00, 0x00, 0x00, 0x0b,
  0xb1, 0xbf, 0x50, 0x4b, 0xfb, 0xef, 0xa5, 0x10, 0x0b, 0xff, 0x87, 0xf6, 0x3e, 0xfb, 0x30, 0x17,
  0xdf, 0xe2, 0x03, 0x64, 0x00, 0x20, 0x04, 0x10, 0x00, 0x00, 0x03, 0x40, 0x00, 0x06, 0x70, 0x00,
  0x00, 0x00, 0x87, 0x00, 0x00, 0x00, 0x00, 0x0a, 0xb0, 0x00, 0x00, 0x00, 0xca, 0x00, 0x00, 0x00,
  0x00, 0x0a, 0xb0, 0x07, 0xff, 0xff, 0xff, 0xff, 0xff, 0x80, 0x00, 0x0a, 0xb0, 0x01, 0x38, 0xd3,
  0x33, 0x3d, 0xb3, 0x20, 0x16, 0x6c, 0xd6, 0x50, 0x04, 0xf3, 0x00, 0x1f, 0x50, 0x00, 0x3f, 0xff,
  0xff, 0xd3, 0x34, 0xf8, 0x33, 0x8e, 0x43, 0x30, 0x00, 0x0a, 0xb0, 0x0f, 0xff, 0xff, 0xff, 0xff,
  0xff, 0xf0, 0x00, 0x0a, 0xb0, 0x00, 0x00, 0x00, 0x00, 0x00, 0x00, 0x00, 0x00, 0x0a, 0xb0, 0x00,
  0xff, 0xff, 0xff, 0xff, 0xff, 0x20, 0x00, 0x0a, 0xc7, 0x90, 0xf5, 0x00, 0xba, 0x00, 0x3f, 0x20,
  0x04, 0x9e, 0xff, 0xa0, 0xfe, 0xee, 0xff, 0xee, 0xef, 0x20, 0x5f, 0xff, 0xc1, 0x00, 0xf5, 0x00,
  0xba, 0x00, 0x3f, 0x20, 0x3c, 0x5a, 0xb0, 0x00, 0xf5, 0x00, 0xba, 0x00, 0x3f, 0x20, 0x00, 0x0a,
  0xb0, 0x00, 0xff, 0xff, 0xff, 0xff, 0xff, 0x20, 0x00, 0x0a, 0xb0, 0x00, 0x00, 0x00, 0xba, 0x00,
  0x00, 0x00, 0x00, 0x0a, 0xb0, 0x06, 0xff, 0xff, 0xff, 0xff, 0xff, 0x60, 0x00, 0x0a, 0xb0, 0x01,
  0x33, 0x33, 0xcb, 0x33, 0x33, 0x10, 0x00, 0x0b, 0xb0, 0x00, 0x00, 0x00, 0xba, 0x00, 0x00, 0x00,
  0x0b, 0xff, 0x80, 0x7f, 0xff, 0xff, 0xff, 0xff, 0xff, 0xf3, 0x03, 0x64, 0x00, 0x23, 0x33, 0x33,
  0x33, 0x33, 0x33, 0x31, 0x00, 0x07, 0x40, 0x00, 0x00, 0x00, 0x37, 0x10, 0x00, 0x00, 0x00, 0x2f,
  0x70, 0x00, 0x00, 0x00, 0x7f, 0x10, 0x00, 0x00, 0x00, 0x6f, 0x30, 0x00, 0x00, 0x00, 0xbd, 0x00,
  0x00, 0x00, 0x00, 0xbf, 0xff, 0xff, 0xff, 0x90, 0xea, 0x00, 0x00, 0x00, 0x02, 0xf9, 0x55, 0x55,
  0x55, 0x32, 0xfa, 0x66, 0x66, 0x61, 0x0a, 0xe1, 0x00, 0x00, 0x00, 0x06, 0xff, 0xff, 0xff, 0xf3,
  0x4f, 0xdf, 0xff, 0xff, 0xfb, 0x0b, 0xf1, 0x00, 0x8e, 0x00, 0x06, 0x9c, 0x4b, 0xb4, 0xab, 0x1f,
  0xf4, 0x00, 0xbc, 0x00, 0x00, 0x99, 0x09, 0x90, 0x9b, 0x8f, 0xf8, 0x00, 0xe9, 0x00, 0x00, 0xa8,
  0x0a, 0x80, 0x9a, 0xec, 0xab, 0x02, 0xf5, 0x00, 0x14, 0xc9, 0x4c, 0x94, 0xbb, 0x94, 0x6f, 0x17,
  0xf2, 0x00, 0x4f, 0xff, 0xff, 0xff, 0xff, 0xe0, 0x2f, 0x6c, 0xc0, 0x00, 0x00, 0xe5, 0x0d, 0x50,
  0xb8, 0x00, 0x0c, 0xcf, 0x60, 0x00, 0x01, 0xf3, 0x0f, 0x40, 0xc8, 0x00, 0x06, 0xfe, 0x10, 0x00,
  0x03, 0xf1, 0x1f, 0x20, 0xd7, 0x00, 0x03, 0xfb, 0x00, 0x00, 0x04, 0xff, 0xff, 0xff, 0xff, 0xc0,
  0x1d, 0xff, 0x50, 0x00, 0x06, 0xe4, 0x44, 0x45, 0xf7, 0x30, 0xbf, 0x4c, 0xe2, 0x00, 0x01, 0x30,
  0x00, 0x03, 0xf3, 0x3c, 0xf6, 0x02, 0xee, 0x40, 0x00, 0x00, 0x03, 0x29, 0xf3, 0xfe, 0x50, 0x00,
  0x3e, 0xf3, 0x00, 0x00, 0x0d, 0xff, 0x70, 0x72, 0x00, 0x00, 0x02, 0x70, 0x00, 0x00, 0x00, 0x10,
  0x00, 0x00, 0x00, 0x00, 0x00, 0x00, 0x00, 0x00, 0x08, 0x70, 0x50, 0x00, 0x28, 0x20, 0x00, 0x00,
  0x00, 0x00, 0x0c, 0xa2, 0xe9, 0x00, 0x6f, 0x30, 0x00, 0x00, 0x00, 0x00, 0x0c, 0xa0, 0x3f, 0x70,
  0x9f, 0x00, 0x00, 0x00, 0x00, 0x00, 0x0c, 0xa0, 0x06, 0x30, 0xcc, 0x00, 0x00, 0x00, 0x0f, 0xff,
  0xff, 0xff, 0xff, 0xa0, 0xfc, 0x66, 0x66, 0x61, 0x06, 0x66, 0x6d, 0xc6, 0x66, 0x43, 0xff, 0xff,
  0xff, 0xf3, 0x00, 0x10, 0x0c, 0xa0, 0x04, 0x08, 0xf3, 0x00, 0x5f, 0x10, 0x05, 0xe1, 0x0c, 0xa0,
  0x5f, 0x3d, 0xf6, 0x00, 0x8d, 0x00, 0x01, 0xd8, 0x0c, 0xa0, 0xbb, 0x5f, 0xea, 0x00, 0xca, 0x00,
  0x00, 0x7e, 0x1c, 0xa3, 0xf3, 0xdd, 0x6e, 0x01, 0xf7, 0x00, 0x00, 0x1b, 0x2c, 0xa4, 0x80, 0x55,
  0x1f, 0x46, 0xf3, 0x00, 0x00, 0x00, 0x0c, 0xb2, 0x00, 0x00, 0x0b, 0x9b, 0xc0, 0x00, 0x00, 0x03,
  0xcc, 0xfe, 0x40, 0x00, 0x06, 0xef, 0x60, 0x00, 0x00, 0x7f, 0xac, 0xba, 0xf5, 0x00, 0x01, 0xfe,
  0x10, 0x00, 0x1b, 0xf7, 0x0c, 0xa0, 0xaf, 0x40, 0x06, 0xfe, 0x20, 0x00, 0x0c, 0x40, 0x0c, 0xa0,
  0x0b, 0x50, 0x4f, 0xdf, 0xb0, 0x00, 0x00, 0x00, 0x0c, 0xa0, 0x00, 0x04, 0xed, 0x27, 0xf7, 0x00,
  0x00, 0x00, 0x0c, 0xa0, 0x02, 0xaf, 0xe3, 0x00, 0xcf, 0x90, 0x00, 0x4f, 0xff, 0x60, 0x2f, 0xfa,
  0x20, 0x00, 0x1c, 0xf5, 0x00, 0x05, 0x42, 0x00, 0x06, 0x40, 0x00, 0x00, 0x01, 0x60, 0x00, 0x10,
  0x0a, 0x50, 0x11, 0x00, 0x58, 0x00, 0x00, 0x00, 0x02, 0xf3, 0x0f, 0x70, 0xac, 0x00, 0xbd, 0x00,
  0x00, 0x00, 0x00, 0xab, 0x0f, 0x73, 0xf4, 0x00, 0xea, 0x00, 0x00, 0x00, 0x00, 0x4a, 0x0f, 0x76,
  0x70, 0x03, 0xf6, 0x00, 0x00, 0x00, 0x2f, 0xff, 0xff, 0xff, 0xff, 0x86, 0xff, 0xff, 0xff, 0xf3,
  0x04, 0x44, 0xbf, 0xd5, 0x44, 0x2a, 0xf6, 0x66, 0xce, 0x61, 0x00, 0x07, 0xff, 0xed, 0x30, 0x1f,
  0xf2, 0x00, 0xcc, 0x00, 0x00, 0x7f, 0x5f, 0x79, 0xf7, 0x7f, 0xf5, 0x00, 0xe9, 0x00, 0x1b, 0xf7,
  0x0f, 0x70, 0x7a, 0xdc, 0xe7, 0x02, 0xf7, 0x00, 0x0c, 0x50, 0x1f, 0x70, 0x08, 0xf4, 0xbb, 0x05,
  0xf3, 0x00, 0x00, 0x00, 0xcb, 0x00, 0x02, 0xa0, 0x7f, 0x1a, 0xe0, 0x00, 0x13, 0x35, 0xf8, 0x33,
  0x33, 0x20, 0x3f, 0x5e, 0xa0, 0x00, 0x3f, 0xff, 0xff, 0xff, 0xff, 0x90, 0x0d, 0xdf, 0x50, 0x00,
  0x00, 0x3f, 0x50, 0x0c, 0xa0, 0x00, 0x07, 0xfd, 0x00, 0x00, 0x00, 0xbe, 0x10, 0x2f, 0x60, 0x00,
  0x07, 0xfb, 0x00, 0x00, 0x04, 0xff, 0xe7, 0xbe, 0x10, 0x00, 0x4f, 0xef, 0x60, 0x00, 0x00, 0x41,
  0x8f, 0xfa, 0x00, 0x04, 0xec, 0x2c, 0xe3, 0x00, 0x00, 0x15, 0xde, 0xaf, 0xc3, 0x9f, 0xd1, 0x03,
  0xee, 0x50, 0x0b, 0xff, 0xa2, 0x04, 0xde, 0xfa, 0x10, 0x00, 0x4e, 0xf2, 0x06, 0x61, 0x00, 0x00,
  0x03, 0x50, 0x00, 0x00, 0x02, 0x50, 0x00, 0xbf, 0xff, 0xff, 0xff, 0xff, 0xff, 0xff, 0xfd, 0x00,
  0x00, 0x57, 0x77, 0x77, 0x7f, 0xa7, 0x77, 0x77, 0x76, 0x00, 0x00, 0x00, 0x00, 0x00, 0x2f, 0x60,
  0x00, 0x00, 0x00, 0x00, 0x00, 0x00, 0x00, 0x00, 0x2f, 0x50, 0x00, 0x00, 0x00, 0x00, 0x00, 0x00,
  0x00, 0x00, 0x3f, 0x50, 0x00, 0x00, 0x00, 0x00, 0x00, 0x00, 0x00, 0x00, 0x3f, 0x40, 0x00, 0x00,
  0x00, 0x00, 0x0f, 0xff, 0xff, 0xff, 0xff, 0xff, 0xff, 0xff, 0xff, 0xf0, 0x06, 0x66, 0x66, 0x66,
  0xbf, 0x76, 0x66, 0x66, 0x66, 0x60, 0x00, 0x00, 0x00, 0x00, 0xac, 0x88, 0x00, 0x00, 0x00, 0x00,
  0x00, 0x00, 0x00, 0x00, 0xe9, 0xbc, 0x00, 0x00, 0x00, 0x00, 0x00, 0x00, 0x00, 0x04, 0xf5, 0xbc,
  0x00, 0x00, 0x00, 0x00, 0x00, 0x00, 0x00, 0x0c, 0xd0, 0xbc, 0x00, 0x00, 0x00, 0x00, 0x00, 0x00,
  0x00, 0x6f, 0x60, 0xbc, 0x00, 0x00, 0x01, 0x20, 0x00, 0x00, 0x03, 0xed, 0x00, 0xbc, 0x00, 0x00,
  0x03, 0xf3, 0x00, 0x00, 0x5e, 0xe2, 0x00, 0xbc, 0x00, 0x00, 0x04, 0xf2, 0x00, 0x3b, 0xfd, 0x20,
  0x00, 0xbe, 0x10, 0x00, 0x09, 0xf1, 0x1c, 0xfe, 0x81, 0x00, 0x00, 0x7f, 0xff, 0xff, 0xff, 0xa0,
  0x06, 0x71, 0x00, 0x00, 0x00, 0x05, 0x77, 0x77, 0x75, 0x00, 0x00, 0x07, 0xff, 0xff, 0xff, 0xff,
  0xff, 0xff, 0xa0, 0x00, 0x00, 0x07, 0xf8, 0x88, 0x88, 0x88, 0x88, 0x8f, 0xa0, 0x00, 0x00, 0x07,
  0xf1, 0x00, 0x00, 0x00, 0x00, 0x0f, 0xa0, 0x00, 0x00, 0x07, 0xf1, 0x00, 0x00, 0x00, 0x00, 0x0f,
  0xa0, 0x00, 0x00, 0x07, 0xf1, 0x00, 0x00, 0x00, 0x00, 0x0f, 0xa0, 0x00, 0x00, 0x07, 0xf1, 0x00,
  0x00, 0x00, 0x00, 0x0f, 0xa0, 0x00, 0x00, 0x07, 0xf1, 0x00, 0x00, 0x00, 0x00, 0x0f, 0xa0, 0x00,
  0x00, 0x07, 0xff, 0xff, 0xff, 0xff, 0xff, 0xff, 0xa0, 0x00, 0x00, 0x07, 0xf8, 0x77, 0x77, 0x77,
  0x77, 0x7f, 0xa0, 0x00, 0x00, 0x07, 0xf1, 0x00, 0x00, 0x00, 0x00, 0x0f, 0xa0, 0x00, 0x00, 0x07,
  0xf1, 0x00, 0x00, 0x00, 0x00, 0x0f, 0xa0, 0x00, 0x00, 0x07, 0xf1, 0x00, 0x00, 0x00, 0x00, 0x0f,
  0xa0, 0x00, 0x00, 0x07, 0xf1, 0x00, 0x00, 0x00, 0x00, 0x0f, 0xa0, 0x00, 0x00, 0x07, 0xf1, 0x00,
  0x00, 0x00, 0x00, 0x0f, 0xa0, 0x00, 0x00, 0x07, 0xf8, 0x77, 0x77, 0x77, 0x77, 0x7f, 0xa0, 0x00,
  0x00, 0x07, 0xff, 0xff, 0xff, 0xff, 0xff, 0xff, 0xa0, 0x00, 0x00, 0x07, 0xf1, 0x00, 0x00, 0x00,
  0x00, 0x0f, 0xa0, 0x00, 0x00, 0x03, 0x60, 0x00, 0x00, 0x00, 0x00, 0x04, 0x30, 0x00, 0x00, 0x09,
  0xff, 0xff, 0xff, 0xff, 0xff, 0xff, 0xb0, 0x00, 0x00, 0x09, 0xd3, 0x33, 0x33, 0x33, 0x33, 0x3d,
  0xb0, 0x00, 0x00, 0x09, 0xc0, 0x00, 0x00, 0x00, 0x00, 0x0d, 0xb0, 0x00, 0x00, 0x09, 0xff, 0xff,
  0xff, 0xff, 0xff, 0xff, 0xb0, 0x00, 0x00, 0x09, 0xd2, 0x22, 0x22, 0x22, 0x22, 0x2d, 0xb0, 0x00,
  0x00, 0x09, 0xc0, 0x00, 0x00, 0x00, 0x00, 0x0d, 0xb0, 0x00, 0x00, 0x09, 0xd3, 0x33, 0x33, 0x33,
  0x33, 0x3d, 0xb0, 0x00, 0x00, 0x09, 0xff, 0xff, 0xff, 0xff, 0xff, 0xff, 0xb0, 0x00, 0x00, 0x00,
  0xab, 0x00, 0x07, 0x70, 0x00, 0x00, 0x00, 0x00, 0x00, 0x05, 0xf9, 0x44, 0x4c, 0xd4, 0x44, 0x44,
  0x42, 0x00, 0x00, 0x3e, 0xff, 0xff, 0xff, 0xff, 0xff, 0xff, 0xf7, 0x00, 0x03, 0xed, 0x10, 0x00,
  0x0b, 0xc0, 0x00, 0x00, 0x00, 0x00, 0x0a, 0xe2, 0x00, 0x00, 0x0b, 0xc0, 0x00, 0x00, 0x00, 0x00,
  0x00, 0x25, 0xff, 0xff, 0xff, 0xff, 0xff, 0xff, 0xa0, 0x00, 0x00, 0x01, 0x33, 0x33, 0x3c, 0xd3,
  0x33, 0x33, 0x20, 0x00, 0x00, 0x00, 0x00, 0x00, 0x0b, 0xc0, 0x00, 0x00, 0x00, 0x00, 0x03, 0x55,
  0x55, 0x55, 0x5d, 0xd5, 0x55, 0x55, 0x55, 0x30, 0x0b, 0xff, 0xff, 0xff, 0xff, 0xff, 0xff, 0xff,
  0xff, 0xb0, 0x00, 0x08, 0xff, 0xff, 0xff, 0xff, 0xff, 0xff, 0x80, 0x00, 0x00, 0x08, 0xe0, 0x00,
  0x00, 0x00, 0x00, 0x0f, 0x80, 0x00, 0x00, 0x08, 0xe0, 0x00, 0x00, 0x00, 0x00, 0x0f, 0x80, 0x00,
  0x00, 0x08, 0xff, 0xff, 0xff, 0xff, 0xff, 0xff, 0x80, 0x00, 0x00, 0x08, 0xe0, 0x00, 0x00, 0x00,
  0x00, 0x0f, 0x80, 0x00, 0x00, 0x08, 0xff, 0xff, 0xff, 0xff, 0xff, 0xff, 0x80, 0x00, 0x00, 0x00,
  0x00, 0x00, 0x0c, 0xb0, 0x00, 0x00, 0x00, 0x00, 0x0d, 0xff, 0xff, 0xff, 0xff, 0xff, 0xff, 0xff,
  0xff, 0xc0, 0x03, 0x33, 0x33, 0x33, 0x33, 0x33, 0x33, 0x33, 0x33, 0x30, 0x00, 0x00, 0x22, 0x22,
  0x22, 0x22, 0x22, 0x22, 0x00, 0x00, 0x00, 0x01, 0xff, 0xff, 0xff, 0xff, 0xff, 0xff, 0x20, 0x00,
  0x00, 0x01, 0xf5, 0x00, 0x00, 0x00, 0x00, 0x5f, 0x20, 0x00, 0x00, 0x01, 0xf5, 0x00, 0x00, 0x00,
  0x00, 0x5f, 0x20, 0x00, 0x00, 0x01, 0xff, 0xff, 0xff, 0xff, 0xff, 0xff, 0x20, 0x00, 0x00, 0x00,
  0x25, 0x42, 0x2c, 0xc2, 0x26, 0x32, 0x00, 0x00, 0x00, 0x01, 0x9f, 0x90, 0x0b, 0xb0, 0x2d, 0xe8,
  0x20, 0x00, 0x02, 0x8e, 0xe5, 0x00, 0x0b, 0xb0, 0x00, 0x6d, 0xf8, 0x10, 0x0b, 0xe8, 0x10, 0x13,
  0x3d, 0xb0, 0x00, 0x00, 0x7e, 0x70, 0x01, 0x10, 0x00, 0x2f, 0xfd, 0x50, 0x00, 0x00, 0x01, 0x00,
  0x00, 0x00, 0x57, 0x00, 0x00, 0x00, 0x00, 0x00, 0x03, 0x00, 0x02, 0x33, 0xdd, 0x33, 0x33, 0x12,
  0x57, 0x9c, 0xff, 0x30, 0x0e, 0xff, 0xff, 0xff, 0xff, 0x5b, 0xeb, 0xa8, 0x52, 0x00, 0x00, 0x2e,
  0x71, 0x31, 0x00, 0x0b, 0xa0, 0x00, 0x00, 0x00, 0x01, 0xca, 0x03, 0xf3, 0x00, 0x0b, 0xa0, 0x00,
  0x00, 0x00, 0x09, 0xff, 0xff, 0xff, 0xff, 0x6b, 0xff, 0xff, 0xff, 0xf0, 0x03, 0x54, 0x36, 0xf6,
  0x33, 0x1d, 0x93, 0x3c, 0xb3, 0x30, 0x00, 0x00, 0x03, 0xf3, 0x01, 0x1e, 0x60, 0x0b, 0xa0, 0x00,
  0x05, 0x78, 0x9b, 0xfe, 0xff, 0x7f, 0x30, 0x0b, 0xa0, 0x00, 0x0c, 0xdb, 0xa9, 0xf7, 0x31, 0x8d,
  0x00, 0x0b, 0xa0, 0x00, 0x00, 0x00, 0x03, 0xf3, 0x00, 0xe6, 0x00, 0x0b, 0xa0, 0x00, 0x00, 0x01,
  0x33, 0x74, 0x33, 0x43, 0x33, 0x36, 0x50, 0x00, 0x00, 0x07, 0xff, 0xff, 0xff, 0xff, 0xff, 0xff,
  0x90, 0x00, 0x00, 0x07, 0xe0, 0x00, 0x00, 0x00, 0x00, 0x0e, 0x90, 0x00, 0x00, 0x07, 0xe1, 0x11,
  0x11, 0x11, 0x11, 0x1e, 0x90, 0x00, 0x00, 0x07, 0xff, 0xff, 0xff, 0xff, 0xff, 0xff, 0x90, 0x00,
  0x00, 0x07, 0xe0, 0x00, 0x00, 0x00, 0x00, 0x0e, 0x90, 0x00, 0x00, 0x07, 0xe3, 0x33, 0x33, 0x33,
  0x33, 0x3e, 0x90, 0x00, 0x00, 0x07, 0xff, 0xff, 0xff, 0xff, 0xff, 0xff, 0x90, 0x00, 0x00, 0x05,
  0xa0, 0x00, 0x00, 0x00, 0x00, 0x09, 0x60, 0x00, 0x00, 0x00, 0x00, 0x00, 0x07, 0x70, 0x00, 0x00,
  0x00, 0x00, 0x00, 0x00, 0x00, 0x00, 0x0c, 0xb0, 0x00, 0x00, 0x00, 0x00, 0x00, 0x00, 0x00, 0x00,
  0x0c, 0xb0, 0x00, 0x00, 0x00, 0x00, 0x00, 0x00, 0x00, 0x00, 0x0c, 0xb0, 0x00, 0x00, 0x00, 0x00,
  0x00, 0x5f, 0xff, 0xff, 0xff, 0xff, 0xff, 0xff, 0xf7, 0x00, 0x00, 0x27, 0x77, 0x77, 0x7e, 0xd7,
  0x77, 0x77, 0x73, 0x00, 0x00, 0x00, 0x00, 0x00, 0x0c, 0xb0, 0x00, 0x00, 0x00, 0x00, 0x00, 0x00,
  0x00, 0x00, 0x0c, 0xb0, 0x00, 0x00, 0x00, 0x00, 0x00, 0x00, 0x00, 0x00, 0x0c, 0xb0, 0x00, 0x00,
  0x00, 0x00, 0x0b, 0xff, 0xff, 0xff, 0xff, 0xff, 0xff, 0xff, 0xff, 0xd0, 0x06, 0x77, 0x77, 0x77,
  0xef, 0xfe, 0x77, 0x77, 0x77, 0x60, 0x00, 0x00, 0x00, 0x07, 0xff, 0xef, 0x60, 0x00, 0x00, 0x00,
  0x00, 0x00, 0x00, 0x4f, 0x8c, 0xb9, 0xf4, 0x00, 0x00, 0x00, 0x00, 0x00, 0x04, 0xfb, 0x0c, 0xb0,
  0xce, 0x40, 0x00, 0x00, 0x00, 0x00, 0x5f, 0xc1, 0x0c, 0xb0, 0x1c, 0xf5, 0x00, 0x00, 0x00, 0x09,
  0xfc, 0x10, 0x0c, 0xb0, 0x01, 0xcf, 0x90, 0x00, 0x05, 0xdf, 0x90, 0x00, 0x0c, 0xb0, 0x00, 0x1a,
  0xfd, 0x50, 0x1e, 0xe6, 0x00, 0x00, 0x0c, 0xb0, 0x00, 0x00, 0x6e, 0xe1, 0x03, 0x10, 0x00, 0x00,
  0x0c, 0xb0, 0x00, 0x00, 0x02, 0x30, 0x00, 0x00, 0x00, 0x00, 0x08, 0x80, 0x00, 0x00, 0x00, 0x00,
  0x00, 0x00, 0x00, 0x00, 0x07, 0x70, 0x00, 0x00, 0x00, 0x00, 0x00, 0x00, 0x00, 0x00, 0x0c, 0xc0,
  0x00, 0x00, 0x00, 0x00, 0x00, 0x00, 0x00, 0x00, 0x0c, 0xc0, 0x00, 0x00, 0x00, 0x00, 0x00, 0x00,
  0x00, 0x00, 0x0c, 0xc0, 0x00, 0x00, 0x00, 0x00, 0x00, 0x00, 0x00, 0x00, 0x0c, 0xc0, 0x00, 0x00,
  0x00, 0x00, 0x0b, 0xff, 0xff, 0xff, 0xff, 0xff, 0xff, 0xff, 0xff, 0xb0, 0x06, 0x88, 0x88, 0x88,
  0xef, 0xfe, 0x88, 0x88, 0x88, 0x60, 0x00, 0x00, 0x00, 0x05, 0xff, 0xff, 0x40, 0x00, 0x00, 0x00,
  0x00, 0x00, 0x00, 0x0d, 0xcc, 0xcc, 0xc0, 0x00, 0x00, 0x00, 0x00, 0x00, 0x00, 0x9f, 0x3c, 0xc4,
  0xf8, 0x00, 0x00, 0x00, 0x00, 0x00, 0x05, 0xf8, 0x0c, 0xc0, 0x9f, 0x50, 0x00, 0x00, 0x00, 0x00,
  0x3e, 0xb0, 0x0c, 0xc0, 0x0c, 0xe3, 0x00, 0x00, 0x00, 0x04, 0xed, 0x10, 0x0c, 0xc0, 0x02, 0xee,
  0x40, 0x00, 0x00, 0x6f, 0xd2, 0x00, 0x0c, 0xc0, 0x00, 0x2d, 0xf7, 0x00, 0x1b, 0xfc, 0x1b, 0xff,
  0xff, 0xff, 0xff, 0x92, 0xdf, 0xc2, 0x1c, 0x90, 0x06, 0x88, 0x8e, 0xd8, 0x88, 0x50, 0x19, 0xc0,
  0x00, 0x00, 0x00, 0x00, 0x0c, 0xc0, 0x00, 0x00, 0x00, 0x00, 0x00, 0x00, 0x00, 0x00, 0x0c, 0xc0,
  0x00, 0x00, 0x00, 0x00, 0x00, 0x00, 0x00, 0x00, 0x0c, 0xc0, 0x00, 0x00, 0x00, 0x00, 0x00, 0x00,
  0x00, 0x00, 0x08, 0x70, 0x00, 0x00, 0x00, 0x00, 0x00, 0x00, 0x68, 0x00, 0x00, 0x00, 0x00, 0x00,
  0x00, 0x00, 0x00, 0x00, 0xac, 0x00, 0x00, 0x66, 0x66, 0x66, 0x40, 0x00, 0x00, 0x00, 0xac, 0x00,
  0x01, 0xff, 0xff, 0xff, 0xa0, 0x00, 0x00, 0x00, 0xac, 0x00, 0x01, 0xf6, 0x00, 0x0c, 0xa0, 0x00,
  0x00, 0x00, 0xac, 0x00, 0x01, 0xf6, 0x00, 0x0c, 0xa0, 0x00, 0x0f, 0xff, 0xff, 0xff, 0xc1, 0xf6,
  0x00, 0x0c, 0xa0, 0x00, 0x07, 0x77, 0xfd, 0x77, 0x51, 0xf6, 0x00, 0x0c, 0xa0, 0x00, 0x00, 0x03,
  0xfc, 0x00, 0x01, 0xf6, 0x00, 0x0c, 0xa0, 0x00, 0x00, 0x08, 0xfe, 0x10, 0x01, 0xf6, 0x00, 0x0c,
  0xa0, 0x00, 0x00, 0x0e, 0xef, 0xc1, 0x01, 0xf6, 0x00, 0x0c, 0xa0, 0x00, 0x00, 0x4e, 0xad, 0xdb,
  0x02, 0xf5, 0x00, 0x0c, 0xa0, 0x00, 0x00, 0xb9, 0xac, 0x3f, 0x83, 0xf4, 0x00, 0x0c, 0xa0, 0x00,
  0x04, 0xf3, 0xac, 0x07, 0x65, 0xf2, 0x00, 0x0c, 0xa0, 0x00, 0x0d, 0xb0, 0xac, 0x00, 0x08, 0xe0,
  0x00, 0x0c, 0xa0, 0x00, 0x4f, 0x30, 0xac, 0x00, 0x0c, 0xb0, 0x00, 0x0c, 0xa0, 0x64, 0x05, 0x00,
  0xac, 0x00, 0x2f, 0x60, 0x00, 0x0c, 0xa0, 0x98, 0x00, 0x00, 0xac, 0x00, 0x9f, 0x10, 0x00, 0x0c,
  0xa0, 0x98, 0x00, 0x00, 0xac, 0x04, 0xf8, 0x00, 0x00, 0x0c, 0xb0, 0xb7, 0x00, 0x00, 0xac, 0x0c,
  0xd0, 0x00, 0x00, 0x09, 0xff, 0xf4, 0x00, 0x00, 0x67, 0x02, 0x30, 0x00, 0x00, 0x00, 0x56, 0x30,
  0x00, 0x00, 0x00, 0x00, 0x0a, 0xa0, 0x00, 0x00, 0x00, 0x00, 0x00, 0x00, 0x00, 0x00, 0x0c, 0xc0,
  0x00, 0x00, 0x00, 0x00, 0x00, 0x00, 0x00, 0x00, 0x0c, 0xc0, 0x00, 0x00, 0x00, 0x00, 0x00, 0xef,
  0xff, 0xff, 0xff, 0xff, 0xff, 0xff, 0xff, 0x10, 0x00, 0x66, 0x66, 0x66, 0x6d, 0xd6, 0x66, 0x67,
  0x66, 0x00, 0x00, 0x02, 0xd5, 0x00, 0x0c, 0xc0, 0x00, 0x3f, 0x60, 0x00, 0x00, 0x00, 0xbe, 0x10,
  0x0c, 0xc0, 0x00, 0x9e, 0x10, 0x00, 0x00, 0x00, 0x3f, 0x60, 0x0c, 0xc0, 0x02, 0xf7, 0x00, 0x00,
  0x00, 0x00, 0x0c, 0xb0, 0x0c, 0xc0, 0x0a, 0xd0, 0x00, 0x00, 0x06, 0x77, 0x79, 0x77, 0x7d, 0xd7,
  0x78, 0x97, 0x77, 0x60, 0x0d, 0xff, 0xff, 0xff, 0xff, 0xff, 0xff, 0xff, 0xff, 0xd0, 0x00, 0x00,
  0x00, 0x04, 0xff, 0xff, 0x40, 0x00, 0x00, 0x00, 0x00, 0x00, 0x00, 0x2e, 0xbc, 0xcb, 0xe2, 0x00,
  0x00, 0x00, 0x00, 0x00, 0x02, 0xdd, 0x1c, 0xc1, 0xdd, 0x20, 0x00, 0x00, 0x00, 0x00, 0x2d, 0xe2,
  0x0c, 0xc0, 0x2e, 0xd2, 0x00, 0x00, 0x00, 0x05, 0xee, 0x20, 0x0c, 0xc0, 0x03, 0xee, 0x50, 0x00,
  0x02, 0xaf, 0xc2, 0x00, 0x0c, 0xc0, 0x00, 0x2c, 0xf9, 0x10, 0x1e, 0xf9, 0x10, 0x00, 0x0c, 0xc0,
  0x00, 0x01, 0xaf, 0xe2, 0x05, 0x40, 0x00, 0x00, 0x0c, 0xc0, 0x00, 0x00, 0x04, 0x70, 0x00, 0x00,
  0x00, 0x00, 0x08, 0x70, 0x00, 0x00, 0x00, 0x00, 0x00, 0x00, 0x94, 0x00, 0x00, 0x01, 0x00, 0x01,
  0x00, 0x00, 0x00, 0x00, 0xf7, 0x00, 0x00, 0x4f, 0x50, 0x3f, 0x40, 0x00, 0x00, 0x00, 0xf7, 0x00,
  0x00, 0x9f, 0x10, 0x0d, 0xa0, 0x00, 0x00, 0x00, 0xf7, 0x00, 0x00, 0xdb, 0x00, 0x08, 0xe1, 0x00,
  0x00, 0x00, 0xf7, 0x00, 0x03, 0xf6, 0x00, 0x03, 0xf5, 0x00, 0x0f, 0xff, 0xff, 0xff, 0x18, 0xf2,
  0x00, 0x00, 0xdc, 0x00, 0x06, 0x68, 0xfa, 0x66, 0x1e, 0xb0, 0x00, 0x00, 0x7f, 0x40, 0x00, 0x07,
  0xf7, 0x00, 0x9f, 0x40, 0x00, 0x00, 0x1e, 0xc0, 0x00, 0x0c, 0xfa, 0x03, 0xfa, 0x00, 0x42, 0x00,
  0x07, 0xf3, 0x00, 0x2f, 0xff, 0x70, 0x62, 0x00, 0xde, 0x00, 0x00, 0x50, 0x00, 0x7b, 0xfb, 0xf3,
  0x00, 0x03, 0xf9, 0x00, 0x00, 0x00, 0x00, 0xd5, 0xf7, 0xad, 0x10, 0x07, 0xf4, 0x00, 0x00, 0x00,
  0x05, 0xe1, 0xf7, 0x1a, 0x00, 0x0b, 0xd0, 0x04, 0x10, 0x00, 0x1d, 0x90, 0xf7, 0x00, 0x00, 0x1f,
  0x80, 0x1e, 0xa0, 0x00, 0x5f, 0x20, 0xf7, 0x00, 0x00, 0x5f, 0x20, 0x07, 0xf3, 0x00, 0x05, 0x00,
  0xf7, 0x00, 0x00, 0xbc, 0x00, 0x01, 0xdc, 0x00, 0x00, 0x00, 0xf7, 0x00, 0x02, 0xf6, 0x01, 0x23,
  0x9f, 0x50, 0x00, 0x00, 0xf7, 0x04, 0xbd, 0xff, 0xff, 0xff, 0xff, 0xc0, 0x00, 0x00, 0xf7, 0x03,
  0xcb, 0xa9, 0x87, 0x64, 0x38, 0xf4, 0x00, 0x00, 0xa4, 0x00, 0x00, 0x00, 0x00, 0x00, 0x01, 0x71,
  0x00, 0x00, 0x73, 0x00, 0x00, 0x00, 0x15, 0x10, 0x00, 0x00, 0x00, 0x00, 0xf6, 0x00, 0x00, 0x00,
  0x4f, 0x30, 0x00, 0x00, 0x00, 0x00, 0xf6, 0x00, 0x00, 0x00, 0x4f, 0x30, 0x00, 0x00, 0x00, 0x00,
  0xf6, 0x00, 0x66, 0x66, 0x8f, 0x76, 0x66, 0x60, 0x00, 0x00, 0xf6, 0x00, 0xff, 0xff, 0xff, 0xff,
  0xff, 0xf0, 0x0f, 0xff, 0xff, 0xfc, 0x00, 0x21, 0x00, 0x02, 0x10, 0x00, 0x06, 0x69, 0xfa, 0x65,
  0x00, 0xcc, 0x00, 0x0d, 0xb0, 0x00, 0x00, 0x08, 0xf6, 0x00, 0x06, 0xf4, 0x00, 0x03, 0xf9, 0x00,
  0x00, 0x0c, 0xfb, 0x00, 0x3e, 0xa0, 0x00, 0x00, 0x6f, 0x50, 0x00, 0x2f, 0xff, 0x62, 0xec, 0x53,
  0x00, 0x07, 0x5a, 0xe1, 0x00, 0x7b, 0xfa, 0xe4, 0xb1, 0xbb, 0x00, 0x1f, 0x82, 0x81, 0x00, 0xd6,
  0xf6, 0xab, 0x00, 0x5f, 0x30, 0x7f, 0x20, 0x00, 0x05, 0xe1, 0xf6, 0x28, 0x00, 0x0d, 0xb1, 0xeb,
  0x00, 0x00, 0x0d, 0x90, 0xf6, 0x00, 0x00, 0x04, 0xfc, 0xf2, 0x00, 0x00, 0x3f, 0x20, 0xf6, 0x00,
  0x00, 0x00, 0xbf, 0x90, 0x00, 0x00, 0x05, 0x00, 0xf6, 0x00, 0x00, 0x04, 0xef, 0xe3, 0x00, 0x00,
  0x00, 0x00, 0xf6, 0x00, 0x00, 0x6f, 0xc4, 0xee, 0x40, 0x00, 0x00, 0x00, 0xf6, 0x00, 0x3b, 0xfa,
  0x10, 0x2d, 0xfa, 0x20, 0x00, 0x00, 0xf6, 0x07, 0xfd, 0x60, 0x00, 0x02, 0xaf, 0xf2, 0x00, 0x00,
  0xa4, 0x03, 0x71, 0x00, 0x00, 0x00, 0x04, 0x60, 0x00, 0x04, 0x90, 0x00, 0x00, 0x00, 0x84, 0x00,
  0x00, 0x00, 0x00, 0x06, 0xe0, 0x00, 0x00, 0x03, 0xf8, 0x00, 0x00, 0x00, 0x00, 0x06, 0xe0, 0x00,
  0x00, 0x0b, 0xfe, 0x20, 0x00, 0x00, 0x00, 0x06, 0xe0, 0x00, 0x00, 0x7f, 0x4c, 0xc1, 0x00, 0x00,
  0x06, 0x6a, 0xf6, 0x60, 0x04, 0xf7, 0x01, 0xdc, 0x10, 0x00, 0x0f, 0xff, 0xff, 0xf0, 0x4e, 0xa0,
  0x00, 0x2e, 0xc2, 0x00, 0x00, 0x0b, 0xe0, 0x06, 0xeb, 0x10, 0x00, 0x03, 0xee, 0x50, 0x00, 0x0e,
  0xf6, 0x7f, 0x9a, 0xff, 0xff, 0xff, 0x4c, 0xf2, 0x00, 0x4f, 0xfe, 0x47, 0x03, 0x55, 0x55, 0x55,
  0x10, 0x50, 0x00, 0x9e, 0xea, 0x90, 0x00, 0x00, 0x20, 0x00, 0x01, 0x00, 0x00, 0xda, 0xe3, 0xf1,
  0x93, 0x01, 0xf2, 0x00, 0x6e, 0x00, 0x05, 0xe6, 0xe0, 0x30, 0xb8, 0x00, 0xd5, 0x00, 0xc9, 0x00,
  0x0c, 0x96, 0xe0, 0x00, 0x7d, 0x00, 0xa8, 0x03, 0xf3, 0x00, 0x3f, 0x26, 0xe0, 0x00, 0x3f, 0x20,
  0x8b, 0x08, 0xc0, 0x00, 0x06, 0x06, 0xe0, 0x00, 0x0e, 0x50, 0x59, 0x1e, 0x40, 0x00, 0x00, 0x06,
  0xe0, 0x00, 0x04, 0x10, 0x00, 0x7c, 0x00, 0x00, 0x00, 0x06, 0xe0, 0x00, 0x00, 0x00, 0x01, 0xe5,
  0x00, 0x00, 0x00, 0x06, 0xe0, 0x2f, 0xff, 0xff, 0xff, 0xff, 0xff, 0xb0, 0x00, 0x06, 0xe0, 0x15,
  0x55, 0x55, 0x55, 0x55, 0x55, 0x40, 0x00, 0x03, 0x70, 0x00, 0x00, 0x00, 0x00, 0x00, 0x00, 0x00,
  0x00, 0x07, 0xd0, 0x00, 0x00, 0x96, 0x00, 0x4a, 0x10, 0x00, 0x00, 0x07, 0xe0, 0x00, 0x00, 0xd8,
  0x00, 0x5f, 0x10, 0x00, 0x00, 0x07, 0xe0, 0x0c, 0xff, 0xff, 0xff, 0xff, 0xff, 0xd0, 0x00, 0x07,
  0xe0, 0x03, 0x44, 0xea, 0x44, 0x8f, 0x54, 0x40, 0x06, 0x6a, 0xe6, 0x60, 0x00, 0xd8, 0x00, 0x5f,
  0x10, 0x00, 0x0f, 0xff, 0xff, 0xf0, 0x22, 0x65, 0x22, 0x47, 0x22, 0x00, 0x00, 0x09, 0xe0, 0x00,
  0xff, 0xff, 0xff, 0xff, 0xfd, 0x00, 0x00, 0x0e, 0xf5, 0x00, 0xf7, 0x00, 0x00, 0x00, 0x9d, 0x00,
  0x00, 0x3f, 0xfe, 0x10, 0xff, 0xff, 0xff, 0xff, 0xfd, 0x00, 0x00, 0x7f, 0xeb, 0x80, 0xf7, 0x22,
  0x22, 0x22, 0xad, 0x00, 0x00, 0xcd, 0xe5, 0xe1, 0xf7, 0x22, 0x22, 0x22, 0xad, 0x00, 0x03, 0xf9,
  0xe0, 0xa1, 0xff, 0xff, 0xff, 0xff, 0xfd, 0x00, 0x09, 0xb7, 0xe0, 0x00, 0x00, 0x00, 0xf7, 0x00,
  0x00, 0x00, 0x2f, 0x57, 0xe0, 0x14, 0x44, 0x45, 0xf8, 0x44, 0x44, 0x30, 0x1c, 0x07, 0xe0, 0x3f,
  0xff, 0xff, 0xff, 0xff, 0xff, 0xd0, 0x01, 0x07, 0xe0, 0x00, 0x00, 0x1d, 0xbc, 0xb0, 0x00, 0x00,
  0x00, 0x07, 0xe0, 0x00, 0x01, 0xbf, 0x33, 0xf9, 0x00, 0x00, 0x00, 0x07, 0xe0, 0x00, 0x5d, 0xf5,
  0x00, 0x5f, 0xc6, 0x10, 0x00, 0x07, 0xe0, 0x6e, 0xfb, 0x30, 0x00, 0x04, 0xdf, 0xe1, 0x00, 0x05,
  0x90, 0x28, 0x20, 0x00, 0x00, 0x00, 0x05, 0x60, 0x00, 0x00, 0x00, 0x00, 0x00, 0x95, 0x00, 0x00,
  0x00, 0x00, 0x00, 0x00, 0x00, 0x00, 0x00, 0xf8, 0x00, 0x00, 0x00, 0x00, 0x00, 0x00, 0x00, 0x00,
  0x00, 0xf8, 0x00, 0x00, 0x00, 0x00, 0x00, 0x00, 0x00, 0x00, 0x00, 0xf8, 0x00, 0x00, 0x00, 0x00,
  0x00, 0x00, 0x00, 0x00, 0x00, 0xf8, 0x00, 0x00, 0x00, 0x00, 0x00, 0x03, 0xe4, 0x00, 0x00, 0xf8,
  0x00, 0x00, 0x00, 0x00, 0x00, 0x04, 0xf4, 0x00, 0x00, 0xf8, 0x00, 0x00, 0x00, 0x00, 0x00, 0x04,
  0xf4, 0x00, 0x00, 0xfb, 0x77, 0x77, 0x77, 0x10, 0x00, 0x04, 0xf4, 0x00, 0x00, 0xff, 0xff, 0xff,
  0xff, 0x10, 0x00, 0x04, 0xf4, 0x00, 0x00, 0xf8, 0x00, 0x00, 0x00, 0x00, 0x00, 0x04, 0xf4, 0x00,
  0x00, 0xf8, 0x00, 0x00, 0x00, 0x00, 0x00, 0x04, 0xf4, 0x00, 0x00, 0xf8, 0x00, 0x00, 0x00, 0x00,
  0x00, 0x04, 0xf4, 0x00, 0x00, 0xf8, 0x00, 0x00, 0x00, 0x00, 0x00, 0x04, 0xf4, 0x00, 0x00, 0xf8,
  0x00, 0x00, 0x00, 0x00, 0x00, 0x04, 0xf4, 0x00, 0x00, 0xf8, 0x00, 0x00, 0x00, 0x00, 0x00, 0x04,
  0xf4, 0x00, 0x00, 0xf8, 0x00, 0x00, 0x00, 0x00, 0x00, 0x04, 0xf4, 0x00, 0x00, 0xf8, 0x00, 0x00,
  0x00, 0x00, 0x0f, 0xff, 0xff, 0xff, 0xff, 0xff, 0xff, 0xff, 0xff, 0xf0, 0x07, 0x77, 0x77, 0x77,
  0x77, 0x77, 0x77, 0x77, 0x77, 0x70, 0x03, 0xff, 0xff, 0xff, 0xff, 0xff, 0xff, 0xff, 0xff, 0x50,
  0x01, 0x77, 0x77, 0x77, 0x79, 0xfa, 0x77, 0x77, 0x77, 0x20, 0x00, 0x00, 0x00, 0x00, 0x04, 0xf4,
  0x00, 0x00, 0x00, 0x00, 0x00, 0x00, 0x00, 0x00, 0x04, 0xf4, 0x00, 0x00, 0x00, 0x00, 0x00, 0x00,
  0x00, 0x00, 0x04, 0xf4, 0x00, 0x00, 0x00, 0x00, 0x00, 0x03, 0xb3, 0x00, 0x04, 0xf4, 0x00, 0x00,
  0x00, 0x00, 0x00, 0x04, 0xf4, 0x00, 0x04, 0xf4, 0x00, 0x00, 0x00, 0x00, 0x00, 0x04, 0xf4, 0x00,
  0x04, 0xff, 0xff, 0xff, 0xf8, 0x00, 0x00, 0x04, 0xf4, 0x00, 0x04, 0xf9, 0x77, 0x77, 0x74, 0x00,
  0x00, 0x04, 0xf4, 0x00, 0x04, 0xf4, 0x00, 0x00, 0x00, 0x00, 0x00, 0x04, 0xf4, 0x00, 0x04, 0xf4,
  0x00, 0x00, 0x00, 0x00, 0x00, 0x04, 0xf4, 0x00, 0x04, 0xf4, 0x00, 0x00, 0x00, 0x00, 0x00, 0x04,
  0xf4, 0x00, 0x04, 0xf4, 0x00, 0x00, 0x00, 0x00, 0x00, 0x04, 0xf4, 0x00, 0x04, 0xf4, 0x00, 0x00,
  0x00, 0x00, 0x00, 0x04, 0xf4, 0x00, 0x04, 0xf4, 0x00, 0x00, 0x00, 0x00, 0x0f, 0xff, 0xff, 0xff,
  0xff, 0xff, 0xff, 0xff, 0xff, 0xf0, 0x07, 0x77, 0x77, 0x77, 0x77, 0x77, 0x77, 0x77, 0x77, 0x70,
  0x00, 0x00, 0x00, 0x00, 0x07, 0x60, 0x05, 0x10, 0x00, 0x00, 0x00, 0x00, 0x00, 0x00, 0x0c, 0xb0,
  0x2e, 0xe5, 0x00, 0x00, 0x00, 0x00, 0x00, 0x00, 0x0c, 0xb0, 0x01, 0xaf, 0xa1, 0x00, 0x00, 0x00,
  0x00, 0x00, 0x0c, 0xb0, 0x00, 0x06, 0xa0, 0x00, 0x0b, 0xff, 0xff, 0xff, 0xff, 0xff, 0xff, 0xff,
  0xff, 0xc0, 0x05, 0x77, 0x77, 0x77, 0x7e, 0xd7, 0x77, 0x77, 0x77, 0x50, 0x00, 0x02, 0x00, 0x00,
  0x0c, 0xf1, 0x00, 0x00, 0x61, 0x00, 0x00, 0x5f, 0x50, 0x00, 0x0c, 0xf6, 0x00, 0x05, 0xf9, 0x00,
  0x00, 0x0a, 0xf4, 0x00, 0x0c, 0xfd, 0x00, 0x3f, 0xb0, 0x00, 0x00, 0x00, 0xbe, 0x20, 0x0c, 0xdf,
  0x53, 0xec, 0x10, 0x00, 0x00, 0x00, 0x2e, 0x80, 0x0c, 0xb9, 0xde, 0xc1, 0x00, 0x00, 0x00, 0x00,
  0x02, 0x00, 0x0c, 0xb2, 0xfd, 0x10, 0x00, 0x00, 0x00, 0x00, 0x00, 0x26, 0x0c, 0xb0, 0x8f, 0x60,
  0x00, 0x00, 0x00, 0x00, 0x18, 0xfc, 0x0c, 0xb0, 0x0c, 0xf4, 0x00, 0x00, 0x00, 0x05, 0xef, 0x91,
  0x0c, 0xb0, 0x02, 0xee, 0x30, 0x00, 0x04, 0xcf, 0xd4, 0x00, 0x0c, 0xb0, 0x00, 0x3e, 0xf6, 0x00,
  0x1e, 0xe7, 0x00, 0x00, 0x0c, 0xb0, 0x00, 0x03, 0xdf, 0xc2, 0x04, 0x20, 0x00, 0x00, 0x0d, 0xb0,
  0x00, 0x00, 0x18, 0xa0, 0x00, 0x00, 0x03, 0xff, 0xff, 0x70, 0x00, 0x00, 0x00, 0x00, 0x00, 0x00,
  0x00, 0x88, 0x75, 0x00, 0x00, 0x00, 0x00, 0x00, 0x00, 0x42, 0x00, 0x00, 0x00, 0x00, 0x00, 0x00,
  0x00, 0x00, 0x00, 0xdf, 0x91, 0x00, 0x6f, 0xff, 0xff, 0xfb, 0x00, 0x00, 0x00, 0x07, 0xfd, 0x20,
  0x6f, 0x76, 0x66, 0xdb, 0x00, 0x00, 0x00, 0x00, 0x3a, 0x00, 0x7f, 0x00, 0x00, 0xbb, 0x00, 0x00,
  0x00, 0x00, 0x00, 0x00, 0x8e, 0x00, 0x00, 0xbb, 0x00, 0x40, 0x00, 0x00, 0x00, 0x00, 0xcb, 0x00,
  0x00, 0xbb, 0x00, 0xf4, 0x0a, 0x81, 0x00, 0x06, 0xf6, 0x00, 0x00, 0xbc, 0x03, 0xf3, 0x19, 0xfe,
  0x60, 0x6f, 0xc0, 0x00, 0x00, 0x8f, 0xff, 0xd0, 0x00, 0x2c, 0xf2, 0xbc, 0x20, 0x00, 0x00, 0x02,
  0x43, 0x10, 0x00, 0x01, 0x50, 0x27, 0x66, 0x66, 0x66, 0x66, 0x62, 0x00, 0x00, 0x00, 0x00, 0x3f,
  0xff, 0xff, 0xff, 0xff, 0xf6, 0x00, 0x00, 0x00, 0x12, 0x00, 0x6e, 0x10, 0x00, 0x0b, 0xd0, 0x00,
  0x00, 0x00, 0x8e, 0x00, 0x2e, 0x90, 0x00, 0x5f, 0x60, 0x00, 0x00, 0x01, 0xe9, 0x00, 0x08, 0xf4,
  0x03, 0xec, 0x00, 0x00, 0x00, 0x07, 0xf3, 0x00, 0x00, 0xbe, 0x5e, 0xd1, 0x00, 0x00, 0x00, 0x1e,
  0xa0, 0x00, 0x00, 0x1e, 0xfe, 0x20, 0x00, 0x00, 0x00, 0x8f, 0x30, 0x00, 0x04, 0xbf, 0xff, 0xa2,
  0x00, 0x00, 0x02, 0xfa, 0x00, 0x26, 0xbf, 0xe6, 0x17, 0xff, 0xa5, 0x10, 0x05, 0xe2, 0x07, 0xff,
  0xd8, 0x10, 0x00, 0x2a, 0xef, 0xe2, 0x00, 0x20, 0x01, 0x83, 0x00, 0x00, 0x00, 0x00, 0x16, 0x70,
  0x00, 0x31, 0x00, 0x00, 0x00, 0x02, 0x93, 0x00, 0x00, 0x00, 0x00, 0xde, 0x81, 0x00, 0x00, 0x04,
  0xf4, 0x00, 0x00, 0x00, 0x00, 0x2a, 0xfd, 0x30, 0x00, 0x04, 0xf4, 0x00, 0x00, 0x00, 0x00, 0x00,
  0x4d, 0x30, 0x00, 0x04, 0xf4, 0x00, 0x00, 0x00, 0x00, 0x00, 0x00, 0x0d, 0xff, 0xff, 0xff, 0xff,
  0xff, 0x10, 0x00, 0x00, 0x00, 0x05, 0x66, 0x68, 0xf9, 0x66, 0x66, 0x00, 0x07, 0x50, 0x00, 0x00,
  0x00, 0x04, 0xf4, 0x00, 0x00, 0x00, 0x1b, 0xfe, 0x70, 0x00, 0x00, 0x04, 0xf4, 0x00, 0x00, 0x00,
  0x00, 0x2a, 0xf4, 0x00, 0x00, 0x04, 0xf4, 0x00, 0x00, 0x00, 0x00, 0x00, 0x20, 0xdf, 0xff, 0xff,
  0xff, 0xff, 0xff, 0xf0, 0x00, 0x00, 0x00, 0x67, 0x77, 0xee, 0x77, 0x77, 0x77, 0x70, 0x00, 0x00,
  0x14, 0x00, 0x02, 0xf9, 0x00, 0x00, 0x00, 0x00, 0x00, 0x00, 0x7e, 0x10, 0x06, 0xf4, 0x00, 0x02,
  0x00, 0x00, 0x00, 0x01, 0xea, 0x00, 0x0b, 0xd0, 0x00, 0x8e, 0x20, 0x00, 0x00, 0x06, 0xf3, 0x00,
  0x2f, 0x70, 0x00, 0x1e, 0xc0, 0x00, 0x00, 0x1d, 0xb0, 0x00, 0x8f, 0x10, 0x00, 0x05, 0xf8, 0x00,
  0x00, 0x7f, 0x40, 0x01, 0xea, 0x34, 0x56, 0x67, 0xef, 0x20, 0x02, 0xeb, 0x00, 0xbf, 0xff, 0xff,
  0xff, 0xfe, 0xdf, 0xb0, 0x04, 0xe3, 0x00, 0x57, 0x65, 0x43, 0x21, 0x00, 0x09, 0xf2, 0x00, 0x10,
  0x00, 0x00, 0x00, 0x00, 0x00, 0x00, 0x02, 0x40, 0x00, 0x10, 0x00, 0x00, 0x00, 0x03, 0x92, 0x00,
  0x00, 0x00, 0x02, 0xe9, 0x00, 0x00, 0x00, 0x04, 0xf4, 0x00, 0x00, 0x00, 0x00, 0x7f, 0xc1, 0x00,
  0x00, 0x04, 0xf4, 0x00, 0x00, 0x00, 0x00, 0x04, 0xea, 0x46, 0x66, 0x69, 0xf8, 0x66, 0x66, 0x50,
  0x00, 0x00, 0x42, 0xaf, 0xff, 0xff, 0xff, 0xff, 0xff, 0xd0, 0x00, 0x00, 0x00, 0x00, 0x00, 0x04,
  0xf4, 0x00, 0x00, 0x00, 0x05, 0x30, 0x00, 0x00, 0x00, 0x04, 0xf4, 0x00, 0x00, 0x00, 0x0c, 0xf9,
  0x10, 0x00, 0x00, 0x04, 0xf4, 0x00, 0x00, 0x00, 0x00, 0x6f, 0xd1, 0x1f, 0xff, 0xff, 0xff, 0xff,
  0xff, 0x10, 0x00, 0x03, 0x70, 0x16, 0x66, 0x66, 0x66, 0x66, 0x66, 0x10, 0x00, 0x00, 0x00, 0x00,
  0x00, 0x00, 0x00, 0x00, 0x00, 0x00, 0x00, 0x00, 0x00, 0x00, 0x00, 0x00, 0x00, 0x00, 0x00, 0x00,
  0x00, 0x00, 0x67, 0x06, 0xff, 0xff, 0xff, 0xff, 0xf8, 0x00, 0x00, 0x00, 0xdb, 0x06, 0xf6, 0x66,
  0x66, 0x66, 0xf8, 0x00, 0x00, 0x06, 0xf4, 0x06, 0xf1, 0x00, 0x00, 0x01, 0xf8, 0x00, 0x00, 0x0d,
  0xc0, 0x06, 0xf1, 0x00, 0x00, 0x01, 0xf8, 0x00, 0x00, 0x6f, 0x50, 0x06, 0xf1, 0x00, 0x00, 0x01,
  0xf8, 0x00, 0x01, 0xec, 0x00, 0x06, 0xf6, 0x55, 0x55, 0x56, 0xf8, 0x00, 0x07, 0xf4, 0x00, 0x06,
  0xff, 0xff, 0xff, 0xff, 0xf8, 0x00, 0x00, 0x50, 0x00, 0x05, 0xc1, 0x00, 0x00, 0x00, 0xb6, 0x00,
  0x00, 0x31, 0x00, 0x00, 0x00, 0x06, 0xe2, 0x00, 0x00, 0x00, 0x00, 0xde, 0x70, 0x00, 0x00, 0x06,
  0xf2, 0x00, 0x00, 0x00, 0x00, 0x19, 0xfc, 0x10, 0x00, 0x06, 0xf2, 0x00, 0x00, 0x00, 0x00, 0x00,
  0x5a, 0xbf, 0xff, 0xff, 0xff, 0xff, 0xff, 0xf0, 0x00, 0x00, 0x00, 0x46, 0x66, 0xcf, 0x66, 0x66,
  0x66, 0x60, 0x00, 0x00, 0x00, 0x00, 0x01, 0xe9, 0x00, 0x49, 0x00, 0x00, 0x08, 0x50, 0x00, 0x00,
  0x07, 0xf2, 0x00, 0x4f, 0x90, 0x00, 0x1c, 0xfc, 0x30, 0x00, 0x1e, 0xa1, 0x22, 0x39, 0xf8, 0x00,
  0x00, 0x5e, 0xe1, 0x6f, 0xff, 0xff, 0xff, 0xff, 0xff, 0x50, 0x00, 0x01, 0x50, 0x27, 0x66, 0x54,
  0x43, 0x21, 0x0b, 0xd0, 0x00, 0x00, 0x00, 0x00, 0x95, 0x03, 0x80, 0x09, 0x62, 0x20, 0x00, 0x00,
  0x11, 0x00, 0xe7, 0x06, 0xe0, 0x0d, 0x80, 0x00, 0x00, 0x00, 0x9d, 0x00, 0xe7, 0x06, 0xe0, 0x0d,
  0x80, 0x00, 0x00, 0x01, 0xf9, 0x00, 0xe6, 0x06, 0xe0, 0x0d, 0x80, 0x00, 0x00, 0x08, 0xf2, 0x02,
  0xf5, 0x06, 0xe0, 0x0d, 0x80, 0x00, 0x00, 0x2e, 0x90, 0x05, 0xf1, 0x06, 0xe0, 0x0d, 0x80, 0x61,
  0x00, 0x9f, 0x20, 0x0d, 0xc0, 0x06, 0xe0, 0x0d, 0x80, 0xb4, 0x03, 0xf8, 0x00, 0x9f, 0x40, 0x06,
  0xe0, 0x0d, 0x90, 0xd3, 0x05, 0xe1, 0x05, 0xf7, 0x00, 0x04, 0xa0, 0x09, 0xff, 0xd1, 0x00, 0x10,
  0x00, 0x40, 0x00, 0x00, 0x00, 0x00, 0x33, 0x10, 0x00, 0x10, 0x00, 0x00, 0x00, 0x00, 0x00, 0x00,
  0x02, 0x20, 0x02, 0xe9, 0x10, 0x22, 0x22, 0x22, 0x20, 0x00, 0x0a, 0x90, 0x01, 0x8f, 0xd4, 0xbf,
  0xff, 0xff, 0xf0, 0x36, 0x0a, 0x90, 0x00, 0x03, 0xd6, 0xb6, 0x00, 0x04, 0xf0, 0x6c, 0x0a, 0x90,
  0x00, 0x00, 0x10, 0xb6, 0x18, 0x14, 0xf0, 0x6c, 0x0a, 0x90, 0x00, 0x00, 0x00, 0xb6, 0x1f, 0x14,
  0xf0, 0x6c, 0x0a, 0x90, 0x06, 0x20, 0x00, 0xb6, 0x1f, 0x14, 0xf0, 0x6c, 0x0a, 0x90, 0x1d, 0xf8,
  0x10, 0xb6, 0x1f, 0x14, 0xf0, 0x6c, 0x0a, 0x90, 0x00, 0x8f, 0xa0, 0xb6, 0x1f, 0x14, 0xf0, 0x6c,
  0x0a, 0x90, 0x00, 0x03, 0x20, 0xb6, 0x1f, 0x14, 0xf0, 0x6c, 0x0a, 0x90, 0x00, 0x00, 0x00, 0xb6,
  0x1f, 0x14, 0xf0, 0x6c, 0x0a, 0x90, 0x00, 0x00, 0x00, 0xb6, 0x1f, 0x14, 0xf0, 0x6c, 0x0a, 0x90,
  0x00, 0x06, 0xc0, 0xb6, 0x2f, 0x04, 0xf0, 0x6c, 0x0a, 0x90, 0x00, 0x0c, 0xb0, 0xb6, 0x3e, 0x04,
  0xf0, 0x6c, 0x0a, 0x90, 0x00, 0x3f, 0x60, 0x74, 0x7b, 0x02, 0x80, 0x48, 0x0a, 0x90, 0x00, 0x9e,
  0x10, 0x00, 0xc7, 0x81, 0x00, 0x00, 0x0a, 0x90, 0x01, 0xe9, 0x00, 0x08, 0xd1, 0xbb, 0x10, 0x00,
  0x0a, 0x90, 0x07, 0xf3, 0x00, 0x7f, 0x40, 0x1c, 0xa0, 0x00, 0x0b, 0x80, 0x06, 0xb0, 0x08, 0xe4,
  0x00, 0x02, 0xe3, 0x3f, 0xff, 0x50, 0x00, 0x00, 0x01, 0x10, 0x00, 0x00, 0x10, 0x04, 0x42, 0x00,
  0x00, 0x30, 0x00, 0x00, 0x00, 0x00, 0x96, 0x00, 0x00, 0x00, 0x01, 0xec, 0x30, 0x07, 0x70, 0x00,
  0xe9, 0x00, 0x1c, 0x50, 0x00, 0x4d, 0xf5, 0x08, 0xf2, 0x00, 0xe9, 0x00, 0x7f, 0x40, 0x00, 0x01,
  0xcc, 0x01, 0xea, 0x00, 0xe9, 0x01, 0xeb, 0x00, 0x00, 0x00, 0x12, 0x00, 0x8f, 0x20, 0xe9, 0x08,
  0xf3, 0x00, 0x00, 0x00, 0x00, 0x00, 0x29, 0x10, 0xe9, 0x04, 0x60, 0x00, 0x05, 0x20, 0x00, 0x03,
  0x66, 0x66, 0xeb, 0x66, 0x65, 0x00, 0x1d, 0xf8, 0x00, 0x06, 0xff, 0xff, 0xff, 0xff, 0xfd, 0x00,
  0x01, 0x7f, 0xc0, 0x06, 0xf1, 0x00, 0x00, 0x00, 0x8d, 0x00, 0x00, 0x03, 0x70, 0x06, 0xf1, 0x00,
  0x00, 0x00, 0x8d, 0x00, 0x00, 0x00, 0x00, 0x06, 0xff, 0xff, 0xff, 0xff, 0xfd, 0x00, 0x00, 0x00,
  0x21, 0x06, 0xf5, 0x55, 0x55, 0x55, 0xad, 0x00, 0x00, 0x00, 0xaa, 0x06, 0xf1, 0x00, 0x00, 0x00,
  0x8d, 0x00, 0x00, 0x02, 0xf7, 0x06, 0xf4, 0x44, 0x44, 0x44, 0xad, 0x00, 0x00, 0x09, 0xe1, 0x06,
  0xff, 0xff, 0xff, 0xff, 0xfd, 0x00, 0x00, 0x1e, 0x90, 0x06, 0xf1, 0x00, 0x00, 0x00, 0x8d, 0x00,
  0x00, 0x9f, 0x20, 0x06, 0xf1, 0x00, 0x00, 0x00, 0x8d, 0x00, 0x02, 0xf9, 0x00, 0x06, 0xf1, 0x00,
  0x00, 0x00, 0xad, 0x00, 0x05, 0xe2, 0x00, 0x06, 0xf1, 0x00, 0x05, 0xfe, 0xfa, 0x00, 0x00, 0x20,
  0x00, 0x04, 0x80, 0x00, 0x00, 0x66, 0x41, 0x00, 0x00, 0x20, 0x00, 0x00, 0x00, 0x01, 0x83, 0x00,
  0x00, 0x00, 0x01, 0xec, 0x40, 0x00, 0x00, 0x03, 0xf5, 0x00, 0x00, 0x00, 0x00, 0x5e, 0xf7, 0x24,
  0x44, 0x46, 0xf8, 0x44, 0x44, 0x40, 0x00, 0x01, 0xac, 0x8f, 0xff, 0xff, 0xff, 0xff, 0xff, 0xd0,
  0x00, 0x00, 0x01, 0x8c, 0x00, 0x00, 0x00, 0x00, 0x08, 0xd0, 0x00, 0x00, 0x00, 0x8c, 0x33, 0x33,
  0x33, 0x33, 0x39, 0xd0, 0x05, 0x20, 0x00, 0x00, 0xff, 0xff, 0xff, 0xff, 0xf6, 0x00, 0x1e, 0xfa,
  0x10, 0x00, 0x00, 0x02, 0xf4, 0x00, 0x00, 0x00, 0x01, 0x7f, 0xd0, 0x01, 0x22, 0x24, 0xf6, 0x22,
  0x22, 0x00, 0x00, 0x03, 0x50, 0x09, 0xff, 0xff, 0xff, 0xff, 0xfe, 0x00, 0x00, 0x00, 0x00, 0x09,
  0xb0, 0x02, 0xf4, 0x00, 0x7e, 0x00, 0x00, 0x00, 0x10, 0x09, 0xb2, 0x23, 0xf6, 0x22, 0x7e, 0x00,
  0x00, 0x00, 0x99, 0x09, 0xff, 0xff, 0xff, 0xff, 0xfe, 0x00, 0x00, 0x02, 0xf8, 0x09, 0xb0, 0x02,
  0xf4, 0x00, 0x7e, 0x00, 0x00, 0x09, 0xf1, 0x09, 0xc3, 0x34, 0xf6, 0x33, 0x8e, 0x00, 0x00, 0x1f,
  0x90, 0x09, 0xff, 0xff, 0xff, 0xff, 0xfe, 0x00, 0x00, 0x9f, 0x20, 0x00, 0x05, 0x81, 0x00, 0x87,
  0x00, 0x00, 0x02, 0xf9, 0x00, 0x02, 0xbf, 0x80, 0x00, 0x6e, 0xd4, 0x00, 0x06, 0xf2, 0x02, 0xbf,
  0xc3, 0x00, 0x00, 0x01, 0xaf, 0x80, 0x00, 0x20, 0x00, 0x95, 0x00, 0x00, 0x00, 0x00, 0x06, 0x60,
  0x00, 0x06, 0xff, 0xff, 0xff, 0xff, 0xff, 0xff, 0x10, 0x00, 0x00, 0x02, 0x44, 0x44, 0x44, 0x44,
  0x44, 0x9f, 0x10, 0x00, 0x00, 0x00, 0x00, 0x00, 0x00, 0x00, 0x00, 0x6f, 0x10, 0x00, 0x0b, 0xff,
  0xff, 0xff, 0xff, 0xff, 0xff, 0xff, 0xff, 0xa0, 0x03, 0x44, 0x44, 0x44, 0x44, 0x44, 0x44, 0x9f,
  0x54, 0x30, 0x00, 0x00, 0x00, 0x00, 0x00, 0x00, 0x00, 0x6f, 0x10, 0x00, 0x00, 0x0a, 0xff, 0xff,
  0xff, 0xff, 0xff, 0xff, 0x10, 0x00, 0x00, 0x02, 0x44, 0x44, 0x48, 0x74, 0x44, 0x7c, 0x10, 0x00,
  0x00, 0x00, 0x00, 0x00, 0x0f, 0x90, 0x00, 0x00, 0x10, 0x00, 0x00, 0x00, 0x9b, 0x00, 0x2f, 0xc0,
  0x00, 0x08, 0xe2, 0x00, 0x00, 0x00, 0xe8, 0x00, 0x4f, 0xf1, 0x00, 0x2e, 0xa0, 0x00, 0x00, 0x08,
  0xf3, 0x00, 0x7f, 0xf4, 0x00, 0xbe, 0x10, 0x00, 0x00, 0x8f, 0x90, 0x00, 0xcb, 0xcb, 0x07, 0xf4,
  0x00, 0x00, 0x00, 0x69, 0x00, 0x05, 0xf4, 0x5f, 0x61, 0x40, 0x00, 0x00, 0x00, 0x00, 0x00, 0x3e,
  0xb0, 0x0c, 0xe2, 0x00, 0x00, 0x00, 0x00, 0x00, 0x06, 0xed, 0x10, 0x02, 0xee, 0x40, 0x00, 0x00,
  0x00, 0x16, 0xcf, 0xa2, 0x00, 0x00, 0x3d, 0xfc, 0x62, 0x00, 0x1c, 0xff, 0xc4, 0x00, 0x00, 0x00,
  0x00, 0x6e, 0xff, 0xd1, 0x06, 0x62, 0x00, 0x00, 0x00, 0x00, 0x00, 0x00, 0x37, 0x60, 0x00, 0x00,
  0x00, 0x00, 0x07, 0x50, 0x00, 0x00, 0x00, 0x00, 0x00, 0x00, 0x00, 0x00, 0x0e, 0x90, 0x00, 0x00,
  0x00, 0x00, 0x00, 0x00, 0x00, 0x00, 0x0e, 0xb6, 0x66, 0x66, 0x66, 0x10, 0x00, 0x00, 0x00, 0x00,
  0x0e, 0xff, 0xff, 0xff, 0xff, 0x30, 0x00, 0x00, 0x00, 0x00, 0x0e, 0x90, 0x00, 0x00, 0x00, 0x00,
  0x00, 0x00, 0x00, 0x00, 0x0e, 0x90, 0x00, 0x00, 0x00, 0x00, 0x00, 0x04, 0x66, 0x66, 0x6e, 0xb6,
  0x66, 0x66, 0x40, 0x00, 0x00, 0x0a, 0xff, 0xff, 0xff, 0xff, 0xff, 0xff, 0xb0, 0x00, 0x00, 0x0a,
  0xb0, 0x00, 0x00, 0x00, 0x00, 0x0c, 0xb0, 0x00, 0x00, 0x0a, 0xb0, 0x00, 0x00, 0x00, 0x00, 0x0c,
  0xb0, 0x00, 0x00, 0x0a, 0xb0, 0x00, 0x00, 0x00, 0x00, 0x0c, 0xb0, 0x00, 0x00, 0x0a, 0xb0, 0x00,
  0x00, 0x00, 0x00, 0x0c, 0xb0, 0x00, 0x00, 0x0a, 0xff, 0xff, 0xff, 0xff, 0xff, 0xff, 0xb0, 0x00,
  0x00, 0x04, 0x66, 0x66, 0x66, 0x66, 0x66, 0x66, 0x40, 0x00, 0x00, 0x02, 0x10, 0x00, 0x00, 0x00,
  0x00, 0x01, 0x30, 0x00, 0x00, 0x0d, 0xb0, 0x2c, 0x40, 0x0c, 0x80, 0x0b, 0xe1, 0x00, 0x00, 0x6f,
  0x40, 0x1f, 0x70, 0x09, 0xe0, 0x02, 0xea, 0x00, 0x02, 0xeb, 0x00, 0x0e, 0x90, 0x03, 0xf5, 0x00,
  0x7f, 0x40, 0x0c, 0xe2, 0x00, 0x0d, 0xa0, 0x00, 0xe9, 0x00, 0x0d, 0xc0, 0x04, 0x40, 0x00, 0x05,
  0x30, 0x00, 0x42, 0x00, 0x03, 0x20, 0x00, 0x47, 0x77, 0x77, 0x77, 0x77, 0x77, 0x77, 0x76, 0x00,
  0x00, 0x9f, 0xff, 0xff, 0xff, 0xff, 0xff, 0xff, 0xfd, 0x00, 0x00, 0x00, 0x00, 0x00, 0x00, 0x06,
  0xf2, 0x00, 0x00, 0x00, 0x00, 0x00, 0xb8, 0x00, 0x00, 0x06, 0xf2, 0x00, 0x00, 0x00, 0x00, 0x01,
  0xf7, 0x00, 0x00, 0x06, 0xf2, 0x00, 0x00, 0x00, 0x00, 0x04, 0xf3, 0x00, 0x00, 0x06, 0xf2, 0x00,
  0x00, 0x00, 0x00, 0x08, 0xe0, 0x00, 0x00, 0x06, 0xf2, 0x00, 0x00, 0x00, 0x00, 0x0c, 0xd7, 0x77,
  0x77, 0x7a, 0xf8, 0x77, 0x77, 0x60, 0x00, 0x1f, 0xff, 0xff, 0xff, 0xff, 0xff, 0xff, 0xff, 0xe0,
  0x00, 0x5f, 0x20, 0x00, 0x06, 0xfd, 0xf2, 0x00, 0x00, 0x00, 0x00, 0x00, 0x00, 0x00, 0x5f, 0xa6,
  0xf2, 0x00, 0x00, 0x00, 0x00, 0x00, 0x00, 0x05, 0xfc, 0x16, 0xf2, 0x00, 0x00, 0x00, 0x00, 0x00,
  0x00, 0x8f, 0xb1, 0x06, 0xf2, 0x00, 0x00, 0x00, 0x00, 0x00, 0x2b, 0xfa, 0x00, 0x06, 0xf2, 0x00,
  0x00, 0x00, 0x00, 0x06, 0xef, 0x70, 0x00, 0x06, 0xf2, 0x00, 0x00, 0x00, 0x06, 0xdf, 0xd3, 0x00,
  0x00, 0x06, 0xf2, 0x00, 0x00, 0x00, 0x0a, 0xe6, 0x00, 0x00, 0x00, 0x07, 0xf2, 0x00, 0x00, 0x00,
  0x01, 0x10, 0x00, 0x00, 0x9f, 0xff, 0xd0, 0x00, 0x00, 0x00, 0x00, 0x00, 0x00, 0x00, 0x27, 0x75,
  0x10, 0x00, 0x00, 0x00, 0x00, 0x00, 0x00, 0x00, 0x02, 0x92, 0x00, 0x29, 0x20, 0x00, 0x05, 0xd1,
  0x09, 0x90, 0x03, 0xf3, 0x00, 0x4f, 0x30, 0x00, 0x01, 0xdc, 0x5f, 0x60, 0x03, 0xf3, 0x00, 0x4f,
  0x30, 0x00, 0x00, 0x3f, 0xfb, 0x05, 0x57, 0xf7, 0x55, 0x8f, 0x75, 0x50, 0x00, 0x1d, 0xf4, 0x1f,
  0xff, 0xff, 0xff, 0xff, 0xff, 0xe0, 0x02, 0xde, 0xe9, 0x00, 0x03, 0xf3, 0x00, 0x4f, 0x30, 0x00,
  0x1d, 0xe4, 0xbe, 0x00, 0x03, 0xf3, 0x00, 0x4f, 0x30, 0x00, 0x09, 0x30, 0x7f, 0x20, 0x00, 0x00,
  0x00, 0x00, 0x00, 0x00, 0x00, 0x00, 0x5f, 0x41, 0x55, 0x55, 0x55, 0x55, 0x55, 0x10, 0x00, 0x01,
  0xdf, 0x53, 0xff, 0xff, 0xff, 0xff, 0xff, 0x30, 0x00, 0x09, 0xef, 0x63, 0xf3, 0x00, 0xba, 0x00,
  0x4f, 0x30, 0x00, 0x6f, 0x5f, 0x73, 0xf3, 0x00, 0xba, 0x00, 0x4f, 0x30, 0x07, 0xf8, 0x0f, 0x63,
  0xf7, 0x55, 0xcb, 0x55, 0x7f, 0x30, 0x1d, 0x90, 0x1f, 0x53, 0xff, 0xff, 0xff, 0xff, 0xff, 0x30,
  0x01, 0x00, 0x2f, 0x53, 0xf3, 0x00, 0xba, 0x00, 0x4f, 0x30, 0x00, 0x00, 0x3f, 0x43, 0xf3, 0x00,
  0xba, 0x00, 0x4f, 0x30, 0x00, 0x00, 0x5f, 0x23, 0xf3, 0x00, 0xba, 0x00, 0x4f, 0x30, 0x00, 0x00,
  0xae, 0x03, 0xff, 0xff, 0xff, 0xff, 0xff, 0x30, 0x04, 0xef, 0xf7, 0x03, 0xf7, 0x55, 0x55, 0x55,
  0x8f, 0x30, 0x00, 0x76, 0x40, 0x01, 0x81, 0x00, 0x00, 0x00, 0x26, 0x10, 0x00, 0x0e, 0xff, 0xff,
  0xff, 0xff, 0xff, 0xff, 0xfb, 0x00, 0x00, 0x0e, 0xb7, 0x77, 0x7c, 0xe7, 0x77, 0x77, 0xdb, 0x00,
  0x00, 0x0e, 0x80, 0x00, 0x0a, 0xd0, 0x00, 0x00, 0xbb, 0x00, 0x00, 0x0e, 0x80, 0x00, 0x0a, 0xd0,
  0x00, 0x00, 0xbb, 0x00, 0x00, 0x0e, 0xb6, 0x66, 0x6c, 0xe6, 0x66, 0x66, 0xdb, 0x00, 0x00, 0x0e,
  0xff, 0xff, 0xff, 0xff, 0xff, 0xff, 0xfb, 0x00, 0x00, 0x0e, 0x80, 0x00, 0x0a, 0xd0, 0x00, 0x00,
  0xbb, 0x00, 0x00, 0x0e, 0x80, 0x00, 0x0a, 0xd0, 0x00, 0x00, 0xbb, 0x00, 0x00, 0x0f, 0x70, 0x00,
  0x0a, 0xd0, 0x00, 0x00, 0xbb, 0x00, 0x00, 0x0f, 0xa6, 0x66, 0x6c, 0xe6, 0x66, 0x66, 0xdb, 0x00,
  0x00, 0x2f, 0xff, 0xff, 0xff, 0xff, 0xff, 0xff, 0xfb, 0x00, 0x00, 0x4f, 0x30, 0x00, 0x0a, 0xd0,
  0x00, 0x00, 0xbb, 0x00, 0x00, 0x7e, 0x00, 0x00, 0x0a, 0xd0, 0x00, 0x00, 0xbb, 0x00, 0x00, 0xbb,
  0x00, 0x00, 0x0a, 0xd0, 0x00, 0x00, 0xbb, 0x00, 0x02, 0xf8, 0x00, 0x00, 0x0a, 0xd0, 0x00, 0x00,
  0xbb, 0x00, 0x0a, 0xf2, 0x00, 0x00, 0x0a, 0xd0, 0x00, 0x00, 0xcb, 0x00, 0x2f, 0x90, 0x00, 0x00,
  0x0a, 0xd0, 0x4f, 0xef, 0xf7, 0x00, 0x05, 0x10, 0x00, 0x00, 0x04, 0x50, 0x07, 0x76, 0x40, 0x00,
  0x01, 0x92, 0x00, 0x00, 0x00, 0x00, 0x00, 0x00, 0x00, 0x00, 0x02, 0xf4, 0x00, 0x5a, 0x24, 0xff,
  0xff, 0xff, 0xff, 0x60, 0x02, 0xf8, 0xae, 0xe9, 0x31, 0x33, 0x33, 0x34, 0xed, 0x10, 0x02, 0xfd,
  0x95, 0x10, 0x10, 0x05, 0x20, 0x1c, 0xe2, 0x00, 0x02, 0xf4, 0x00, 0x00, 0xe3, 0x1c, 0xf9, 0xdd,
  0x20, 0x00, 0x01, 0xf8, 0x43, 0x36, 0xf2, 0x00, 0x6e, 0xf6, 0x00, 0x00, 0x00, 0x9e, 0xff, 0xff,
  0xa0, 0x00, 0x01, 0xbf, 0x70, 0x00, 0x00, 0x49, 0x00, 0x00, 0x02, 0x44, 0x44, 0x4b, 0x64, 0x30,
  0x00, 0xac, 0x00, 0x00, 0x08, 0xff, 0xff, 0xff, 0xff, 0xe0, 0x01, 0xef, 0xff, 0xff, 0xc0, 0x00,
  0x08, 0xc0, 0x0b, 0x90, 0x08, 0xe4, 0x7f, 0x44, 0x30, 0x67, 0x08, 0xc0, 0x1f, 0x30, 0x1f, 0x70,
  0x5f, 0x00, 0x00, 0x9b, 0x08, 0xc0, 0x28, 0x00, 0x09, 0x54, 0x8f, 0x44, 0x41, 0xaa, 0x08, 0xd4,
  0x44, 0x20, 0x0f, 0xff, 0xff, 0xff, 0xf4, 0xc9, 0x08, 0xff, 0xff, 0x70, 0x00, 0x00, 0x9e, 0x10,
  0x00, 0xea, 0x08, 0xc0, 0x00, 0x00, 0x00, 0x01, 0xef, 0xd2, 0x03, 0xff, 0x28, 0xc0, 0x00, 0x00,
  0x00, 0x09, 0xe3, 0xcd, 0x18, 0xe8, 0xc9, 0xc0, 0x00, 0x00, 0x00, 0x8f, 0x50, 0x1d, 0x8e, 0x90,
  0xcf, 0xd2, 0x00, 0x00, 0x0c, 0xf6, 0x00, 0x01, 0x9e, 0x20, 0x19, 0xef, 0xff, 0xf1, 0x04, 0x30,
  0x00, 0x00, 0x15, 0x00, 0x00, 0x03, 0x44, 0x30, 0x00, 0x00, 0x00, 0x00, 0x0a, 0x70, 0x00, 0x00,
  0x00, 0x00, 0x00, 0x00, 0x00, 0x00, 0x3f, 0x70, 0x00, 0x00, 0x00, 0x00, 0x00, 0x00, 0xbf, 0xff,
  0xff, 0xff, 0xff, 0xff, 0x50, 0x00, 0x00, 0x00, 0xbc, 0x44, 0x75, 0x44, 0x44, 0x6f, 0x50, 0x00,
  0x00, 0x00, 0xbb, 0x00, 0xce, 0x50, 0x00, 0x3f, 0x50, 0x00, 0x00, 0x00, 0xcb, 0x00, 0x08, 0xf6,
  0x00, 0x3f, 0x50, 0x00, 0x05, 0x55, 0xdc, 0x55, 0x55, 0xa7, 0x55, 0x7f, 0x85, 0x50, 0x0f, 0xff,
  0xff, 0xff, 0xff, 0xff, 0xff, 0xff, 0xff, 0xf2, 0x00, 0x03, 0xf6, 0x00, 0x62, 0x00, 0x00, 0x3f,
  0x50, 0x00, 0x00, 0x0a, 0xf1, 0x01, 0xaf, 0x70, 0x00, 0x3f, 0x50, 0x00, 0x00, 0x5f, 0x90, 0x00,
  0x05, 0xe7, 0x24, 0x7f, 0x40, 0x00, 0x04, 0xfc, 0x10, 0x00, 0x00, 0x31, 0x6f, 0xeb, 0x10, 0x00,
  0x00, 0x63, 0x33, 0x33, 0x33, 0x33, 0x33, 0x33, 0x30, 0x00, 0x00, 0x0d, 0xff, 0xff, 0xff, 0xff,
  0xff, 0xff, 0xd0, 0x00, 0x00, 0x0d, 0x80, 0x0b, 0x90, 0x0b, 0xa0, 0x09, 0xd0, 0x00, 0x00, 0x0d,
  0x80, 0x0b, 0x90, 0x0b, 0xa0, 0x09, 0xd0, 0x00, 0x00, 0x0d, 0x80, 0x0b, 0x90, 0x0b, 0xa0, 0x09,
  0xd0, 0x00, 0x15, 0x5d, 0xa5, 0x5d, 0xb5, 0x5c, 0xc5, 0x5b, 0xe5, 0x50, 0x2f, 0xff, 0xff, 0xff,
  0xff, 0xff, 0xff, 0xff, 0xff, 0xf1, 0x00, 0x09, 0x40, 0x00, 0x00, 0x00, 0x00, 0x00, 0x00, 0x00,
  0x00, 0x3f, 0x50, 0x00, 0x00, 0x00, 0x00, 0x00, 0x00, 0x00, 0x00, 0x7f, 0x10, 0x00, 0x00, 0x1f,
  0xff, 0xff, 0xff, 0x20, 0x00, 0xbf, 0xff, 0xff, 0xfb, 0x1f, 0xa6, 0x66, 0x9f, 0x20, 0x01, 0xfa,
  0x6f, 0xb6, 0x64, 0x1f, 0x60, 0x00, 0x5f, 0x20, 0x07, 0xf1, 0x0f, 0x80, 0x00, 0x1f, 0x60, 0x00,
  0x5f, 0x20, 0x1e, 0xa0, 0x0f, 0x80, 0x00, 0x1f, 0x60, 0x00, 0x5f, 0x20, 0x1b, 0x30, 0x0f, 0x80,
  0x00, 0x1f, 0x60, 0x00, 0x5f, 0x20, 0x00, 0x00, 0x0f, 0x80, 0x00, 0x1f, 0x60, 0x00, 0x5f, 0x20,
  0x2f, 0xff, 0xff, 0xff, 0xff, 0x5f, 0x60, 0x00, 0x5f, 0x20, 0x17, 0x77, 0x8f, 0xa7, 0x77, 0x3f,
  0x60, 0x00, 0x5f, 0x20, 0x00, 0x00, 0x4f, 0x40, 0x00, 0x1f, 0x60, 0x00, 0x5f, 0x20, 0x00, 0x00,
  0x6f, 0xc1, 0x00, 0x1f, 0x60, 0x00, 0x5f, 0x20, 0x00, 0x00, 0xbd, 0xea, 0x00, 0x1f, 0x60, 0x00,
  0x5f, 0x20, 0x00, 0x02, 0xf8, 0x4f, 0x90, 0x1f, 0x60, 0x00, 0x5f, 0x20, 0x00, 0x0a, 0xf2, 0x07,
  0xf7, 0x1f, 0x60, 0x00, 0x5f, 0x20, 0x00, 0x5f, 0x80, 0x00, 0xae, 0x2f, 0xff, 0xff, 0xff, 0x20,
  0x05, 0xfc, 0x00, 0x00, 0x15, 0x1f, 0xa6, 0x66, 0x9f, 0x20, 0x2f, 0xd2, 0x00, 0x00, 0x00, 0x1f,
  0x60, 0x00, 0x5d, 0x20, 0x05, 0x10, 0x00, 0x00, 0x00, 0x01, 0x00, 0x00, 0x00, 0x00, 0x00, 0x00,
  0x00, 0x00, 0x00, 0x06, 0x60, 0x00, 0x00, 0x00, 0x06, 0x66, 0x66, 0x66, 0x30, 0x1e, 0x90, 0x00,
  0x00, 0x00, 0x0f, 0xff, 0xff, 0xff, 0x70, 0x7f, 0xff, 0xff, 0x50, 0x00, 0x00, 0x0a, 0xc0, 0x00,
  0x00, 0xea, 0x44, 0xaf, 0x20, 0x00, 0x00, 0x0d, 0x90, 0x00, 0x08, 0xf2, 0x01, 0xe9, 0x00, 0x00,
  0x00, 0x1f, 0x60, 0x00, 0x3f, 0xc4, 0x49, 0xf6, 0x44, 0x20, 0x00, 0x5f, 0x30, 0x01, 0xef, 0xff,
  0xff, 0xff, 0xff, 0x80, 0x00, 0x8f, 0x55, 0x54, 0x5c, 0xa0, 0x0c, 0x70, 0x0e, 0x80, 0x00, 0xdf,
  0xff, 0xfc, 0x0b, 0xa0, 0x0c, 0x70, 0x0e, 0x80, 0x05, 0xfd, 0x00, 0x9c, 0x0b, 0xff, 0xff, 0xff,
  0xff, 0x80, 0x0b, 0xfd, 0x00, 0x9c, 0x0b, 0xb3, 0x3d, 0x93, 0x3e, 0x80, 0x3f, 0xed, 0x00, 0x9c,
  0x0b, 0xa0, 0x0c, 0x70, 0x0e, 0x80, 0x3e, 0x9d, 0x00, 0x9c, 0x0b, 0xa0, 0x0c, 0x70, 0x0e, 0x80,
  0x02, 0x7d, 0x00, 0x9c, 0x0d, 0xff, 0xff, 0xff, 0xff, 0x80, 0x00, 0x7d, 0x00, 0x9c, 0x0f, 0x95,
  0x55, 0x55, 0x5e, 0x80, 0x00, 0x7e, 0x55, 0xbc, 0x4f, 0x20, 0x00, 0x00, 0x0e, 0x80, 0x00, 0x7f,
  0xff, 0xfc, 0x9d, 0x00, 0x00, 0x00, 0x0e, 0x80, 0x00, 0x7d, 0x00, 0x03, 0xf7, 0x00, 0x00, 0x00,
  0x0e, 0x80, 0x00, 0x24, 0x00, 0x0a, 0xc0, 0x00, 0x00, 0x6f, 0xff, 0x50, 0x00, 0x00, 0x00, 0x01,
  0x20, 0x00, 0x00, 0x16, 0x63, 0x00, 0x00, 0x0f, 0xff, 0xff, 0xff, 0xff, 0xff, 0xff, 0xf1, 0x00,
  0x00, 0x07, 0x77, 0x77, 0x77, 0x77, 0x77, 0x77, 0x70, 0x00, 0x00, 0x00, 0x00, 0x00, 0x00, 0x00,
  0x00, 0x00, 0x00, 0x00, 0x00, 0x00, 0x00, 0x00, 0x00, 0x00, 0x00, 0x00, 0x00, 0x00, 0x00, 0x00,
  0x00, 0x00, 0x00, 0x00, 0x00, 0x00, 0x00, 0x00, 0x0c, 0xff, 0xff, 0xff, 0xff, 0xff, 0xff, 0xff,
  0xff, 0xc0, 0x06, 0x77, 0x77, 0x77, 0x7d, 0xe7, 0x77, 0x77, 0x77, 0x60, 0x00, 0x00, 0x00, 0x00,
  0x0c, 0xc0, 0x00, 0x00, 0x00, 0x00, 0x00, 0x00, 0x33, 0x00, 0x0c, 0xc0, 0x00, 0x21, 0x00, 0x00,
  0x00, 0x00, 0xce, 0x10, 0x0c, 0xc0, 0x02, 0xf9, 0x00, 0x00, 0x00, 0x04, 0xf7, 0x00, 0x0c, 0xc0,
  0x00, 0x8f, 0x40, 0x00, 0x00, 0x0c, 0xe1, 0x00, 0x0c, 0xc0, 0x00, 0x1d, 0xd1, 0x00, 0x00, 0x5f,
  0x70, 0x00, 0x0c, 0xc0, 0x00, 0x05, 0xf7, 0x00, 0x02, 0xed, 0x00, 0x00, 0x0c, 0xc0, 0x00, 0x00,
  0xce, 0x10, 0x1d, 0xe3, 0x00, 0x00, 0x0c, 0xc0, 0x00, 0x00, 0x5f, 0x60, 0x06, 0x50, 0x00, 0x00,
  0x0c, 0xc0, 0x00, 0x00, 0x09, 0x20, 0x00, 0x00, 0x02, 0xfe, 0xef, 0xa0, 0x00, 0x00, 0x00, 0x00,
  0x00, 0x00, 0x00, 0x89, 0x86, 0x10, 0x00, 0x00, 0x00, 0x00, 0x00, 0x00, 0x00, 0x22, 0x00, 0x00,
  0x0a, 0x50, 0x00, 0x00, 0x00, 0x14, 0x8c, 0xfd, 0x10, 0x00, 0x0f, 0x70, 0x00, 0x00, 0x0d, 0xff,
  0xfd, 0x51, 0x00, 0x00, 0x0f, 0x70, 0x00, 0x00, 0x04, 0x31, 0xbb, 0x00, 0x00, 0x31, 0x0f, 0x70,
  0x41, 0x00, 0x00, 0x00, 0xbb, 0x00, 0x03, 0xf4, 0x0f, 0x71, 0xe7, 0x00, 0x00, 0x00, 0xbb, 0x00,
  0x07, 0xf1, 0x0f, 0x70, 0x9e, 0x00, 0x0f, 0xff, 0xff, 0xff, 0x3b, 0xc0, 0x0f, 0x70, 0x2f, 0x60,
  0x06, 0x67, 0xfd, 0x66, 0x3e, 0x70, 0x0f, 0x70, 0x0b, 0xb0, 0x00, 0x06, 0xfb, 0x00, 0x7f, 0x20,
  0x0f, 0x70, 0x07, 0xf1, 0x00, 0x0c, 0xff, 0x40, 0xeb, 0x00, 0x0f, 0x70, 0x03, 0xf3, 0x00, 0x2f,
  0xee, 0xe3, 0x84, 0x00, 0x0f, 0x70, 0x11, 0x20, 0x00, 0x9b, 0xbb, 0xad, 0x10, 0x00, 0x1f, 0x70,
  0xad, 0x00, 0x02, 0xf4, 0xbb, 0x1d, 0x30, 0x3f, 0xff, 0x42, 0xf8, 0x00, 0x0b, 0xc0, 0xbb, 0x01,
  0x00, 0x06, 0x63, 0x08, 0xf2, 0x00, 0x4f, 0x30, 0xbb, 0x00, 0x00, 0x00, 0x00, 0x5f, 0x90, 0x00,
  0x07, 0x00, 0xbb, 0x00, 0x00, 0x00, 0x04, 0xfc, 0x00, 0x00, 0x00, 0x00, 0xbb, 0x00, 0x00, 0x01,
  0x9f, 0xd1, 0x00, 0x00, 0x00, 0x00, 0xbb, 0x00, 0x04, 0x8e, 0xf8, 0x10, 0x00, 0x00, 0x00, 0x00,
  0xbb, 0x01, 0xdf, 0xea, 0x30, 0x00, 0x00, 0x00, 0x00, 0x00, 0x77, 0x00, 0x55, 0x10, 0x00, 0x00,
  0x00, 0x00, 0x00, 0x00, 0x00, 0x22, 0x00, 0x47, 0x00, 0x00, 0x00, 0x00, 0x00, 0x13, 0x7b, 0xfd,
  0x10, 0xad, 0x00, 0x00, 0x00, 0x00, 0x0c, 0xff, 0xfd, 0x61, 0x00, 0xe9, 0x00, 0x00, 0x00, 0x00,
  0x06, 0x42, 0xcb, 0x00, 0x03, 0xf4, 0x00, 0x00, 0x00, 0x00, 0x00, 0x00, 0xbb, 0x00, 0x0a, 0xff,
  0xff, 0xff, 0xff, 0xf1, 0x00, 0x00, 0xbb, 0x00, 0x2f, 0xa6, 0x6d, 0xc6, 0x66, 0x61, 0x0f, 0xff,
  0xff, 0xff, 0xde, 0x10, 0x0c, 0xa0, 0x00, 0x00, 0x06, 0x67, 0xfd, 0x6a, 0xf6, 0x00, 0x0c, 0xa0,
  0x00, 0x00, 0x00, 0x06, 0xfb, 0x01, 0x70, 0x64, 0x0c, 0xa0, 0x75, 0x00, 0x00, 0x0c, 0xff, 0x70,
  0x00, 0xe9, 0x0c, 0xa0, 0xbb, 0x00, 0x00, 0x4e, 0xdd, 0xf6, 0x03, 0xf5, 0x0c, 0xa0, 0x6f, 0x10,
  0x00, 0xb9, 0xbb, 0x7f, 0x37, 0xf1, 0x0c, 0xa0, 0x1f, 0x60, 0x04, 0xf2, 0xbb, 0x09, 0x1b, 0xc0,
  0x0c, 0xa0, 0x0c, 0xa0, 0x1d, 0xa0, 0xbb, 0x00, 0x2f, 0x60, 0x0c, 0xa0, 0x08, 0xe0, 0x4e, 0x20,
  0xbb, 0x00, 0xae, 0x10, 0x0c, 0xa0, 0x04, 0xf3, 0x04, 0x00, 0xbb, 0x00, 0xb7, 0x00, 0x0c, 0xa0,
  0x02, 0xc3, 0x00, 0x00, 0xbb, 0x00, 0x00, 0x00, 0x0c, 0xa0, 0x00, 0x00, 0x00, 0x00, 0xbb, 0x00,
  0x00, 0x00, 0x0d, 0xa0, 0x00, 0x00, 0x00, 0x00, 0xbb, 0x00, 0x00, 0x1f, 0xff, 0x70, 0x00, 0x00,
  0x00, 0x00, 0x65, 0x00, 0x00, 0x06, 0x74, 0x00, 0x00, 0x00, 0x00, 0x00, 0x00, 0x43, 0x00, 0x00,
  0x00, 0x00, 0x00, 0x00, 0x01, 0x47, 0xae, 0xfd, 0x1b, 0xff, 0xff, 0xff, 0xff, 0x20, 0x0e, 0xfe,
  0xee, 0x83, 0x0b, 0xb5, 0x55, 0x55, 0x8f, 0x20, 0x04, 0x20, 0xbb, 0x00, 0x0b, 0xa0, 0x00, 0x00,
  0x5f, 0x20, 0x00, 0x00, 0xbb, 0x00, 0x0b, 0xa0, 0x00, 0x00, 0x5f, 0x20, 0x00, 0x00, 0xbb, 0x00,
  0x0b, 0xa0, 0x00, 0x00, 0x5f, 0x20, 0x0f, 0xff, 0xff, 0xff, 0x3b, 0xb4, 0x44, 0x44, 0x8f, 0x20,
  0x06, 0x67, 0xfd, 0x66, 0x1b, 0xff, 0xff, 0xff, 0xff, 0x20, 0x00, 0x06, 0xfb, 0x00, 0x00, 0x00,
  0x00, 0x00, 0x00, 0x00, 0x00, 0x0c, 0xff, 0x40, 0x25, 0x55, 0x55, 0x55, 0x55, 0x40, 0x00, 0x3f,
  0xee, 0xe3, 0x7f, 0xff, 0xff, 0xff, 0xff, 0xc0, 0x00, 0x9b, 0xbb, 0x9e, 0x20, 0x00, 0x2f, 0x50,
  0x00, 0x00, 0x02, 0xf4, 0xbb, 0x1d, 0x20, 0x00, 0x2f, 0x50, 0x00, 0x00, 0x0b, 0xc0, 0xbb, 0x01,
  0x04, 0x44, 0x6f, 0x84, 0x44, 0x20, 0x4f, 0x40, 0xbb, 0x00, 0x1f, 0xff, 0xff, 0xff, 0xff, 0x60,
  0x06, 0x00, 0xbb, 0x00, 0x00, 0x00, 0x2f, 0x50, 0x00, 0x00, 0x00, 0x00, 0xbb, 0x00, 0x00, 0x00,
  0x2f, 0x50, 0x00, 0x00, 0x00, 0x00, 0xbb, 0x02, 0x55, 0x55, 0x6f, 0x85, 0x55, 0x51, 0x00, 0x00,
  0xbb, 0x06, 0xff, 0xff, 0xff, 0xff, 0xff, 0xf4, 0x00, 0x00, 0x66, 0x00, 0x00, 0x00, 0x00, 0x00,
  0x00, 0x00, 0x00, 0x00, 0x00, 0x00, 0x08, 0x70, 0x00, 0x00, 0x00, 0x00, 0x00, 0x00, 0x00, 0x00,
  0x0c, 0xb0, 0x00, 0x00, 0x00, 0x00, 0x09, 0xff, 0xff, 0xff, 0xff, 0xff, 0xff, 0xff, 0xff, 0xc0,
  0x09, 0xd3, 0x33, 0x7f, 0x73, 0x3f, 0x93, 0x33, 0x3c, 0xc0, 0x09, 0xd0, 0x00, 0xbe, 0x00, 0x0f,
  0x80, 0x00, 0x4b, 0xc0, 0x03, 0x40, 0x2a, 0xf5, 0x00, 0x0e, 0x90, 0x00, 0xc8, 0x10, 0x03, 0x7a,
  0xfe, 0x50, 0x56, 0x0b, 0xff, 0xff, 0xf4, 0x00, 0x07, 0xeb, 0x61, 0x00, 0xdc, 0x00, 0x23, 0x33,
  0x10, 0x00, 0x00, 0x12, 0x22, 0x25, 0xf6, 0x22, 0x22, 0x22, 0x21, 0x00, 0x00, 0x5f, 0xff, 0xff,
  0xff, 0xff, 0xff, 0xff, 0xf7, 0x00, 0x00, 0x5f, 0x10, 0x00, 0x06, 0x40, 0x00, 0x00, 0xf7, 0x00,
  0x00, 0x5f, 0x13, 0x82, 0x8f, 0xed, 0xdc, 0x00, 0xf7, 0x00, 0x00, 0x5f, 0x12, 0x9f, 0xf3, 0x00,
  0xc9, 0x00, 0xf7, 0x00, 0x00, 0x5f, 0x14, 0xdb, 0xae, 0x89, 0xd1, 0x00, 0xf7, 0x00, 0x00, 0x5f,
  0x2c, 0x60, 0x04, 0xff, 0x60, 0x00, 0xf7, 0x00, 0x00, 0x5f, 0x10, 0x00, 0x4d, 0xc7, 0xe8, 0x00,
  0xf7, 0x00, 0x00, 0x5f, 0x10, 0x7c, 0xe7, 0x00, 0x3c, 0x20, 0xf7, 0x00, 0x00, 0x5f, 0x32, 0xb8,
  0x32, 0x22, 0x22, 0x22, 0xf7, 0x00, 0x00, 0x5f, 0xff, 0xff, 0xff, 0xff, 0xff, 0xff, 0xf7, 0x00,
  0x00, 0x4b, 0x10, 0x00, 0x00, 0x00, 0x00, 0x00, 0xa4, 0x00, 0x00, 0x00, 0x00, 0x00, 0x08, 0x70,
  0x00, 0x00, 0x00, 0x00, 0x00, 0x00, 0x00, 0x00, 0x0c, 0xb0, 0x00, 0x00, 0x00, 0x00, 0x00, 0x00,
  0x00, 0x00, 0x0c, 0xb0, 0x00, 0x00, 0x00, 0x00, 0x00, 0x00, 0x00, 0x00, 0x0c, 0xb0, 0x00, 0x00,
  0x00, 0x00, 0x02, 0x77, 0x77, 0x77, 0x7e, 0xd7, 0x77, 0x77, 0x77, 0x30, 0x04, 0xff, 0xff, 0xff,
  0xff, 0xff, 0xff, 0xff, 0xff, 0x60, 0x00, 0x00, 0x00, 0x00, 0x00, 0x00, 0x00, 0x00, 0x00, 0x00,
  0x00, 0x00, 0x5c, 0x00, 0x00, 0x00, 0x03, 0xe7, 0x00, 0x00, 0x00, 0x00, 0x5f, 0x40, 0x00, 0x00,
  0x06, 0xf5, 0x00, 0x00, 0x00, 0x00, 0x1f, 0x80, 0x00, 0x00, 0x09, 0xf1, 0x00, 0x00, 0x00, 0x00,
  0x0b, 0xd0, 0x00, 0x00, 0x0d, 0xc0, 0x00, 0x00, 0x00, 0x00, 0x07, 0xf2, 0x00, 0x00, 0x2f, 0x80,
  0x00, 0x00, 0x00, 0x00, 0x03, 0xf5, 0x00, 0x00, 0x6f, 0x40, 0x00, 0x00, 0x00, 0x00, 0x01, 0xf8,
  0x00, 0x00, 0xae, 0x00, 0x00, 0x00, 0x00, 0x00, 0x00, 0xda, 0x00, 0x00, 0xe9, 0x00, 0x00, 0x00,
  0x00, 0x00, 0x00, 0xb8, 0x00, 0x04, 0xf4, 0x00, 0x00, 0x00, 0x00, 0x00, 0x00, 0x00, 0x00, 0x09,
  0xe0, 0x00, 0x00, 0x00, 0x0f, 0xff, 0xff, 0xff, 0xff, 0xff, 0xff, 0xff, 0xff, 0xf0, 0x07, 0x77,
  0x77, 0x77, 0x77, 0x77, 0x77, 0x77, 0x77, 0x70, 0x00, 0x05, 0x90, 0x00, 0x00, 0x07, 0x80, 0x00,
  0x00, 0x00, 0x00, 0x0d, 0xb0, 0x00, 0x00, 0x2f, 0x90, 0x00, 0x00, 0x00, 0x00, 0x6f, 0xff, 0xff,
  0xfb, 0x9f, 0xff, 0xff, 0xff, 0xd0, 0x02, 0xeb, 0x7f, 0x74, 0x48, 0xf9, 0x4d, 0xd4, 0x44, 0x40,
  0x0c, 0xe2, 0x0e, 0x80, 0x2e, 0xc0, 0x04, 0xf4, 0x00, 0x00, 0x1c, 0x60, 0x08, 0x60, 0x0c, 0xa0,
  0x00, 0xb6, 0x00, 0x00, 0x00, 0x04, 0x44, 0x44, 0x4d, 0xc4, 0x44, 0x44, 0x41, 0x00, 0x00, 0x1f,
  0xff, 0xff, 0xff, 0xff, 0xff, 0xff, 0xf3, 0x00, 0x00, 0x00, 0x00, 0x00, 0x0c, 0xb0, 0x00, 0x00,
  0x00, 0x00, 0x00, 0x00, 0x00, 0x00, 0x0c, 0xb0, 0x00, 0x00, 0x00, 0x00, 0x1f, 0xff, 0xff, 0xff,
  0xff, 0xff, 0xff, 0xff, 0xff, 0xf2, 0x05, 0x55, 0x55, 0x55, 0x55, 0x55, 0x5c, 0xd5, 0x55, 0x51,
  0x00, 0x00, 0x00, 0x00, 0x00, 0x00, 0x0b, 0xc0, 0x00, 0x00, 0x06, 0xff, 0xff, 0xff, 0xff, 0xff,
  0xff, 0xff, 0xff, 0x90, 0x02, 0x55, 0x5c, 0x65, 0x55, 0x55, 0x5c, 0xd5, 0x55, 0x30, 0x00, 0x00,
  0x3e, 0xd3, 0x00, 0x00, 0x0b, 0xc0, 0x00, 0x00, 0x00, 0x00, 0x02, 0xde, 0x30, 0x00, 0x0b, 0xc0,
  0x00, 0x00, 0x00, 0x00, 0x00, 0x1d, 0xb0, 0x00, 0x0b, 0xc0, 0x00, 0x00, 0x00, 0x00, 0x00, 0x02,
  0x10, 0xdf, 0xff, 0x90, 0x00, 0x00, 0x00, 0x00, 0x00, 0x00, 0x00, 0x46, 0x64, 0x00, 0x00, 0x00,
  0x00, 0x01, 0xa3, 0x00, 0x00, 0x03, 0x92, 0x00, 0x00, 0x00, 0x00, 0x07, 0xf2, 0x00, 0x00, 0x09,
  0xe1, 0x00, 0x00, 0x00, 0x00, 0x1e, 0xff, 0xff, 0xfd, 0x1e, 0xff, 0xff, 0xff, 0x90, 0x00, 0x9e,
  0x58, 0xf6, 0x43, 0xae, 0x45, 0xfa, 0x44, 0x20, 0x06, 0xf6, 0x00, 0xe8, 0x06, 0xf7, 0x00, 0x9e,
  0x10, 0x00, 0x0a, 0xb0, 0x10, 0x77, 0x01, 0x70, 0x00, 0x2d, 0x30, 0x00, 0x00, 0x1a, 0xc1, 0x05,
  0x55, 0x55, 0x55, 0x56, 0x55, 0x00, 0x00, 0x03, 0xeb, 0x0f, 0xff, 0xff, 0xff, 0xff, 0xfd, 0x00,
  0x00, 0x86, 0x4e, 0x30, 0x00, 0x00, 0x00, 0x00, 0x9d, 0x00, 0x00, 0xd9, 0x01, 0x12, 0x22, 0x22,
  0x22, 0x00, 0x9d, 0x00, 0x00, 0xd9, 0x00, 0x9f, 0xff, 0xff, 0xfb, 0x00, 0x9d, 0x00, 0x00, 0xd9,
  0x00, 0x9a, 0x00, 0x00, 0x9b, 0x00, 0x9d, 0x00, 0x00, 0xd9, 0x00, 0x9b, 0x22, 0x22, 0xab, 0x00,
  0x9d, 0x00, 0x00, 0xd9, 0x00, 0x9f, 0xff, 0xff, 0xfb, 0x00, 0x9d, 0x00, 0x00, 0xd9, 0x00, 0x9a,
  0x00, 0x00, 0x9b, 0x00, 0x9d, 0x00, 0x00, 0xd9, 0x00, 0x9a, 0x00, 0x00, 0x9b, 0x00, 0x9d, 0x00,
  0x00, 0xd9, 0x00, 0x9f, 0xff, 0xff, 0xfb, 0x00, 0x9d, 0x00, 0x00, 0xd9, 0x00, 0x23, 0x33, 0x33,
  0x32, 0x00, 0x9d, 0x00, 0x00, 0xd9, 0x00, 0x00, 0x00, 0x00, 0x05, 0xfe, 0xfa, 0x00, 0x00, 0x64,
  0x00, 0x00, 0x00, 0x00, 0x00, 0x55, 0x30, 0x00, 0x00, 0x00, 0x02, 0x60, 0x00, 0x00, 0x00, 0x00,
  0x00, 0x00, 0x00, 0x65, 0x05, 0xf0, 0x4f, 0xff, 0xff, 0xff, 0xf8, 0x00, 0x00, 0xb9, 0x05, 0xf0,
  0x15, 0xf9, 0x55, 0x59, 0xf3, 0x00, 0x00, 0xb9, 0x05, 0xf0, 0x00, 0x9d, 0x10, 0x1d, 0xb0, 0x00,
  0x00, 0xb9, 0x05, 0xf0, 0x00, 0x2e, 0xa1, 0xcd, 0x20, 0x00, 0x00, 0xb9, 0x05, 0xf0, 0x00, 0x04,
  0xfe, 0xe2, 0x00, 0x00, 0x00, 0xb9, 0x05, 0xf0, 0x00, 0x4b, 0xff, 0xd6, 0x00, 0x00, 0x00, 0xb9,
  0x05, 0xf0, 0x9e, 0xfd, 0x63, 0xcf, 0xd9, 0x40, 0x00, 0x00, 0x04, 0xca, 0xfa, 0x40, 0x00, 0x05,
  0xbf, 0x50, 0x00, 0x00, 0x02, 0xbe, 0x60, 0x01, 0x94, 0x00, 0x01, 0x00, 0x00, 0x01, 0x7e, 0xd5,
  0x33, 0x6e, 0xe7, 0x00, 0x00, 0x00, 0x00, 0x04, 0xff, 0xff, 0xff, 0xe8, 0x11, 0x61, 0x00, 0x00,
  0x00, 0x00, 0x21, 0x6d, 0xa5, 0x10, 0x03, 0xcd, 0x40, 0x00, 0x00, 0x02, 0x7d, 0xfd, 0xde, 0xef,
  0xff, 0xfe, 0xf8, 0x00, 0x00, 0xbf, 0xff, 0xff, 0xff, 0xf3, 0x21, 0x00, 0x5e, 0x30, 0x00, 0x46,
  0x5c, 0xd3, 0x17, 0xf1, 0x19, 0x60, 0x01, 0x00, 0x00, 0x01, 0xbf, 0x60, 0x07, 0xf1, 0x18, 0xfb,
  0x30, 0x00, 0x01, 0x8e, 0xe4, 0x00, 0x07, 0xf1, 0x00, 0x3c, 0xf7, 0x00, 0x04, 0xe8, 0x10, 0x2f,
  0xef, 0xc0, 0x00, 0x00, 0x8e, 0x20, 0x00, 0x10, 0x00, 0x04, 0x43, 0x10, 0x00, 0x00, 0x01, 0x00,
  0x00, 0x00, 0x52, 0x00, 0x00, 0x01, 0x93, 0x00, 0x00, 0x00, 0x00, 0x00, 0xea, 0x00, 0x00, 0x02,
  0xf4, 0x00, 0x04, 0x10, 0x00, 0x05, 0xf3, 0x00, 0x00, 0x02, 0xf4, 0x00, 0x3f, 0x70, 0x00, 0x0a,
  0xc0, 0x00, 0x6f, 0xff, 0xff, 0xff, 0xbd, 0x10, 0x00, 0x2f, 0x50, 0x00, 0x25, 0x57, 0xf8, 0x59,
  0xf6, 0x00, 0x00, 0x9c, 0x00, 0x96, 0x00, 0x02, 0xf4, 0x2e, 0xa0, 0x00, 0x02, 0xf4, 0x03, 0xf5,
  0x00, 0x02, 0xf5, 0xce, 0x10, 0x00, 0x1b, 0xd7, 0x8c, 0xb7, 0xff, 0xff, 0xff, 0xff, 0xff, 0xf3,
  0x1f, 0xfe, 0xef, 0x33, 0x66, 0x67, 0xef, 0x76, 0x66, 0x61, 0x03, 0x11, 0xe8, 0x00, 0x00, 0x2d,
  0xf5, 0x00, 0x00, 0x00, 0x00, 0x0a, 0xc0, 0x00, 0x06, 0xef, 0xa4, 0x44, 0x44, 0x00, 0x00, 0x7e,
  0x21, 0x34, 0xcf, 0xff, 0xff, 0xff, 0xff, 0x00, 0x06, 0xfd, 0xdf, 0xfa, 0xfa, 0xf5, 0x00, 0x00,
  0x7f, 0x00, 0x0d, 0xd9, 0x63, 0x01, 0x31, 0xf5, 0x00, 0x00, 0x7f, 0x00, 0x01, 0x00, 0x00, 0x00,
  0x01, 0xff, 0xff, 0xff, 0xff, 0x00, 0x00, 0x00, 0x02, 0x66, 0x01, 0xf8, 0x33, 0x33, 0x9f, 0x00,
  0x01, 0x48, 0xcf, 0xfa, 0x01, 0xf5, 0x00, 0x00, 0x7f, 0x00, 0x0f, 0xff, 0xb7, 0x30, 0x01, 0xf8,
  0x44, 0x44, 0x9f, 0x00, 0x07, 0x41, 0x00, 0x00, 0x01, 0xff, 0xff, 0xff, 0xff, 0x00, 0x00, 0x00,
  0x00, 0x00, 0x01, 0xb4, 0x00, 0x00, 0x5a, 0x00, 0x00, 0x00, 0x43, 0x00, 0x00, 0x00, 0x79, 0x00,
  0x00, 0x00, 0x00, 0x00, 0xda, 0x00, 0x00, 0x00, 0x9d, 0x00, 0x00, 0x00, 0x00, 0x04, 0xf4, 0x00,
  0x4f, 0xff, 0xff, 0xff, 0xfb, 0x00, 0x00, 0x0a, 0xc0, 0x00, 0x14, 0x44, 0xbe, 0x44, 0x43, 0x00,
  0x00, 0x2f, 0x50, 0x10, 0x00, 0x00, 0x9d, 0x00, 0x00, 0x00, 0x00, 0x9b, 0x02, 0xe3, 0x44, 0x44,
  0xbe, 0x44, 0x45, 0x20, 0x03, 0xf3, 0x09, 0xd0, 0xff, 0xff, 0xff, 0xff, 0xff, 0x80, 0x1d, 0xea,
  0xcf, 0x50, 0x00, 0x10, 0x04, 0x20, 0x2f, 0x30, 0x0d, 0xc9, 0xeb, 0x00, 0x04, 0xe5, 0x1f, 0x50,
  0x7c, 0x00, 0x00, 0x05, 0xe2, 0x00, 0x20, 0x4e, 0x6f, 0x50, 0x65, 0x00, 0x00, 0x1e, 0x60, 0x00,
  0xad, 0x32, 0x2f, 0x50, 0x00, 0x00, 0x00, 0xbd, 0x6a, 0xe0, 0x07, 0xe1, 0x3f, 0x40, 0x00, 0x00,
  0x0a, 0xff, 0xeb, 0x62, 0x55, 0x75, 0x7f, 0x75, 0x55, 0x40, 0x0c, 0x94, 0x00, 0x06, 0xff, 0xff,
  0xff, 0xff, 0xff, 0xc0, 0x00, 0x00, 0x01, 0x60, 0x00, 0x01, 0xe8, 0x00, 0x00, 0x00, 0x00, 0x04,
  0x9e, 0xf2, 0x00, 0x0a, 0xe2, 0xd8, 0x00, 0x00, 0x08, 0xdf, 0xd7, 0x10, 0x00, 0x9f, 0x60, 0x5e,
  0xb1, 0x00, 0x0e, 0xa4, 0x00, 0x00, 0x3c, 0xf7, 0x00, 0x03, 0xdd, 0x20, 0x01, 0x00, 0x00, 0x07,
  0xfd, 0x40, 0x00, 0x00, 0x2d, 0xd0, 0x00, 0x00, 0x00, 0x02, 0x70, 0x00, 0x00, 0x00, 0x02, 0x50,
  0x00, 0xbf, 0xff, 0xff, 0xff, 0xff, 0xff, 0xff, 0xfd, 0x00, 0x00, 0xbb, 0x11, 0x3f, 0x51, 0x17,
  0xf1, 0x11, 0xad, 0x00, 0x00, 0xbb, 0x00, 0x1f, 0x40, 0x06, 0xf0, 0x00, 0xad, 0x00, 0x00, 0xbf,
  0xff, 0xff, 0xff, 0xff, 0xff, 0xff, 0xfd, 0x00, 0x00, 0x12, 0x22, 0x22, 0x29, 0xf2, 0x22, 0x22,
  0x21, 0x00, 0x02, 0x33, 0x33, 0x33, 0x3a, 0xe3, 0x33, 0x33, 0x33, 0x20, 0x0a, 0xff, 0xff, 0xff,
  0xff, 0xff, 0xff, 0xff, 0xff, 0xa0, 0x00, 0x00, 0x00, 0x00, 0x0e, 0x90, 0x00, 0x00, 0x00, 0x00,
  0x00, 0x59, 0x00, 0xee, 0xef, 0xee, 0xee, 0xee, 0xe0, 0x00, 0x00, 0x8f, 0x00, 0xf6, 0x00, 0x00,
  0x00, 0x07, 0xf0, 0x00, 0x00, 0x8f, 0x00, 0xfe, 0xdd, 0xdd, 0xdd, 0xde, 0xf0, 0x00, 0x00, 0x8f,
  0x00, 0xf6, 0x00, 0x00, 0x00, 0x07, 0xf0, 0x00, 0x00, 0x8f, 0x00, 0xfe, 0xdd, 0xdd, 0xdd, 0xde,
  0xf0, 0x00, 0x00, 0x8f, 0x00, 0xf6, 0x00, 0x00, 0x00, 0x07, 0xf0, 0x00, 0x00, 0x8f, 0x00, 0xfe,
  0xee, 0xee, 0xee, 0xee, 0xf0, 0x00, 0x00, 0x8f, 0x00, 0x00, 0x00, 0x00, 0x00, 0x00, 0x00, 0x00,
  0x00, 0x8f, 0x33, 0x33, 0x33, 0x33, 0x33, 0x33, 0x33, 0x30, 0x00, 0x8f, 0xff, 0xff, 0xff, 0xff,
  0xff, 0xff, 0xff, 0xf3, 0x00, 0x7c, 0x00, 0x00, 0x00, 0x00, 0x00, 0x00, 0x00, 0x00, 0x00, 0x00,
  0x00, 0x01, 0xb4, 0x00, 0x00, 0x00, 0x00, 0x00, 0x00, 0x00, 0x00, 0x02, 0xf6, 0x00, 0x00, 0x00,
  0x98, 0x00, 0x00, 0x00, 0x00, 0x02, 0xf6, 0x00, 0x00, 0x06, 0xf8, 0x00, 0x00, 0x3f, 0xff, 0xff,
  0xff, 0xff, 0xff, 0xaf, 0xb0, 0x00, 0x00, 0x16, 0x66, 0x67, 0xfa, 0x66, 0x69, 0xfd, 0x10, 0x00,
  0x00, 0x00, 0x00, 0x02, 0xf6, 0x00, 0x2e, 0xe2, 0x00, 0x00, 0x00, 0x00, 0x00, 0x02, 0xf6, 0x02,
  0xde, 0x30, 0x00, 0x00, 0x06, 0x66, 0x66, 0x67, 0xfa, 0x6d, 0xfa, 0x66, 0x66, 0x60, 0x0f, 0xff,
  0xff, 0xff, 0xff, 0xff, 0xff, 0xff, 0xff, 0xf0, 0x00, 0x00, 0x00, 0x01, 0xaf, 0xa1, 0x00, 0x00,
  0x00, 0x00, 0x00, 0x00, 0x00, 0x6e, 0xf7, 0x00, 0x00, 0x00, 0x00, 0x00, 0x00, 0x00, 0x3b, 0xff,
  0x30, 0x00, 0x02, 0x99, 0x00, 0x00, 0x00, 0x4b, 0xfe, 0xde, 0x00, 0x15, 0xbf, 0xfa, 0x20, 0x00,
  0x1c, 0xfe, 0x81, 0x9e, 0x6b, 0xff, 0xc7, 0x10, 0x00, 0x00, 0x09, 0x81, 0x00, 0x9f, 0xea, 0x62,
  0x00, 0x00, 0x00, 0x00, 0x00, 0x00, 0x00, 0x9e, 0x00, 0x00, 0x00, 0x00, 0x2a, 0x20, 0x00, 0x00,
  0x00, 0x9e, 0x00, 0x00, 0x00, 0x00, 0x4f, 0x30, 0x00, 0x00, 0x00, 0x8f, 0x30, 0x00, 0x00, 0x01,
  0xae, 0x00, 0x00, 0x00, 0x00, 0x3f, 0xff, 0xff, 0xff, 0xff, 0xf8, 0x00, 0x00, 0x00, 0x00, 0x01,
  0x45, 0x66, 0x66, 0x65, 0x30, 0x00, 0x00, 0x00, 0x83, 0x00, 0x00, 0x09, 0x50, 0x00, 0x00, 0x00,
  0x00, 0x04, 0xf5, 0x00, 0x00, 0x0f, 0x80, 0x00, 0x00, 0x00, 0x00, 0x09, 0xe0, 0x2e, 0x40, 0x0f,
  0x80, 0x03, 0xa9, 0x00, 0x00, 0x1e, 0x70, 0x0b, 0xd0, 0x0f, 0x85, 0xbf, 0xb5, 0x00, 0x00, 0x7f,
  0x33, 0x36, 0xf7, 0x0f, 0xfc, 0x72, 0x00, 0x00, 0x2f, 0xff, 0xff, 0xff, 0xfe, 0x1f, 0x80, 0x00,
  0x01, 0x10, 0x17, 0x65, 0x43, 0x21, 0x2e, 0x4f, 0x80, 0x00, 0x05, 0xf1, 0x00, 0x44, 0x44, 0x44,
  0x41, 0x0e, 0xa0, 0x00, 0x08, 0xe0, 0x00, 0xff, 0xff, 0xff, 0xf2, 0x0b, 0xff, 0xff, 0xff, 0x90,
  0x00, 0xf6, 0x00, 0x05, 0xf2, 0x00, 0x45, 0x66, 0x64, 0x00, 0x00, 0xf6, 0x00, 0x05, 0xf2, 0x0d,
  0x70, 0x00, 0x00, 0x00, 0x00, 0xff, 0xff, 0xff, 0xf2, 0x0f, 0x70, 0x00, 0x59, 0x00, 0x00, 0xf8,
  0x33, 0x37, 0xf2, 0x0f, 0x70, 0x5c, 0xfc, 0x20, 0x00, 0xf6, 0x00, 0x05, 0xf2, 0x0f, 0xce, 0xfb,
  0x50, 0x00, 0x00, 0xff, 0xff, 0xff, 0xf2, 0x0f, 0xd6, 0x20, 0x00, 0x00, 0x00, 0xf8, 0x33, 0x37,
  0xf2, 0x0f, 0x70, 0x00, 0x00, 0x81, 0x00, 0xf6, 0x00, 0x05, 0xf2, 0x0f, 0x70, 0x00, 0x01, 0xf4,
  0x00, 0xf6, 0x00, 0x06, 0xf2, 0x0e, 0x90, 0x00, 0x05, 0xf2, 0x00, 0xf6, 0x08, 0xff, 0xe0, 0x0b,
  0xff, 0xff, 0xff, 0xb0, 0x00, 0x62, 0x02, 0x54, 0x10, 0x00, 0x45, 0x55, 0x54, 0x10, 0x00, 0x00,
  0x00, 0x00, 0x0a, 0x60, 0x00, 0x00, 0x00, 0x00, 0x00, 0x00, 0x00, 0x00, 0x4f, 0x60, 0x00, 0x00,
  0x00, 0x00, 0x00, 0x00, 0x00, 0x00, 0x8e, 0x10, 0x00, 0x00, 0x00, 0x00, 0x00, 0x0b, 0xff, 0xff,
  0xff, 0xff, 0xff, 0xff, 0xf1, 0x00, 0x00, 0x0b, 0xd7, 0x77, 0x77, 0x77, 0x77, 0x7b, 0xf1, 0x00,
  0x00, 0x0b, 0xb0, 0x00, 0x00, 0x00, 0x00, 0x08, 0xf1, 0x00, 0x00, 0x0b, 0xb0, 0x00, 0x00, 0x00,
  0x00, 0x08, 0xf1, 0x00, 0x00, 0x0b, 0xb0, 0x00, 0x00, 0x00, 0x00, 0x08, 0xf1, 0x00, 0x00, 0x0b,
  0xff, 0xff, 0xff, 0xff, 0xff, 0xff, 0xf1, 0x00, 0x00, 0x0b, 0xd6, 0x66, 0x66, 0x66, 0x66, 0x6b,
  0xf1, 0x00, 0x00, 0x0b, 0xb0, 0x00, 0x00, 0x00, 0x00, 0x08, 0xf1, 0x00, 0x00, 0x0b, 0xb0, 0x00,
  0x00, 0x00, 0x00, 0x08, 0xf1, 0x00, 0x00, 0x0b, 0xd6, 0x66, 0x66, 0x66, 0x66, 0x6b, 0xf1, 0x00,
  0x00, 0x0b, 0xff, 0xff, 0xff, 0xff, 0xff, 0xff, 0xf1, 0x00, 0x00, 0x0b, 0xb0, 0x00, 0x00, 0x00,
  0x00, 0x08, 0xf1, 0x00, 0x00, 0x0b, 0xb0, 0x00, 0x00, 0x00, 0x00, 0x08, 0xf1, 0x00, 0x00, 0x0b,
  0xb0, 0x00, 0x00, 0x00, 0x00, 0x08, 0xf1, 0x00, 0x00, 0x0b, 0xff, 0xff, 0xff, 0xff, 0xff, 0xff,
  0xf1, 0x00, 0x00, 0x0b, 0xd6, 0x66, 0x66, 0x66, 0x66, 0x6b, 0xf1, 0x00, 0x00, 0x07, 0x80, 0x00,
  0x00, 0x00, 0x00, 0x04, 0x80, 0x00, 0x00, 0x00, 0x02, 0x92, 0x00, 0x00, 0x29, 0x20, 0x00, 0x00,
  0x00, 0x00, 0x03, 0xf4, 0x00, 0x00, 0x4f, 0x30, 0x00, 0x00, 0x0d, 0xff, 0xff, 0xff, 0xff, 0xff,
  0xff, 0xff, 0xff, 0xe0, 0x04, 0x55, 0x57, 0xf7, 0x55, 0x55, 0x8f, 0x75, 0x55, 0x40, 0x00, 0x00,
  0x02, 0x92, 0x00, 0x01, 0x39, 0x20, 0x00, 0x00, 0x00, 0x00, 0x00, 0x89, 0x00, 0x0a, 0xd0, 0x00,
  0x00, 0x00, 0x00, 0x6f, 0x00, 0xac, 0x00, 0x0e, 0xb4, 0x44, 0x44, 0x10, 0x00, 0x6f, 0x00, 0xac,
  0x00, 0x5f, 0xff, 0xff, 0xff, 0x20, 0x00, 0x6f, 0x00, 0xac, 0x00, 0xcc, 0x05, 0x40, 0x00, 0x00,
  0x00, 0x6f, 0x00, 0xac, 0x06, 0xf5, 0x08, 0xe2, 0x00, 0x00, 0x00, 0x6f, 0x00, 0xac, 0x0b, 0xb0,
  0x00, 0xcc, 0x00, 0x00, 0x00, 0x4b, 0x00, 0xac, 0x01, 0x10, 0x00, 0x4f, 0x40, 0x00, 0x00, 0x00,
  0x00, 0x34, 0x00, 0x00, 0x00, 0x04, 0x00, 0x00, 0x00, 0x0d, 0xff, 0xff, 0xff, 0xff, 0xff, 0xff,
  0xf0, 0x00, 0x00, 0x0d, 0xa3, 0x3b, 0xb3, 0x3a, 0xc3, 0x39, 0xf0, 0x00, 0x00, 0x0d, 0x80, 0x0a,
  0x90, 0x09, 0xb0, 0x07, 0xf0, 0x00, 0x00, 0x0d, 0x80, 0x0a, 0x90, 0x09, 0xb0, 0x07, 0xf0, 0x00,
  0x04, 0x4e, 0xa4, 0x4c, 0xb4, 0x4b, 0xc4, 0x49, 0xf4, 0x40, 0x1f, 0xff, 0xff, 0xff, 0xff, 0xff,
  0xff, 0xff, 0xff, 0xf2, 0x00, 0x00, 0x37, 0x00, 0x00, 0x00, 0x00, 0x00, 0x00, 0x00, 0x00, 0x00,
  0x7e, 0x00, 0x00, 0x00, 0x00, 0x00, 0x00, 0x00, 0x00, 0x00, 0x7e, 0x00, 0x02, 0x77, 0x77, 0x77,
  0x77, 0x60, 0x00, 0x00, 0x7e, 0x00, 0x05, 0xff, 0xff, 0xff, 0xff, 0xd0, 0x02, 0x44, 0x9e, 0x44,
  0x30, 0x00, 0x08, 0xf0, 0x00, 0x00, 0x07, 0xff, 0xff, 0xff, 0xd0, 0x00, 0x08, 0xf0, 0x00, 0x00,
  0x07, 0xb0, 0x5c, 0x05, 0xd0, 0x00, 0x08, 0xf0, 0x00, 0x00, 0x07, 0xb0, 0x5c, 0x05, 0xd0, 0x00,
  0x08, 0xf0, 0x00, 0x00, 0x07, 0xb0, 0x5c, 0x05, 0xd0, 0x00, 0x08, 0xf0, 0x00, 0x00, 0x07, 0xb0,
  0x5c, 0x05, 0xd0, 0x00, 0x08, 0xf0, 0x00, 0x00, 0x07, 0xc4, 0x8d, 0x48, 0xd0, 0x00, 0x08, 0xf0,
  0x00, 0x00, 0x07, 0xff, 0xff, 0xff, 0xd0, 0x00, 0x08, 0xf0, 0x00, 0x00, 0x07, 0xb0, 0x7e, 0x00,
  0x00, 0x00, 0x08, 0xf0, 0x00, 0x00, 0x00, 0x00, 0x7e, 0x05, 0x60, 0x00, 0x08, 0xf0, 0x00, 0x00,
  0x00, 0x00, 0x7e, 0x06, 0xe0, 0x00, 0x08, 0xf0, 0x00, 0x00, 0x00, 0x00, 0x7e, 0x6a, 0xf4, 0x00,
  0x08, 0xf0, 0x00, 0x00, 0x17, 0xad, 0xff, 0xec, 0xd9, 0x00, 0x08, 0xf0, 0x00, 0x00, 0x1f, 0xd9,
  0x63, 0x00, 0x6d, 0xff, 0xff, 0xff, 0xff, 0xf3, 0x01, 0x00, 0x00, 0x00, 0x05, 0x77, 0x77, 0x77,
  0x77, 0x72, 0x00, 0x00, 0x08, 0x30, 0x00, 0x00, 0x00, 0x00, 0x00, 0x00, 0x00, 0x00, 0x9f, 0x40,
  0x27, 0x77, 0x77, 0x77, 0x77, 0x30, 0x00, 0x08, 0xf6, 0x00, 0x5f, 0xff, 0xff, 0xff, 0xff, 0x80,
  0x00, 0x9f, 0x80, 0x00, 0x00, 0x00, 0x00, 0x00, 0x00, 0x00, 0x1b, 0xf8, 0x00, 0x10, 0x00, 0x00,
  0x00, 0x00, 0x00, 0x00, 0x1d, 0x60, 0x05, 0xe4, 0x00, 0x00, 0x00, 0x00, 0x00, 0x00, 0x01, 0x00,
  0x2e, 0xc0, 0x00, 0x00, 0x00, 0x00, 0x00, 0x00, 0x00, 0x00, 0xbf, 0x31, 0x77, 0x77, 0x77, 0x77,
  0x77, 0x71, 0x00, 0x08, 0xf7, 0x03, 0xff, 0xff, 0xff, 0xff, 0xff, 0xf1, 0x00, 0x7f, 0xf5, 0x00,
  0x00, 0x00, 0x00, 0x7f, 0x10, 0x00, 0x08, 0xfc, 0xf5, 0x00, 0x00, 0x00, 0x00, 0x7f, 0x10, 0x00,
  0x4f, 0xa3, 0xf5, 0x00, 0x00, 0x00, 0x00, 0x7f, 0x10, 0x00, 0x05, 0x03, 0xf5, 0x00, 0x00, 0x00,
  0x00, 0x7f, 0x10, 0x00, 0x00, 0x03, 0xf5, 0x00, 0x00, 0x00, 0x00, 0x7f, 0x10, 0x00, 0x00, 0x03,
  0xf5, 0x00, 0x00, 0x00, 0x00, 0x7f, 0x10, 0x00, 0x00, 0x03, 0xf5, 0x00, 0x00, 0x00, 0x00, 0x7f,
  0x10, 0x00, 0x00, 0x03, 0xf5, 0x00, 0x00, 0x00, 0x00, 0x7f, 0x10, 0x00, 0x00, 0x03, 0xf5, 0x00,
  0x00, 0x00, 0x00, 0x7f, 0x10, 0x00, 0x00, 0x03, 0xf5, 0x00, 0x00, 0x0e, 0xee, 0xfd, 0x00, 0x00,
  0x00, 0x02, 0x93, 0x00, 0x00, 0x05, 0x77, 0x51, 0x00, 0x00, 0x00, 0x00, 0x00, 0x00, 0x08, 0x70,
  0x00, 0x00, 0x00, 0x00, 0x00, 0x00, 0x00, 0x00, 0x0c, 0xb0, 0x00, 0x00, 0x00, 0x00, 0x00, 0xff,
  0xff, 0xff, 0xff, 0xff, 0xff, 0xff, 0xff, 0x00, 0x00, 0x55, 0x55, 0x55, 0x5d, 0xc5, 0x55, 0x55,
  0x55, 0x00, 0x00, 0x00, 0x00, 0x00, 0x0c, 0xb0, 0x00, 0x00, 0x00, 0x00, 0x00, 0x2f, 0xff, 0xff,
  0xff, 0xff, 0xff, 0xff, 0xf4, 0x00, 0x00, 0x04, 0x44, 0x44, 0x4d, 0xc4, 0x44, 0x44, 0x41, 0x00,
  0x00, 0x00, 0x00, 0x00, 0x0c, 0xb0, 0x00, 0x00, 0x00, 0x00, 0x03, 0x44, 0x44, 0x44, 0x4d, 0xc4,
  0x44, 0x44, 0x44, 0x30, 0x0b, 0xff, 0xff, 0xff, 0xff, 0xff, 0xff, 0xff, 0xff, 0xb0, 0x00, 0x00,
  0x00, 0x07, 0xfa, 0xcb, 0x00, 0x00, 0x11, 0x00, 0x00, 0x00, 0x03, 0xbf, 0x80, 0x5f, 0x30, 0x02,
  0xcc, 0x00, 0x00, 0x02, 0x9f, 0xf4, 0x00, 0x0e, 0xa0, 0x4e, 0xd3, 0x00, 0x05, 0xaf, 0xeb, 0xf1,
  0x00, 0x08, 0xfa, 0xf9, 0x10, 0x00, 0x2e, 0xd6, 0x06, 0xf1, 0x00, 0x00, 0xdf, 0x50, 0x00, 0x00,
  0x02, 0x00, 0x06, 0xf1, 0x00, 0x00, 0x4f, 0xc1, 0x00, 0x00, 0x00, 0x00, 0x06, 0xf1, 0x26, 0xae,
  0x26, 0xfd, 0x20, 0x00, 0x00, 0x00, 0x29, 0xfe, 0xff, 0xc8, 0x10, 0x5f, 0xf9, 0x20, 0x00, 0x1e,
  0xff, 0xd9, 0x51, 0x00, 0x00, 0x03, 0xaf, 0xf2, 0x00, 0x08, 0x62, 0x00, 0x00, 0x00, 0x00, 0x00,
  0x03, 0x50, 0x00, 0x00, 0x32, 0x00, 0x00, 0x00, 0x00, 0x00, 0x00, 0x00, 0x00, 0x00, 0xd9, 0x00,
  0x02, 0x55, 0x55, 0x55, 0x55, 0x00, 0x00, 0x00, 0xd9, 0x00, 0x07, 0xff, 0xff, 0xff, 0xff, 0x00,
  0x00, 0x00, 0xd9, 0x00, 0x07, 0xe0, 0x00, 0x00, 0x8f, 0x00, 0x0b, 0xff, 0xff, 0xff, 0x57, 0xe0,
  0x05, 0x20, 0x8f, 0x00, 0x04, 0x66, 0xeb, 0x66, 0x27, 0xe0, 0x0f, 0x70, 0x8f, 0x00, 0x00, 0x00,
  0xd9, 0x00, 0x07, 0xe0, 0x0f, 0x70, 0x8f, 0x00, 0x00, 0x00, 0xd9, 0x00, 0x07, 0xe0, 0x0f, 0x70,
  0x8f, 0x00, 0x16, 0x66, 0xeb, 0x66, 0x37, 0xe0, 0x0f, 0x60, 0x8f, 0x00, 0x2f, 0xff, 0xff, 0xff,
  0x87, 0xe0, 0x1f, 0x60, 0x8f, 0x00, 0x00, 0x00, 0xf7, 0x00, 0x07, 0xe0, 0x2f, 0x50, 0x8f, 0x00,
  0x00, 0x01, 0xf8, 0x00, 0x07, 0xe0, 0x4f, 0x30, 0x8f, 0x00, 0x00, 0x04, 0xff, 0x50, 0x05, 0x90,
  0x8f, 0xf1, 0x59, 0x00, 0x00, 0x07, 0xe9, 0xe3, 0x00, 0x00, 0xde, 0xf1, 0x00, 0x00, 0x00, 0x0b,
  0xa0, 0xcd, 0x10, 0x05, 0xf8, 0xf1, 0x00, 0x30, 0x00, 0x3f, 0x50, 0x2e, 0x70, 0x1d, 0xb4, 0xf1,
  0x01, 0xf2, 0x00, 0xbe, 0x00, 0x04, 0x01, 0xce, 0x24, 0xf1, 0x02, 0xf1, 0x08, 0xf6, 0x00, 0x00,
  0x3d, 0xe3, 0x04, 0xf2, 0x05, 0xe0, 0x1e, 0xa0, 0x00, 0x05, 0xfd, 0x30, 0x01, 0xef, 0xff, 0x80,
  0x02, 0x00, 0x00, 0x01, 0x60, 0x00, 0x00, 0x13, 0x32, 0x00, 0x00, 0x04, 0x91, 0x00, 0x00, 0x00,
  0x00, 0x00, 0x00, 0x00, 0x00, 0x0a, 0xd0, 0x00, 0x00, 0x44, 0x44, 0x44, 0x44, 0x30, 0x00, 0x1e,
  0xff, 0xfd, 0x10, 0xff, 0xff, 0xff, 0xff, 0xa0, 0x00, 0x5f, 0x43, 0xbc, 0x00, 0x00, 0x6e, 0x00,
  0x0b, 0x90, 0x00, 0xbb, 0x01, 0xe6, 0x00, 0x00, 0xcb, 0x00, 0x0c, 0x80, 0x04, 0xf7, 0x26, 0xf3,
  0x21, 0x05, 0xf5, 0x00, 0x0e, 0x70, 0x1d, 0xff, 0xff, 0xff, 0xf6, 0x4e, 0xb0, 0x23, 0x4f, 0x50,
  0x1a, 0xe7, 0x0b, 0x50, 0xdc, 0xfc, 0x10, 0x6f, 0xfb, 0x10, 0x00, 0xc7, 0x0b, 0x50, 0xd7, 0x69,
  0x60, 0xf7, 0x10, 0x00, 0x00, 0xcf, 0xff, 0xff, 0xf6, 0x1f, 0x50, 0xf6, 0x00, 0x00, 0x00, 0xc8,
  0x2c, 0x62, 0xd6, 0x5f, 0xff, 0xff, 0xff, 0xd0, 0x00, 0xd6, 0x0b, 0x50, 0xd6, 0xcb, 0x55, 0xf9,
  0x55, 0x40, 0x00, 0xe6, 0x0b, 0x50, 0xda, 0xf3, 0x00, 0xf6, 0x00, 0x00, 0x00, 0xff, 0xff, 0xff,
  0xf6, 0x40, 0x00, 0xf6, 0x00, 0x00, 0x01, 0xf6, 0x33, 0x33, 0xda, 0xff, 0xff, 0xff, 0xff, 0xf4,
  0x03, 0xf1, 0x00, 0x00, 0xd8, 0x55, 0x55, 0xf9, 0x55, 0x51, 0x06, 0xd0, 0x00, 0x00, 0xd6, 0x00,
  0x00, 0xf6, 0x00, 0x00, 0x0b, 0x80, 0x00, 0x00, 0xe6, 0x00, 0x00, 0xf6, 0x00, 0x00, 0x2f, 0x20,
  0x04, 0xff, 0xf3, 0x00, 0x00, 0xf6, 0x00, 0x00, 0x02, 0x00, 0x00, 0x44, 0x10, 0x00, 0x00, 0x83,
  0x00, 0x00, 0x00, 0x05, 0x80, 0x00, 0x00, 0x00, 0x05, 0x90, 0x00, 0x00, 0x00, 0x0b, 0xb0, 0x00,
  0x00, 0x00, 0x07, 0xd0, 0x00, 0x00, 0x00, 0x1f, 0xff, 0xfb, 0x00, 0x00, 0x07, 0xd0, 0x00, 0x00,
  0x00, 0x6f, 0x33, 0xe8, 0x00, 0x00, 0x07, 0xd0, 0x00, 0x00, 0x00, 0xca, 0x04, 0xf2, 0x00, 0x44,
  0x49, 0xe4, 0x44, 0x20, 0x05, 0xf6, 0x2a, 0xc2, 0x20, 0xef, 0xff, 0xff, 0xff, 0x70, 0x1e, 0xff,
  0xff, 0xff, 0xf1, 0xe6, 0x07, 0xd0, 0x0d, 0x70, 0x1a, 0xe5, 0x0f, 0x13, 0xf1, 0xe6, 0x07, 0xd0,
  0x0d, 0x70, 0x00, 0xd5, 0x0f, 0x13, 0xf1, 0xe6, 0x07, 0xd0, 0x0d, 0x70, 0x00, 0xdf, 0xff, 0xff,
  0xf1, 0xe6, 0x07, 0xd0, 0x0d, 0x70, 0x00, 0xd7, 0x2f, 0x34, 0xf1, 0xe6, 0x07, 0xd0, 0x0d, 0x70,
  0x00, 0xe5, 0x0f, 0x13, 0xf1, 0xef, 0xff, 0xff, 0xff, 0x70, 0x00, 0xf7, 0x3f, 0x45, 0xf1, 0x45,
  0x5a, 0xe5, 0x55, 0x20, 0x01, 0xff, 0xff, 0xff, 0xf1, 0x00, 0x07, 0xd0, 0x62, 0x00, 0x01, 0xf2,
  0x00, 0x03, 0xf1, 0x00, 0x07, 0xd0, 0xba, 0x00, 0x03, 0xf0, 0x00, 0x03, 0xf1, 0x00, 0x07, 0xd0,
  0x5f, 0x20, 0x07, 0xd0, 0x00, 0x03, 0xf1, 0x00, 0x08, 0xe4, 0x6f, 0x80, 0x0b, 0xa0, 0x00, 0x03,
  0xf6, 0xbd, 0xef, 0xff, 0xff, 0xd0, 0x2f, 0x50, 0x03, 0x47, 0xf6, 0xdb, 0x97, 0x64, 0x24, 0xf2,
  0x1b, 0x00, 0x06, 0xfe, 0x90, 0x00, 0x00, 0x00, 0x00, 0x81, 0x00, 0x00, 0x00, 0x00, 0x00, 0x00,
  0x00, 0x00, 0x00, 0x00, 0x00, 0x05, 0x90, 0x0b, 0x30, 0x00, 0x66, 0x00, 0x00, 0x00, 0x0d, 0xff,
  0xff, 0xff, 0xff, 0x81, 0xe7, 0x00, 0x00, 0x00, 0x00, 0x3a, 0xc0, 0x0b, 0x30, 0x08, 0xff, 0xff,
  0xff, 0xf0, 0x01, 0xdf, 0xdd, 0xdd, 0xd9, 0x5f, 0xf4, 0x13, 0xf4, 0x10, 0x0b, 0xd0, 0x00, 0x00,
  0xaa, 0xe7, 0x9c, 0x0a, 0xc0, 0x00, 0x1b, 0xbc, 0xcc, 0xa0, 0xb9, 0x10, 0x1d, 0xce, 0x20, 0x00,
  0x00, 0xb5, 0x04, 0xc0, 0xc7, 0x00, 0x4c, 0xfc, 0x30, 0x00, 0x00, 0xbd, 0xcd, 0xd7, 0xf5, 0x7d,
  0xf8, 0x2a, 0xfb, 0x51, 0x00, 0x00, 0x00, 0x29, 0x70, 0x56, 0x10, 0x00, 0x4a, 0xc0, 0x00, 0x00,
  0x6c, 0xcc, 0xcc, 0xcc, 0xcc, 0xc7, 0x00, 0x00, 0x00, 0x00, 0x00, 0x00, 0x00, 0x00, 0x00, 0x00,
  0x00, 0x00, 0x1e, 0xee, 0xee, 0xee, 0xee, 0xee, 0xee, 0xee, 0xee, 0xe1, 0x00, 0x00, 0x66, 0x66,
  0x66, 0x66, 0x66, 0x66, 0x00, 0x00, 0x00, 0x00, 0x66, 0x66, 0x66, 0x66, 0x66, 0x66, 0x00, 0x00,
  0x00, 0x00, 0xcc, 0xcc, 0xcc, 0xcc, 0xcc, 0xcc, 0x00, 0x00, 0x00, 0x00, 0x00, 0x00, 0x00, 0x00,
  0x00, 0x00, 0x00, 0x00, 0x00, 0x02, 0xfe, 0xdd, 0xdd, 0xdd, 0xdd, 0xef, 0x20, 0x00, 0x00, 0x02,
  0xf4, 0x00, 0x00, 0x00, 0x00, 0x5f, 0x20, 0x00, 0x00, 0x02, 0xfe, 0xdd, 0xdd, 0xdd, 0xdd, 0xef,
  0x20, 0x00, 0x00, 0x01, 0x93, 0x00, 0x00, 0x00, 0x00, 0x38, 0x10, 0x00, 0x00, 0x01, 0x00, 0x00,
  0x00, 0x00, 0x59, 0x00, 0x00, 0x00, 0x00, 0x0c, 0x90, 0x00, 0x00, 0x00, 0x9e, 0x00, 0x00, 0x00,
  0x00, 0x06, 0xfa, 0x00, 0x00, 0x00, 0x9e, 0x00, 0x00, 0x00, 0x00, 0x00, 0x7f, 0x90, 0x00, 0x00,
  0x9d, 0x00, 0x00, 0x00, 0x00, 0x00, 0x08, 0x40, 0x00, 0x00, 0x9d, 0x00, 0x00, 0x00, 0x00, 0x00,
  0x00, 0x00, 0x00, 0x00, 0xac, 0x00, 0x00, 0x00, 0x00, 0x00, 0x00, 0x00, 0x00, 0x00, 0xbc, 0x00,
  0x00, 0x00, 0x1f, 0xff, 0xfb, 0x00, 0x00, 0x00, 0xdd, 0x00, 0x00, 0x00, 0x07, 0x77, 0xdb, 0x00,
  0x00, 0x00, 0xef, 0x10, 0x00, 0x00, 0x00, 0x00, 0xbb, 0x00, 0x00, 0x01, 0xff, 0x40, 0x00, 0x00,
  0x00, 0x00, 0xbb, 0x00, 0x00, 0x02, 0xff, 0x80, 0x00, 0x00, 0x00, 0x00, 0xbb, 0x00, 0x00, 0x06,
  0xfc, 0xc0, 0x00, 0x00, 0x00, 0x00, 0xbb, 0x00, 0x00, 0x09, 0xe5, 0xf2, 0x00, 0x00, 0x00, 0x00,
  0xbb, 0x00, 0x00, 0x0e, 0xa1, 0xe9, 0x00, 0x00, 0x00, 0x00, 0xbb, 0x1a, 0x70, 0x6f, 0x40, 0x8f,
  0x20, 0x00, 0x00, 0x00, 0xbd, 0xde, 0x40, 0xdd, 0x00, 0x2f, 0x90, 0x00, 0x00, 0x00, 0xef, 0xc2,
  0x08, 0xf4, 0x00, 0x08, 0xf5, 0x00, 0x00, 0x08, 0xf8, 0x00, 0x6f, 0xa0, 0x00, 0x00, 0xce, 0x40,
  0x00, 0x03, 0x50, 0x04, 0xfb, 0x10, 0x00, 0x00, 0x2d, 0xf2, 0x00, 0x00, 0x00, 0x00, 0x61, 0x00,
  0x00, 0x00, 0x01, 0x50, 0x00, 0x00, 0x00, 0x00, 0x00, 0x00, 0x00, 0x00, 0x00, 0x00, 0x00, 0x2c,
  0x20, 0x00, 0x00, 0x00, 0x00, 0x00, 0x00, 0x00, 0x00, 0x2d, 0xe2, 0x00, 0x9f, 0xff, 0xff, 0xff,
  0xfc, 0x00, 0x00, 0x02, 0xde, 0x20, 0x58, 0x88, 0x88, 0x88, 0xdc, 0x00, 0x00, 0x00, 0x2e, 0x50,
  0x00, 0x00, 0x00, 0x00, 0xac, 0x00, 0x00, 0x00, 0x01, 0x00, 0x00, 0x00, 0x00, 0x00, 0xac, 0x00,
  0x17, 0x77, 0x74, 0x00, 0x00, 0x00, 0x00, 0x00, 0xac, 0x00, 0x1f, 0xff, 0xf9, 0x00, 0x00, 0x00,
  0x00, 0x00, 0xac, 0x00, 0x00, 0x00, 0xd9, 0x00, 0x27, 0x77, 0x77, 0x77, 0xcc, 0x00, 0x00, 0x00,
  0xd9, 0x00, 0x4f, 0xff, 0xff, 0xff, 0xfc, 0x00, 0x00, 0x00, 0xd9, 0x00, 0x4f, 0x40, 0x00, 0x00,
  0xac, 0x00, 0x00, 0x00, 0xd9, 0x00, 0x4f, 0x40, 0x00, 0x00, 0x22, 0x00, 0x00, 0x00, 0xd9, 0x00,
  0x4f, 0x40, 0x00, 0x00, 0x00, 0x00, 0x00, 0x00, 0xd9, 0x00, 0x4f, 0x40, 0x00, 0x00, 0x00, 0x00,
  0x00, 0x00, 0xd9, 0x02, 0x4f, 0x40, 0x00, 0x00, 0x02, 0x50, 0x00, 0x00, 0xd9, 0x8e, 0x4f, 0x40,
  0x00, 0x00, 0x04, 0xf3, 0x00, 0x00, 0xff, 0xf8, 0x4f, 0x40, 0x00, 0x00, 0x06, 0xf1, 0x00, 0x05,
  0xfe, 0x40, 0x3f, 0x80, 0x00, 0x00, 0x1b, 0xd0, 0x00, 0x09, 0xc2, 0x00, 0x0d, 0xff, 0xff, 0xff,
  0xff, 0x70, 0x00, 0x01, 0x10, 0x00, 0x01, 0x57, 0x77, 0x77, 0x64, 0x00, 0x00, 0x02, 0x00, 0x00,
  0x00, 0x00, 0x00, 0x00, 0x00, 0x00, 0x00, 0x4f, 0x50, 0x00, 0x03, 0xff, 0xff, 0xff, 0x30, 0x00,
  0x00, 0x09, 0xf6, 0x00, 0x03, 0xf8, 0x66, 0x8f, 0x30, 0x00, 0x00, 0x00, 0xaf, 0x30, 0x03, 0xf3,
  0x00, 0x3f, 0x30, 0x00, 0x00, 0x00, 0x19, 0x00, 0x05, 0xf2, 0x00, 0x3f, 0x30, 0x00, 0x00, 0x00,
  0x00, 0x00, 0x0a, 0xd0, 0x00, 0x3f, 0x30, 0x00, 0x00, 0x00, 0x00, 0x00, 0x4f, 0x80, 0x00, 0x3f,
  0x74, 0x50, 0x2f, 0xff, 0xf2, 0x07, 0xfc, 0x00, 0x00, 0x0c, 0xff, 0xe0, 0x17, 0x79, 0xf2, 0x1c,
  0x91, 0x00, 0x00, 0x00, 0x00, 0x00, 0x00, 0x05, 0xf2, 0x02, 0x66, 0x66, 0x66, 0x66, 0x64, 0x00,
  0x00, 0x05, 0xf2, 0x05, 0xff, 0xff, 0xff, 0xff, 0xfb, 0x00, 0x00, 0x05, 0xf2, 0x00, 0x5f, 0x20,
  0x00, 0x03, 0xf5, 0x00, 0x00, 0x05, 0xf2, 0x00, 0x0c, 0xb0, 0x00, 0x0b, 0xd0, 0x00, 0x00, 0x05,
  0xf2, 0x00, 0x04, 0xf6, 0x00, 0x6f, 0x50, 0x00, 0x00, 0x05, 0xf2, 0x25, 0x00, 0x9f, 0x55, 0xf8,
  0x00, 0x00, 0x00, 0x05, 0xf7, 0xeb, 0x00, 0x0b, 0xff, 0xa0, 0x00, 0x00, 0x00, 0x07, 0xff, 0xa1,
  0x00, 0x3b, 0xff, 0xa2, 0x00, 0x00, 0x00, 0x1d, 0xf7, 0x00, 0x4a, 0xfe, 0x67, 0xff, 0x94, 0x00,
  0x00, 0x1d, 0x40, 0x1d, 0xfe, 0x81, 0x00, 0x2a, 0xff, 0xd1, 0x00, 0x01, 0x00, 0x06, 0x50, 0x00,
  0x00, 0x00, 0x16, 0x60, 0x00, 0x46, 0x00, 0x04, 0x66, 0x66, 0x66, 0x66, 0x66, 0x30, 0x00, 0x7f,
  0x80, 0x0a, 0xff, 0xff, 0xff, 0xff, 0xff, 0x70, 0x00, 0x07, 0xf8, 0x00, 0x00, 0x00, 0x00, 0x00,
  0x0f, 0x70, 0x00, 0x00, 0x8c, 0x10, 0x00, 0x00, 0x00, 0x00, 0x0f, 0x70, 0x00, 0x00, 0x01, 0x02,
  0xff, 0xff, 0xff, 0xf8, 0x0f, 0x70, 0x00, 0x00, 0x00, 0x01, 0x55, 0x55, 0x55, 0x53, 0x0f, 0x70,
  0x1f, 0xff, 0xf5, 0x00, 0x00, 0x00, 0x00, 0x00, 0x0f, 0x70, 0x17, 0x78, 0xf5, 0x00, 0x24, 0x44,
  0x44, 0x30, 0x0f, 0x70, 0x00, 0x01, 0xf5, 0x00, 0x5f, 0xff, 0xff, 0x90, 0x0f, 0x70, 0x00, 0x01,
  0xf5, 0x00, 0x5f, 0x00, 0x0b, 0x90, 0x0f, 0x70, 0x00, 0x01, 0xf5, 0x00, 0x5f, 0x00, 0x0b, 0x90,
  0x0f, 0x70, 0x00, 0x01, 0xf5, 0x00, 0x5f, 0x00, 0x0b, 0x90, 0x0f, 0x70, 0x00, 0x01, 0xf5, 0x00,
  0x5f, 0x55, 0x5d, 0x90, 0x0f, 0x70, 0x00, 0x01, 0xf5, 0x25, 0x5f, 0xff, 0xff, 0x90, 0x0f, 0x70,
  0x00, 0x02, 0xfa, 0xea, 0x5f, 0x00, 0x00, 0x00, 0x0f, 0x70, 0x00, 0x05, 0xff, 0x90, 0x27, 0x00,
  0x00, 0x00, 0x0f, 0x70, 0x00, 0x0c, 0xe5, 0x00, 0x00, 0x00, 0x00, 0x00, 0x1f, 0x70, 0x00, 0x09,
  0x30, 0x00, 0x00, 0x00, 0x01, 0xff, 0xff, 0x40, 0x00, 0x00, 0x00, 0x00, 0x00, 0x00, 0x00, 0x67,
  0x63, 0x00, 0x00, 0x00, 0x00, 0x00, 0x00, 0x00, 0x00, 0x00, 0x00, 0x00, 0x00, 0xb9, 0x00, 0x0e,
  0xff, 0xff, 0xff, 0xff, 0xff, 0x70, 0x00, 0x5f, 0xa0, 0x05, 0x55, 0x5e, 0xb5, 0x55, 0x55, 0x20,
  0x00, 0x06, 0xf8, 0x00, 0x00, 0x1f, 0x70, 0x00, 0x00, 0x00, 0x00, 0x00, 0xa9, 0x00, 0x00, 0x4f,
  0x40, 0x00, 0x10, 0x00, 0x00, 0x00, 0x10, 0x03, 0xff, 0xff, 0xff, 0xff, 0xf2, 0x00, 0x00, 0x00,
  0x00, 0x01, 0x55, 0xcd, 0x55, 0x59, 0xf1, 0x00, 0x2f, 0xff, 0xf1, 0x00, 0x00, 0xda, 0x00, 0x07,
  0xe0, 0x00, 0x17, 0x7a, 0xf1, 0x00, 0x02, 0xf6, 0x00, 0x09, 0xd0, 0x00, 0x00, 0x05, 0xf1, 0x9f,
  0xff, 0xff, 0xff, 0xff, 0xff, 0xf2, 0x00, 0x05, 0xf1, 0x36, 0x66, 0x66, 0x66, 0x66, 0x66, 0x61,
  0x00, 0x05, 0xf1, 0x00, 0x00, 0x00, 0x00, 0x00, 0x00, 0x00, 0x00, 0x05, 0xf1, 0x00, 0xef, 0xff,
  0xff, 0xff, 0xfc, 0x00, 0x00, 0x05, 0xf1, 0x00, 0xea, 0x55, 0x55, 0x55, 0xcc, 0x00, 0x00, 0x05,
  0xf1, 0x15, 0xe7, 0x00, 0x00, 0x00, 0xac, 0x00, 0x00, 0x05, 0xf5, 0xeb, 0xe7, 0x00, 0x00, 0x00,
  0xac, 0x00, 0x00, 0x06, 0xff, 0xc2, 0xe7, 0x00, 0x00, 0x00, 0xac, 0x00, 0x00, 0x0d, 0xfa, 0x10,
  0xea, 0x55, 0x55, 0x55, 0xcc, 0x00, 0x00, 0x09, 0x70, 0x00, 0xef, 0xff, 0xff, 0xff, 0xfc, 0x00,
  0x00, 0x00, 0x00, 0x00, 0xb6, 0x00, 0x00, 0x00, 0x78, 0x00, 0x00, 0x00, 0x00, 0x00, 0x00, 0x00,
  0x77, 0x00, 0x00, 0x00, 0x00, 0x8b, 0x10, 0x00, 0x00, 0x00, 0xbb, 0x00, 0x00, 0x00, 0x00, 0x4f,
  0xc1, 0x05, 0xff, 0xff, 0xff, 0xff, 0xff, 0x90, 0x00, 0x05, 0xfa, 0x01, 0x33, 0x33, 0xcc, 0x33,
  0x33, 0x10, 0x00, 0x00, 0x8c, 0x00, 0x11, 0x11, 0xbc, 0x11, 0x11, 0x00, 0x00, 0x00, 0x01, 0x00,
  0xdf, 0xff, 0xff, 0xff, 0xff, 0x00, 0x00, 0x00, 0x00, 0x00, 0x00, 0x00, 0xbb, 0x00, 0x00, 0x00,
  0x3f, 0xff, 0xf4, 0x0f, 0xff, 0xff, 0xff, 0xff, 0xff, 0xf3, 0x17, 0x78, 0xf4, 0x02, 0x33, 0x33,
  0x33, 0x33, 0x33, 0x30, 0x00, 0x03, 0xf4, 0x00, 0x12, 0x22, 0x22, 0x22, 0x21, 0x00, 0x00, 0x03,
  0xf4, 0x00, 0x8f, 0xff, 0xff, 0xff, 0xf9, 0x00, 0x00, 0x03, 0xf4, 0x00, 0x8d, 0x00, 0x00, 0x00,
  0xd9, 0x00, 0x00, 0x03, 0xf4, 0x00, 0x8f, 0xff, 0xff, 0xff, 0xf9, 0x00, 0x00, 0x03, 0xf4, 0x00,
  0x8d, 0x11, 0x11, 0x11, 0xd9, 0x00, 0x00, 0x03, 0xf4, 0x57, 0x8d, 0x00, 0x00, 0x00, 0xd9, 0x00,
  0x00, 0x03, 0xfb, 0xf9, 0x8f, 0xff, 0xff, 0xff, 0xf9, 0x00, 0x00, 0x05, 0xff, 0x80, 0x8d, 0x22,
  0x22, 0x22, 0xd9, 0x00, 0x00, 0x0d, 0xf6, 0x00, 0x8d, 0x00, 0x00, 0x00, 0xd9, 0x00, 0x00, 0x0a,
  0x50, 0x00, 0x8d, 0x00, 0x05, 0xff, 0xf5, 0x00, 0x00, 0x00, 0x00, 0x00, 0x35, 0x00, 0x00, 0x54,
  0x20, 0x00, 0x00, 0x00, 0x00, 0x00, 0x00, 0x00, 0x1a, 0x40, 0x00, 0x00, 0x04, 0xff, 0xff, 0xfb,
  0x02, 0xe3, 0x1f, 0x60, 0x00, 0x00, 0x04, 0xf5, 0x55, 0xcb, 0x05, 0xf2, 0x1f, 0x60, 0x00, 0x00,
  0x04, 0xf0, 0x00, 0xab, 0x08, 0xe0, 0x1f, 0x60, 0x00, 0x00, 0x04, 0xf0, 0x00, 0xab, 0x0b, 0xff,
  0xff, 0xff, 0xff, 0x80, 0x04, 0xf0, 0x00, 0xab, 0x1f, 0x96, 0x7f, 0x96, 0x66, 0x30, 0x04, 0xff,
  0xff, 0xfb, 0x7f, 0x10, 0x1f, 0x60, 0x00, 0x00, 0x01, 0x55, 0xbc, 0x53, 0xaa, 0x00, 0x1f, 0x50,
  0x00, 0x00, 0x00, 0x00, 0x9b, 0x00, 0x02, 0x00, 0x2f, 0x50, 0x00, 0x00, 0x01, 0x20, 0x9b, 0x00,
  0x00, 0x00, 0x2f, 0x40, 0x00, 0x00, 0x04, 0xf0, 0x9e, 0x98, 0xbf, 0xff, 0xff, 0xff, 0xff, 0xe0,
  0x04, 0xf0, 0x9f, 0xfc, 0x56, 0x66, 0xaf, 0xb6, 0x66, 0x60, 0x04, 0xf0, 0x9b, 0x00, 0x00, 0x00,
  0xaf, 0xc0, 0x00, 0x00, 0x04, 0xf0, 0x9b, 0x00, 0x00, 0x01, 0xec, 0xf3, 0x00, 0x00, 0x04, 0xf0,
  0x9b, 0x00, 0x00, 0x07, 0xf3, 0xda, 0x00, 0x00, 0x04, 0xf0, 0x9c, 0x7a, 0x00, 0x2e, 0xa0, 0x6f,
  0x40, 0x00, 0x04, 0xf9, 0xef, 0xfb, 0x11, 0xde, 0x20, 0x0c, 0xe2, 0x00, 0x3f, 0xfe, 0x95, 0x10,
  0x3d, 0xf4, 0x00, 0x02, 0xed, 0x40, 0x07, 0x30, 0x00, 0x04, 0xfe, 0x40, 0x00, 0x00, 0x3e, 0xf2,
  0x00, 0x00, 0x00, 0x00, 0x82, 0x00, 0x00, 0x00, 0x01, 0x40, 0x00, 0x06, 0x40, 0x00, 0x00, 0x00,
  0x17, 0x10, 0x00, 0x00, 0x00, 0x0c, 0x90, 0x00, 0x00, 0x00, 0xaf, 0x20, 0x00, 0x00, 0x00, 0x0e,
  0x60, 0x00, 0x00, 0x08, 0xfe, 0xc1, 0x00, 0x00, 0x1f, 0xff, 0xff, 0xf5, 0x00, 0x8f, 0x62, 0xed,
  0x20, 0x00, 0x06, 0x9f, 0x66, 0x62, 0x2b, 0xf6, 0x00, 0x3d, 0xe6, 0x00, 0x00, 0x8c, 0x00, 0x07,
  0xef, 0x93, 0x33, 0x35, 0xdf, 0xd2, 0x00, 0xb8, 0x78, 0x08, 0xa8, 0xff, 0xff, 0xff, 0xe5, 0xa0,
  0x00, 0xe4, 0x9a, 0x00, 0x00, 0x00, 0x00, 0x00, 0x03, 0x20, 0x04, 0xe0, 0x9a, 0x00, 0xbf, 0xff,
  0xf8, 0x38, 0x0c, 0x70, 0x0a, 0xc6, 0xbc, 0x62, 0xb9, 0x33, 0xc8, 0x5d, 0x0c, 0x70, 0x0d, 0xff,
  0xff, 0xf4, 0xb8, 0x00, 0xb8, 0x5d, 0x0c, 0x70, 0x02, 0x00, 0x9a, 0x00, 0xbf, 0xff, 0xf8, 0x5d,
  0x0c, 0x70, 0x00, 0x00, 0x9a, 0x00, 0xb9, 0x33, 0xc8, 0x5d, 0x0c, 0x70, 0x00, 0x00, 0xad, 0xa3,
  0xb8, 0x00, 0xb8, 0x5d, 0x0c, 0x70, 0x18, 0xbe, 0xfe, 0xa3, 0xbf, 0xff, 0xf8, 0x5d, 0x0c, 0x70,
  0x0e, 0xb7, 0xba, 0x00, 0xb9, 0x22, 0xb8, 0x5d, 0x0c, 0x70, 0x00, 0x00, 0x9a, 0x00, 0xb8, 0x00,
  0xb8, 0x01, 0x0c, 0x70, 0x00, 0x00, 0x9a, 0x00, 0xb8, 0x00, 0xb8, 0x00, 0x0c, 0x60, 0x00, 0x00,
  0x9a, 0x00, 0xb8, 0x2f, 0xf5, 0x0d, 0xff, 0x30, 0x00, 0x00, 0x67, 0x00, 0x32, 0x03, 0x20, 0x02,
  0x31, 0x00, 0x00, 0x21, 0x00, 0x00, 0x00, 0x00, 0x00, 0x00, 0x00, 0x00, 0x00, 0xdd, 0x40, 0x02,
  0x66, 0x66, 0x66, 0x66, 0x64, 0x00, 0x00, 0x2c, 0xf6, 0x05, 0xff, 0xff, 0xff, 0xff, 0xfb, 0x00,
  0x00, 0x00, 0xab, 0x00, 0x00, 0x00, 0x00, 0x00, 0x00, 0x00, 0x01, 0x10, 0x01, 0x00, 0x00, 0x00,
  0x00, 0x00, 0x00, 0x00, 0x0a, 0xe7, 0x00, 0x00, 0x00, 0x00, 0x00, 0x00, 0x00, 0x00, 0x01, 0x9f,
  0xb2, 0x46, 0x66, 0x66, 0x66, 0x66, 0x66, 0x61, 0x00, 0x05, 0xe2, 0x9f, 0xff, 0xff, 0xff, 0xff,
  0xff, 0xf3, 0x00, 0x00, 0x10, 0x00, 0x00, 0xce, 0x00, 0x00, 0x00, 0x00, 0x00, 0x00, 0x00, 0x00,
  0x02, 0xf8, 0x00, 0x77, 0x00, 0x00, 0x1f, 0xff, 0xf0, 0x00, 0x07, 0xf2, 0x00, 0x6f, 0x40, 0x00,
  0x16, 0x6a, 0xf0, 0x00, 0x0c, 0xa0, 0x00, 0x0a, 0xd1, 0x00, 0x00, 0x07, 0xf0, 0x00, 0x2f, 0x40,
  0x00, 0x02, 0xe9, 0x00, 0x00, 0x07, 0xf0, 0x00, 0x8f, 0x9b, 0xcd, 0xef, 0xff, 0x20, 0x00, 0x07,
  0xf0, 0x6f, 0xff, 0xff, 0xfe, 0xdc, 0xae, 0x90, 0x00, 0x0a, 0xf4, 0x28, 0x65, 0x32, 0x10, 0x00,
  0x08, 0xc0, 0x01, 0xbf, 0xce, 0x60, 0x00, 0x00, 0x00, 0x00, 0x01, 0x00, 0x2d, 0xf6, 0x0a, 0xfe,
  0xb8, 0x66, 0x66, 0x66, 0x67, 0x81, 0x1d, 0x50, 0x00, 0x39, 0xce, 0xff, 0xff, 0xff, 0xff, 0xd0,
  0x01, 0x00, 0x00, 0x00, 0x00, 0x01, 0x11, 0x11, 0x00, 0x00, 0x05, 0xb1, 0x00, 0x02, 0x66, 0x66,
  0x66, 0x66, 0x66, 0x30, 0x05, 0xfc, 0x10, 0x05, 0xff, 0xff, 0xff, 0xff, 0xff, 0x70, 0x00, 0x4e,
  0xc0, 0x05, 0xf2, 0x00, 0x00, 0x00, 0x00, 0x00, 0x00, 0x05, 0xf4, 0x05, 0xf2, 0x00, 0x00, 0x00,
  0x00, 0x00, 0x00, 0x00, 0x30, 0x05, 0xf2, 0x00, 0x00, 0x00, 0x00, 0x00, 0x00, 0x00, 0x00, 0x05,
  0xff, 0xff, 0xff, 0xff, 0xf9, 0x00, 0x00, 0x00, 0x00, 0x05, 0xf9, 0xf7, 0x66, 0x67, 0xf5, 0x00,
  0x06, 0x66, 0x60, 0x06, 0xf1, 0xe8, 0x00, 0x08, 0xe1, 0x00, 0x0f, 0xff, 0xf0, 0x08, 0xe0, 0x8e,
  0x10, 0x1e, 0x90, 0x00, 0x00, 0x07, 0xf0, 0x0a, 0xc0, 0x1e, 0xa0, 0xbe, 0x10, 0x00, 0x00, 0x07,
  0xf0, 0x0d, 0x90, 0x05, 0xfb, 0xf5, 0x00, 0x00, 0x00, 0x07, 0xf0, 0x3f, 0x50, 0x00, 0xcf, 0xb0,
  0x00, 0x00, 0x00, 0x07, 0xf0, 0x9f, 0x10, 0x09, 0xfe, 0xf8, 0x00, 0x00, 0x00, 0x07, 0xf2, 0xf9,
  0x05, 0xdf, 0x81, 0x9f, 0xc5, 0x00, 0x00, 0x0b, 0xf5, 0xb1, 0x7f, 0xc4, 0x00, 0x06, 0xdf, 0xd0,
  0x01, 0xcf, 0xde, 0x50, 0x05, 0x00, 0x00, 0x00, 0x05, 0x40, 0x2d, 0xf6, 0x1a, 0xfd, 0x97, 0x66,
  0x66, 0x66, 0x67, 0x81, 0x1d, 0x50, 0x00, 0x49, 0xdf, 0xff, 0xff, 0xff, 0xff, 0xe0, 0x01, 0x00,
  0x00, 0x00, 0x00, 0x11, 0x11, 0x11, 0x10, 0x00, 0x00, 0x10, 0x00, 0x00, 0x01, 0x40, 0x00, 0x23,
  0x00, 0x00, 0x02, 0xe7, 0x00, 0x00, 0x06, 0xf1, 0x00, 0x9d, 0x00, 0x00, 0x00, 0x7f, 0x70, 0x00,
  0x06, 0xf1, 0x00, 0x9d, 0x00, 0x00, 0x00, 0x08, 0xf5, 0x00, 0x06, 0xf1, 0x00, 0x9d, 0x00, 0x00,
  0x00, 0x00, 0xa5, 0x3f, 0xff, 0xff, 0xff, 0xff, 0xff, 0x70, 0x00, 0x00, 0x00, 0x17, 0x7a, 0xf8,
  0x77, 0xce, 0x77, 0x30, 0x00, 0x00, 0x00, 0x00, 0x06, 0xf1, 0x00, 0x9d, 0x00, 0x00, 0x00, 0x00,
  0x00, 0x00, 0x06, 0xf1, 0x00, 0x9d, 0x00, 0x00, 0x0f, 0xff, 0xf3, 0x00, 0x06, 0xf1, 0x00, 0x9d,
  0x00, 0x00, 0x06, 0x68, 0xf3, 0x27, 0x7a, 0xf7, 0x77, 0xce, 0x77, 0x60, 0x00, 0x04, 0xf3, 0x5f,
  0xff, 0xff, 0xff, 0xff, 0xff, 0xd0, 0x00, 0x04, 0xf3, 0x00, 0x0b, 0xb0, 0x00, 0x9d, 0x00, 0x00,
  0x00, 0x04, 0xf3, 0x00, 0x2f, 0x70, 0x00, 0x9d, 0x00, 0x00, 0x00, 0x04, 0xf3, 0x00, 0x8f, 0x20,
  0x00, 0x9d, 0x00, 0x00, 0x00, 0x04, 0xf3, 0x04, 0xfa, 0x00, 0x00, 0x9d, 0x00, 0x00, 0x00, 0x08,
  0xf6, 0x0b, 0xd1, 0x00, 0x00, 0x9d, 0x00, 0x00, 0x01, 0xbf, 0xcf, 0x82, 0x10, 0x00, 0x00, 0x34,
  0x00, 0x00, 0x1c, 0xf4, 0x04, 0xef, 0xb8, 0x76, 0x66, 0x77, 0x89, 0xa2, 0x0c, 0x60, 0x00, 0x05,
  0xad, 0xef, 0xff, 0xee, 0xed, 0xc0, 0x01, 0x00, 0x00, 0x00, 0x00, 0x00, 0x00, 0x00, 0x00, 0x00,
  0x00, 0x20, 0x00, 0x00, 0x00, 0x54, 0x00, 0x00, 0x00, 0x00, 0x02, 0xe8, 0x00, 0x00, 0x00, 0xdc,
  0x00, 0x00, 0x00, 0x00, 0x00, 0x8f, 0x50, 0x25, 0x56, 0xfa, 0x55, 0x55, 0x55, 0x20, 0x00, 0x0b,
  0xe2, 0x8f, 0xff, 0xff, 0xff, 0xff, 0xff, 0x70, 0x00, 0x02, 0xe6, 0x00, 0x0e, 0xa0, 0x00, 0x00,
  0x00, 0x00, 0x00, 0x00, 0x10, 0x00, 0x6f, 0x30, 0x8d, 0x00, 0x00, 0x00, 0x00, 0x00, 0x00, 0x00,
  0xda, 0x00, 0x8f, 0x00, 0x00, 0x00, 0x16, 0x66, 0x60, 0x09, 0xf9, 0x66, 0xbf, 0x66, 0x65, 0x00,
  0x2f, 0xff, 0xe0, 0x0b, 0xff, 0xff, 0xff, 0xff, 0xfd, 0x00, 0x00, 0x07, 0xe0, 0x02, 0x10, 0x00,
  0x8f, 0x00, 0x00, 0x00, 0x00, 0x07, 0xe0, 0x00, 0x00, 0x00, 0x8f, 0x00, 0x00, 0x00, 0x00, 0x07,
  0xe0, 0x00, 0x00, 0x00, 0x8f, 0x00, 0x00, 0x00, 0x00, 0x07, 0xe0, 0xaf, 0xff, 0xff, 0xff, 0xff,
  0xff, 0xc0, 0x00, 0x07, 0xe0, 0x46, 0x66, 0x66, 0xbf, 0x66, 0x66, 0x50, 0x00, 0x07, 0xe0, 0x00,
  0x00, 0x00, 0x8f, 0x00, 0x00, 0x00, 0x00, 0x09, 0xe0, 0x00, 0x00, 0x00, 0x8f, 0x00, 0x00, 0x00,
  0x00, 0xaf, 0xfc, 0x20, 0x00, 0x00, 0x8f, 0x00, 0x00, 0x00, 0x0a, 0xf6, 0x3d, 0xf9, 0x42, 0x10,
  0x47, 0x12, 0x24, 0x52, 0x3f, 0x90, 0x01, 0x8d, 0xff, 0xff, 0xff, 0xff, 0xff, 0xf3, 0x06, 0x10,
  0x00, 0x00, 0x46, 0x78, 0x87, 0x77, 0x66, 0x50, 0x00, 0x00, 0x00, 0x00, 0x42, 0x00, 0x00, 0x03,
  0x50, 0x00, 0x05, 0xc2, 0x00, 0x01, 0xea, 0x00, 0x00, 0x0b, 0xe1, 0x00, 0x04, 0xee, 0x30, 0x00,
  0x6f, 0x40, 0x00, 0x3f, 0x70, 0x00, 0x00, 0x3e, 0xe2, 0x00, 0x0e, 0xa0, 0x00, 0xbc, 0x00, 0x00,
  0x00, 0x03, 0xe8, 0x05, 0x5b, 0x95, 0x55, 0xb8, 0x55, 0x20, 0x00, 0x00, 0x30, 0x0f, 0xff, 0xff,
  0xff, 0xff, 0xff, 0x60, 0x00, 0x00, 0x00, 0x00, 0x00, 0x04, 0xf3, 0x00, 0x00, 0x00, 0x00, 0x00,
  0x00, 0x00, 0x00, 0x04, 0xf3, 0x00, 0x00, 0x00, 0x06, 0x66, 0x61, 0x35, 0x55, 0x58, 0xf7, 0x55,
  0x55, 0x50, 0x0f, 0xff, 0xf3, 0xaf, 0xff, 0xff, 0xff, 0xff, 0xff, 0xf0, 0x00, 0x03, 0xf3, 0x00,
  0x00, 0x09, 0xfe, 0x10, 0x00, 0x00, 0x00, 0x03, 0xf3, 0x00, 0x00, 0x1e, 0xbf, 0x70, 0x00, 0x00,
  0x00, 0x03, 0xf3, 0x00, 0x00, 0xaf, 0x29, 0xe2, 0x00, 0x00, 0x00, 0x03, 0xf3, 0x00, 0x09, 0xf7,
  0x01, 0xdd, 0x20, 0x00, 0x00, 0x03, 0xf3, 0x04, 0xcf, 0x70, 0x00, 0x3e, 0xe7, 0x10, 0x00, 0x08,
  0xf7, 0x3f, 0xd4, 0x00, 0x00, 0x02, 0xbf, 0xb0, 0x01, 0xaf, 0xcf, 0x84, 0x00, 0x00, 0x00, 0x00,
  0x04, 0x20, 0x1d, 0xf8, 0x07, 0xfe, 0xa8, 0x76, 0x66, 0x66, 0x77, 0x82, 0x0d, 0x60, 0x00, 0x28,
  0xce, 0xff, 0xff, 0xff, 0xff, 0xe0, 0x01, 0x00, 0x00, 0x00, 0x00, 0x01, 0x11, 0x11, 0x00, 0x00,
  0x00, 0x00, 0x00, 0x00, 0x00, 0x00, 0x95, 0x00, 0x00, 0x00, 0x06, 0xc2, 0x00, 0x00, 0x5f, 0x30,
  0xe8, 0x00, 0x00, 0x00, 0x02, 0xde, 0x30, 0x00, 0xad, 0x00, 0xe8, 0x00, 0x00, 0x00, 0x00, 0x2d,
  0xd2, 0x02, 0xff, 0xff, 0xff, 0xff, 0xff, 0x30, 0x00, 0x03, 0xd3, 0x0b, 0xe5, 0x55, 0xea, 0x55,
  0x55, 0x10, 0x00, 0x00, 0x10, 0x4f, 0x60, 0x00, 0xe8, 0x00, 0x00, 0x00, 0x00, 0x00, 0x00, 0x06,
  0x00, 0x00, 0xe8, 0x00, 0x00, 0x00, 0x00, 0x00, 0x00, 0x35, 0x55, 0x55, 0xeb, 0x55, 0x55, 0x50,
  0x05, 0x66, 0x60, 0x9f, 0xff, 0xff, 0xff, 0xff, 0xff, 0xf0, 0x0d, 0xff, 0xf0, 0x00, 0x01, 0xf6,
  0x06, 0xf1, 0x00, 0x00, 0x00, 0x06, 0xf0, 0x00, 0x04, 0xf4, 0x06, 0xf1, 0x00, 0x00, 0x00, 0x06,
  0xf0, 0x00, 0x09, 0xf1, 0x06, 0xf1, 0x00, 0x00, 0x00, 0x06, 0xf0, 0x00, 0x1e, 0xa0, 0x06, 0xf1,
  0x02, 0xa1, 0x00, 0x06, 0xf0, 0x01, 0xcf, 0x30, 0x06, 0xf1, 0x03, 0xf1, 0x00, 0x06, 0xf0, 0x5d,
  0xf5, 0x00, 0x06, 0xf7, 0x69, 0xe0, 0x00, 0x06, 0xf0, 0xbc, 0x40, 0x00, 0x02, 0xdf, 0xff, 0x70,
  0x00, 0x1a, 0xfc, 0x40, 0x00, 0x00, 0x00, 0x00, 0x00, 0x00, 0x03, 0xee, 0x7a, 0xfb, 0x62, 0x10,
  0x01, 0x11, 0x23, 0x41, 0x0d, 0xe2, 0x00, 0x5b, 0xff, 0xff, 0xff, 0xff, 0xff, 0xf1, 0x04, 0x20,
  0x00, 0x00, 0x14, 0x56, 0x66, 0x65, 0x54, 0x40, 0x0d, 0xff, 0xff, 0xff, 0xff, 0x16, 0x77, 0x77,
  0x77, 0x40, 0x04, 0x55, 0xf6, 0xc9, 0x55, 0x0e, 0xff, 0xff, 0xff, 0x90, 0x00, 0x00, 0xf1, 0xb6,
  0x00, 0x00, 0x00, 0x00, 0x0d, 0x90, 0x00, 0x00, 0xf1, 0xb6, 0x00, 0x00, 0x00, 0x00, 0x0d, 0x90,
  0x06, 0xff, 0xff, 0xff, 0xfa, 0x00, 0x00, 0x00, 0x0d, 0x90, 0x06, 0xe5, 0xd5, 0xd5, 0xba, 0x00,
  0x00, 0x00, 0x0d, 0x90, 0x06, 0xd0, 0xc1, 0xc0, 0x9a, 0x00, 0x00, 0x00, 0x0d, 0x90, 0x06, 0xd0,
  0xc0, 0xc0, 0x9a, 0x0d, 0xff, 0xff, 0xff, 0x90, 0x06, 0xd0, 0xc0, 0xc0, 0x9a, 0x0d, 0xc7, 0x77,
  0x7e, 0x90, 0x06, 0xd3, 0xa0, 0xc1, 0x9a, 0x0d, 0x90, 0x00, 0x0d, 0x90, 0x06, 0xdc, 0x40, 0x8d,
  0xea, 0x0d, 0x90, 0x00, 0x03, 0x20, 0x06, 0xd4, 0x00, 0x00, 0x9a, 0x0d, 0x90, 0x00, 0x00, 0x00,
  0x06, 0xd2, 0x22, 0x22, 0xaa, 0x0d, 0x90, 0x00, 0x00, 0x00, 0x06, 0xff, 0xff, 0xff, 0xfa, 0x0d,
  0x90, 0x00, 0x00, 0x40, 0x06, 0xd0, 0x00, 0x00, 0x9a, 0x0d, 0x90, 0x00, 0x02, 0xf5, 0x06, 0xd3,
  0x33, 0x33, 0xaa, 0x0d, 0x90, 0x00, 0x03, 0xf3, 0x06, 0xff, 0xff, 0xff, 0xfa, 0x0c, 0xb1, 0x00,
  0x07, 0xf1, 0x06, 0xd0, 0x00, 0x00, 0x9a, 0x09, 0xff, 0xff, 0xff, 0xa0, 0x03, 0x70, 0x00, 0x00,
  0x22, 0x00, 0x46, 0x66, 0x65, 0x10, 0x0f, 0xff, 0xff, 0xff, 0xf6, 0x9f, 0xff, 0xff, 0xff, 0x40,
  0x04, 0x49, 0xb7, 0xe4, 0x42, 0x9c, 0x33, 0x33, 0x5f, 0x40, 0x00, 0x07, 0x94, 0xd0, 0x00, 0x9b,
  0x00, 0x00, 0x2f, 0x40, 0x00, 0x07, 0x94, 0xd0, 0x00, 0x9f, 0xff, 0xff, 0xff, 0x40, 0x0b, 0xff,
  0xff, 0xff, 0xf3, 0x9b, 0x22, 0x22, 0x3f, 0x40, 0x0b, 0xa7, 0xb7, 0xb5, 0xf3, 0x9b, 0x00, 0x00,
  0x2f, 0x40, 0x0b, 0x74, 0xa4, 0xa1, 0xf3, 0x9f, 0xff, 0xff, 0xff, 0x40, 0x0b, 0x75, 0x94, 0xa1,
  0xf3, 0x26, 0x44, 0x63, 0x33, 0x10, 0x0b, 0x77, 0x74, 0xa1, 0xf3, 0x2f, 0x34, 0xf1, 0x00, 0x00,
  0x0b, 0x7a, 0x54, 0xa1, 0xf3, 0x7f, 0x36, 0xf4, 0x33, 0x20, 0x0b, 0xbd, 0x02, 0xde, 0xf3, 0xdf,
  0xff, 0xff, 0xff, 0xa0, 0x0b, 0xa3, 0x00, 0x01, 0xfb, 0xe1, 0x04, 0xf1, 0x00, 0x00, 0x0b, 0x93,
  0x33, 0x33, 0xf9, 0x50, 0x04, 0xf1, 0x00, 0x00, 0x0b, 0xff, 0xff, 0xff, 0xf3, 0x7f, 0xff, 0xff,
  0xff, 0x40, 0x0b, 0x70, 0x00, 0x01, 0xf3, 0x23, 0x37, 0xf5, 0x33, 0x10, 0x0b, 0x93, 0x33, 0x34,
  0xf3, 0x00, 0x04, 0xf1, 0x00, 0x00, 0x0b, 0xff, 0xff, 0xff, 0xf4, 0x44, 0x47, 0xf5, 0x44, 0x41,
  0x0b, 0x70, 0x00, 0x01, 0xf8, 0xff, 0xff, 0xff, 0xff, 0xf4, 0x05, 0x40, 0x00, 0x00, 0x61, 0x00,
  0x00, 0x00, 0x00, 0x00, 0x00, 0x07, 0xfe, 0xee, 0xee, 0xee, 0xee, 0xef, 0x70, 0x00, 0x00, 0x07,
  0xf0, 0x00, 0x00, 0x00, 0x00, 0x1f, 0x70, 0x00, 0x00, 0x07, 0xfd, 0xdd, 0xdd, 0xdd, 0xdd, 0xdf,
  0x70, 0x00, 0x00, 0x07, 0xf0, 0x00, 0x00, 0x00, 0x00, 0x1f, 0x70, 0x00, 0x00, 0x07, 0xfd, 0xdd,
  0xdd, 0xdd, 0xdd, 0xdf, 0x70, 0x00, 0x00, 0x00, 0x00, 0x00, 0x00, 0x00, 0x00, 0x00, 0x00, 0x00,
  0x0f, 0xff, 0xff, 0xff, 0xff, 0xff, 0xff, 0xff, 0xff, 0xf0, 0x02, 0x22, 0x22, 0x22, 0x22, 0x22,
  0x22, 0x22, 0x22, 0x20, 0x00, 0x0c, 0xee, 0xee, 0xee, 0xee, 0xee, 0xee, 0xe0, 0x00, 0x00, 0x0c,
  0x90, 0x00, 0x0b, 0xa0, 0x00, 0x07, 0xf0, 0x00, 0x00, 0x0c, 0xed, 0xdd, 0xdf, 0xed, 0xdd, 0xde,
  0xf0, 0x00, 0x00, 0x0c, 0x90, 0x00, 0x0b, 0xa0, 0x00, 0x07, 0xf0, 0x00, 0x00, 0x0c, 0xee, 0xee,
  0xef, 0xfe, 0xee, 0xee, 0xf0, 0x00, 0x00, 0x00, 0x00, 0x00, 0x0b, 0xa0, 0x00, 0x00, 0x00, 0x00,
  0x00, 0x01, 0x11, 0x11, 0x1c, 0xb1, 0x11, 0x11, 0x10, 0x00, 0x00, 0x6f, 0xff, 0xff, 0xff, 0xff,
  0xff, 0xff, 0xf7, 0x00, 0x00, 0x00, 0x00, 0x00, 0x0b, 0xa0, 0x00, 0x00, 0x00, 0x00, 0x1f, 0xff,
  0xff, 0xff, 0xff, 0xff, 0xff, 0xff, 0xff, 0xf1, 0x03, 0x33, 0x33, 0x33, 0x33, 0x33, 0x33, 0x33,
  0x33, 0x30, 0x00, 0x00, 0x08, 0x40, 0x00, 0x00, 0x00, 0x01, 0x00, 0x00, 0x00, 0x00, 0x1f, 0x80,
  0x00, 0x00, 0x00, 0x4f, 0x70, 0x00, 0x00, 0x00, 0x1f, 0x80, 0x00, 0x00, 0x05, 0xfc, 0x10, 0x00,
  0x00, 0x00, 0x1f, 0x80, 0x00, 0x00, 0x8f, 0xc1, 0x00, 0x00, 0x00, 0x00, 0x1f, 0x80, 0x00, 0x4d,
  0xfa, 0x00, 0x00, 0x00, 0x00, 0x00, 0x1f, 0x80, 0x3b, 0xfe, 0x60, 0x00, 0x00, 0x00, 0x00, 0x00,
  0x1f, 0x80, 0xbf, 0xa2, 0x00, 0x00, 0x00, 0x00, 0x00, 0x00, 0x1f, 0x80, 0x13, 0x00, 0x00, 0x00,
  0x00, 0x00, 0x07, 0x77, 0x8f, 0xb7, 0x77, 0x77, 0x77, 0x77, 0x77, 0x70, 0x0d, 0xff, 0xff, 0xff,
  0xff, 0xff, 0xff, 0xff, 0xff, 0xd0, 0x00, 0x00, 0x1f, 0x80, 0x02, 0xf7, 0x00, 0x00, 0x00, 0x00,
  0x00, 0x00, 0x1f, 0x80, 0x00, 0xae, 0x10, 0x00, 0x00, 0x00, 0x00, 0x00, 0x1f, 0x80, 0x00, 0x3f,
  0x90, 0x00, 0x00, 0x00, 0x00, 0x00, 0x1f, 0x80, 0x00, 0x09, 0xf6, 0x00, 0x00, 0x00, 0x00, 0x00,
  0x1f, 0x80, 0x00, 0x00, 0xcf, 0x40, 0x00, 0x00, 0x00, 0x00, 0x1f, 0x80, 0x00, 0x00, 0x2e, 0xf7,
  0x00, 0x00, 0x00, 0x00, 0x1f, 0x82, 0x59, 0xd6, 0x02, 0xcf, 0xb4, 0x00, 0x00, 0x00, 0x5f, 0xef,
  0xfe, 0xa3, 0x00, 0x1a, 0xff, 0xc2, 0x00, 0x00, 0xaf, 0xd8, 0x40, 0x00, 0x00, 0x00, 0x3a, 0xa0,
  0x00, 0x00, 0x33, 0x00, 0x00, 0x00, 0x00, 0x00, 0x00, 0x00, 0x00, 0x00, 0x00, 0x00, 0x00, 0x01,
  0xb9, 0x00, 0x00, 0x00, 0x06, 0xff, 0xff, 0xe2, 0x00, 0x09, 0xef, 0x60, 0x00, 0x00, 0x06, 0xf6,
  0x6a, 0xf1, 0x00, 0x5f, 0x57, 0xf4, 0x00, 0x00, 0x06, 0xe0, 0x0b, 0xb0, 0x03, 0xea, 0x00, 0xbe,
  0x30, 0x00, 0x06, 0xe0, 0x1f, 0x60, 0x2e, 0xc1, 0x00, 0x1d, 0xe3, 0x00, 0x06, 0xe0, 0x5f, 0x13,
  0xdd, 0x20, 0x00, 0x02, 0xde, 0x40, 0x06, 0xe0, 0x9a, 0x3e, 0xd5, 0x44, 0x44, 0x44, 0x5d, 0xf3,
  0x06, 0xe0, 0xe7, 0x19, 0x1d, 0xff, 0xff, 0xff, 0xd1, 0x70, 0x06, 0xe0, 0x7e, 0x10, 0x00, 0x00,
  0xca, 0x00, 0x00, 0x00, 0x06, 0xe0, 0x0d, 0x80, 0x00, 0x00, 0xca, 0x00, 0x00, 0x00, 0x06, 0xe0,
  0x07, 0xd1, 0x44, 0x44, 0xdb, 0x44, 0x44, 0x20, 0x06, 0xe0, 0x04, 0xf4, 0xff, 0xff, 0xff, 0xff,
  0xff, 0x70, 0x06, 0xe0, 0x04, 0xf1, 0x00, 0x00, 0xca, 0x00, 0x00, 0x00, 0x06, 0xe2, 0x5b, 0xe0,
  0x19, 0x20, 0xca, 0x05, 0x60, 0x00, 0x06, 0xe3, 0xfd, 0x50, 0x8e, 0x10, 0xca, 0x06, 0xf3, 0x00,
  0x06, 0xe0, 0x00, 0x02, 0xe7, 0x00, 0xca, 0x00, 0xad, 0x10, 0x06, 0xe0, 0x00, 0x1c, 0xc1, 0x00,
  0xca, 0x00, 0x1e, 0x80, 0x06, 0xe0, 0x00, 0x4d, 0x20, 0x00, 0xca, 0x00, 0x07, 0xa0, 0x06, 0xe0,
  0x00, 0x00, 0x00, 0xef, 0xf7, 0x00, 0x00, 0x00, 0x02, 0x60, 0x00, 0x00, 0x00, 0x45, 0x30, 0x00,
  0x00, 0x00, 0x00, 0x00, 0x00, 0x00, 0x00, 0x00, 0x69, 0x00, 0x00, 0x00, 0x05, 0xff, 0xff, 0xe2,
  0x00, 0x01, 0xee, 0x10, 0x00, 0x00, 0x05, 0xf6, 0x6a, 0xe1, 0x00, 0x09, 0xed, 0xa0, 0x00, 0x00,
  0x05, 0xf1, 0x0b, 0xa0, 0x00, 0x4f, 0x53, 0xf7, 0x00, 0x00, 0x05, 0xf1, 0x1f, 0x50, 0x02, 0xeb,
  0x00, 0x6f, 0x60, 0x00, 0x05, 0xf1, 0x5e, 0x10, 0x2d, 0xd1, 0x00, 0x09, 0xf7, 0x00, 0x05, 0xf1,
  0xaa, 0x03, 0xde, 0x30, 0x00, 0x00, 0x9f, 0x90, 0x05, 0xf1, 0xd8, 0x2e, 0xd9, 0xff, 0xff, 0xff,
  0x68, 0xf6, 0x05, 0xf1, 0x4f, 0x36, 0x12, 0x55, 0x55, 0x55, 0x20, 0x40, 0x05, 0xf1, 0x0a, 0xb0,
  0x00, 0x00, 0x22, 0x00, 0x02, 0x00, 0x05, 0xf1, 0x06, 0xe0, 0x59, 0x00, 0xa9, 0x00, 0x3f, 0x40,
  0x05, 0xf1, 0x04, 0xf1, 0x4f, 0x10, 0x7c, 0x00, 0x8d, 0x00, 0x05, 0xf1, 0x07, 0xf0, 0x0e, 0x60,
  0x4f, 0x00, 0xe6, 0x00, 0x05, 0xf5, 0xff, 0x90, 0x0a, 0xa0, 0x1f, 0x25, 0xe1, 0x00, 0x05, 0xf1,
  0x53, 0x00, 0x07, 0xd0, 0x08, 0x2c, 0x80, 0x00, 0x05, 0xf1, 0x00, 0x00, 0x01, 0x10, 0x00, 0x3f,
  0x10, 0x00, 0x05, 0xf1, 0x00, 0x00, 0x00, 0x00, 0x00, 0xa9, 0x00, 0x00, 0x05, 0xf1, 0x00, 0x0a,
  0xff, 0xff, 0xff, 0xff, 0xff, 0xf2, 0x05, 0xf1, 0x00, 0x03, 0x55, 0x55, 0x55, 0x55, 0x55, 0x51,
  0x02, 0x70, 0x00, 0x00, 0x00, 0x00, 0x00, 0x00, 0x00, 0x00, 0x07, 0x77, 0x77, 0x77, 0x77, 0x77,
  0x77, 0x77, 0x77, 0x70, 0x0e, 0xff, 0xff, 0xff, 0xff, 0xff, 0xff, 0xff, 0xff, 0xe0, 0x00, 0x00,
  0x00, 0x00, 0x0c, 0xa0, 0x00, 0x00, 0x00, 0x00, 0x00, 0x00, 0x00, 0x00, 0x0c, 0xa0, 0x00, 0x00,
  0x00, 0x00, 0x00, 0x00, 0x00, 0x00, 0x0c, 0xa0, 0x00, 0x00, 0x00, 0x00, 0x00, 0xff, 0xff, 0xff,
  0xff, 0xff, 0xff, 0xff, 0xff, 0x10, 0x00, 0xfa, 0x66, 0x66, 0x6e, 0xc6, 0x66, 0x66, 0xaf, 0x10,
  0x00, 0xf7, 0x02, 0x00, 0x0c, 0xa0, 0x20, 0x00, 0x6f, 0x10, 0x00, 0xf7, 0x7e, 0x70, 0x0c, 0xa4,
  0xf9, 0x10, 0x6f, 0x10, 0x00, 0xf7, 0x06, 0xec, 0x2c, 0xa0, 0x4d, 0xe5, 0x6f, 0x10, 0x00, 0xf7,
  0x00, 0x2b, 0x3c, 0xa0, 0x01, 0x96, 0x6f, 0x10, 0x00, 0xf7, 0x00, 0x00, 0x0c, 0xa0, 0x10, 0x00,
  0x6f, 0x10, 0x00, 0xf7, 0xac, 0x30, 0x0c, 0xa8, 0xd5, 0x00, 0x6f, 0x10, 0x00, 0xf7, 0x1a, 0xf7,
  0x0c, 0xa0, 0x8f, 0xa1, 0x6f, 0x10, 0x00, 0xf7, 0x00, 0x6f, 0x4c, 0xa0, 0x04, 0xd7, 0x6f, 0x10,
  0x00, 0xf7, 0x00, 0x02, 0x0c, 0xa0, 0x00, 0x10, 0x6f, 0x10, 0x00, 0xf7, 0x00, 0x00, 0x0c, 0xa0,
  0x00, 0x00, 0x7f, 0x10, 0x00, 0xf7, 0x00, 0x00, 0x0c, 0xa0, 0x08, 0xfe, 0xfc, 0x00, 0x00, 0x73,
  0x00, 0x00, 0x03, 0x30, 0x02, 0x65, 0x41, 0x00, 0x00, 0x00, 0x5a, 0x00, 0x00, 0x00, 0x95, 0x00,
  0x00, 0x00, 0x00, 0x00, 0x6f, 0x00, 0x00, 0x04, 0xf4, 0x00, 0x00, 0x00, 0x0c, 0xff, 0xff, 0xff,
  0xf7, 0x0b, 0xff, 0xff, 0xc0, 0x00, 0x02, 0x22, 0x8f, 0x22, 0x21, 0x5f, 0x53, 0x4f, 0x80, 0x00,
  0x01, 0x11, 0x7f, 0x11, 0x12, 0xea, 0x00, 0x8e, 0x10, 0x00, 0x07, 0xff, 0xff, 0xff, 0xfb, 0xf2,
  0x01, 0xe7, 0x00, 0x00, 0x00, 0x00, 0x6f, 0x00, 0x02, 0xdf, 0xff, 0xff, 0xff, 0x20, 0x3f, 0xff,
  0xff, 0xff, 0xfa, 0x34, 0x4f, 0x94, 0x7f, 0x20, 0x02, 0x22, 0x22, 0x22, 0x21, 0x00, 0x0f, 0x60,
  0x4f, 0x20, 0x00, 0x22, 0x22, 0x22, 0x12, 0x44, 0x4f, 0x84, 0x7f, 0x51, 0x00, 0xff, 0xff, 0xff,
  0xa9, 0xff, 0xff, 0xff, 0xff, 0xf5, 0x00, 0xf5, 0x00, 0x0a, 0xa0, 0x00, 0x0f, 0x60, 0x4f, 0x20,
  0x00, 0xff, 0xff, 0xff, 0xa0, 0x00, 0x0f, 0x60, 0x4f, 0x20, 0x00, 0xf6, 0x11, 0x1b, 0xa0, 0xbf,
  0xff, 0xff, 0xff, 0x20, 0x00, 0xf5, 0x11, 0x1a, 0xa0, 0x34, 0x4f, 0x94, 0x7f, 0x20, 0x00, 0xff,
  0xff, 0xff, 0xa0, 0x00, 0x0f, 0x60, 0x02, 0x00, 0x00, 0xf5, 0x00, 0x0a, 0xa0, 0x00, 0x0f, 0x60,
  0x00, 0x00, 0x00, 0xf5, 0x00, 0x0a, 0xa0, 0x00, 0x0f, 0x60, 0x00, 0x00, 0x00, 0xf5, 0x03, 0x3c,
  0xa0, 0x6f, 0xff, 0x30, 0x00, 0x00, 0x00, 0xf5, 0x08, 0xfd, 0x50, 0x15, 0x52, 0x00, 0x00, 0x00,
  0x00, 0x00, 0x00, 0x00, 0x09, 0x80, 0x00, 0x00, 0x00, 0x00, 0x00, 0x00, 0x00, 0x00, 0x0c, 0xb0,
  0x00, 0x00, 0x00, 0x00, 0x00, 0xbf, 0xff, 0xff, 0xff, 0xff, 0xff, 0xff, 0xfe, 0x00, 0x00, 0x46,
  0x6b, 0xa6, 0x66, 0x66, 0x6a, 0xd7, 0x65, 0x00, 0x00, 0x00, 0x0a, 0xe1, 0x00, 0x00, 0x0b, 0xe1,
  0x00, 0x00, 0x00, 0x00, 0x04, 0xf5, 0x00, 0x00, 0x2f, 0x70, 0x00, 0x00, 0x00, 0x00, 0x00, 0xe8,
  0x00, 0x00, 0x7e, 0x10, 0x00, 0x00, 0x0e, 0xff, 0xff, 0xff, 0xff, 0xff, 0xff, 0xff, 0xff, 0xe0,
  0x05, 0x66, 0x66, 0x66, 0x66, 0x66, 0x66, 0x66, 0x66, 0x50, 0x00, 0x00, 0x00, 0x00, 0x00, 0x00,
  0x00, 0x00, 0x00, 0x00, 0x00, 0x00, 0x44, 0x44, 0x44, 0x44, 0x44, 0x44, 0x10, 0x00, 0x00, 0x00,
  0xff, 0xff, 0xff, 0xff, 0xff, 0xff, 0x30, 0x00, 0x00, 0x00, 0xf8, 0x00, 0x00, 0x00, 0x00, 0x5f,
  0x30, 0x00, 0x00, 0x00, 0xf8, 0x00, 0x00, 0x00, 0x00, 0x5f, 0x30, 0x00, 0x00, 0x00, 0xff, 0xff,
  0xff, 0xff, 0xff, 0xff, 0x30, 0x00, 0x00, 0x00, 0xf9, 0x33, 0x33, 0x33, 0x33, 0x7f, 0x30, 0x00,
  0x00, 0x00, 0xf8, 0x00, 0x00, 0x00, 0x00, 0x5f, 0x30, 0x00, 0x00, 0x00, 0xfa, 0x44, 0x44, 0x44,
  0x44, 0x8f, 0x30, 0x00, 0x00, 0x00, 0xff, 0xff, 0xff, 0xff, 0xff, 0xff, 0x30, 0x00, 0x00, 0x00,
  0xb6, 0x00, 0x00, 0x00, 0x00, 0x3a, 0x20, 0x00, 0x00, 0x05, 0x77, 0x77, 0x77, 0x77, 0x77, 0x77,
  0x50, 0x00, 0x00, 0x0c, 0xff, 0xff, 0xff, 0xff, 0xff, 0xff, 0xa0, 0x00, 0x00, 0x0c, 0xb0, 0x00,
  0x00, 0x00, 0x00, 0x0c, 0xa0, 0x00, 0x00, 0x0c, 0xb0, 0x00, 0x00, 0x00, 0x51, 0x0c, 0xa0, 0x00,
  0x00, 0x0c, 0xb0, 0x61, 0x00, 0x03, 0xf4, 0x0c, 0xa0, 0x00, 0x00, 0x0c, 0xb2, 0xeb, 0x00, 0x09,
  0xe0, 0x0c, 0xa0, 0x00, 0x00, 0x0c, 0xb0, 0x4f, 0x80, 0x1f, 0x90, 0x0c, 0xa0, 0x00, 0x00, 0x0d,
  0xa0, 0x08, 0xf5, 0x7f, 0x20, 0x0b, 0xa0, 0x00, 0x00, 0x0d, 0xa0, 0x00, 0xbe, 0xda, 0x00, 0x0b,
  0xb0, 0x00, 0x00, 0x0e, 0x90, 0x00, 0x1e, 0xf4, 0x00, 0x0b, 0xb0, 0x00, 0x00, 0x0f, 0x80, 0x00,
  0x2e, 0xf8, 0x00, 0x0a, 0xb0, 0x00, 0x00, 0x2f, 0x60, 0x00, 0xbe, 0xaf, 0x40, 0x0a, 0xc0, 0x00,
  0x00, 0x4f, 0x40, 0x07, 0xf6, 0x1d, 0xd1, 0x09, 0xc0, 0x00, 0x00, 0x7f, 0x10, 0x6f, 0xa0, 0x04,
  0xf9, 0x08, 0xd0, 0x00, 0x00, 0xbc, 0x07, 0xfc, 0x10, 0x00, 0xaf, 0x36, 0xf0, 0x82, 0x01, 0xf8,
  0x1d, 0xc1, 0x00, 0x00, 0x2e, 0x54, 0xf2, 0xa6, 0x08, 0xf3, 0x02, 0x10, 0x00, 0x00, 0x00, 0x01,
  0xf8, 0xc4, 0x1e, 0xa0, 0x00, 0x00, 0x00, 0x00, 0x00, 0x00, 0x9f, 0xf1, 0x05, 0x30, 0x00, 0x00,
  0x00, 0x00, 0x00, 0x00, 0x17, 0x50, 0x00, 0x00, 0x00, 0x00, 0x08, 0x60, 0x00, 0x00, 0x00, 0x00,
  0x00, 0x00, 0x00, 0x00, 0x0d, 0xa0, 0x00, 0x00, 0x00, 0x00, 0x03, 0x55, 0x55, 0x55, 0x5e, 0xb5,
  0x55, 0x55, 0x55, 0x30, 0x0b, 0xff, 0xff, 0xff, 0xff, 0xff, 0xff, 0xff, 0xff, 0xa0, 0x00, 0x00,
  0x11, 0x11, 0x11, 0x11, 0x11, 0x11, 0x00, 0x00, 0x00, 0x00, 0x6f, 0xff, 0xff, 0xff, 0xff, 0xf6,
  0x00, 0x00, 0x00, 0x00, 0x6f, 0x10, 0x00, 0x00, 0x02, 0xf6, 0x00, 0x00, 0x00, 0x00, 0x6f, 0x10,
  0x00, 0x00, 0x02, 0xf6, 0x00, 0x00, 0x00, 0x00, 0x6f, 0xff, 0xff, 0xff, 0xff, 0xf6, 0x00, 0x00,
  0x00, 0x00, 0x12, 0x22, 0x22, 0x22, 0x22, 0x21, 0x00, 0x00, 0x00, 0x34, 0x44, 0x44, 0x44, 0x44,
  0x44, 0x44, 0x44, 0x00, 0x00, 0xcf, 0xff, 0xff, 0xff, 0xff, 0xff, 0xff, 0xfe, 0x00, 0x00, 0xca,
  0x00, 0x00, 0x00, 0x00, 0x00, 0x00, 0x8e, 0x00, 0x00, 0xca, 0x00, 0xcf, 0xff, 0xff, 0xfc, 0x00,
  0x8e, 0x00, 0x00, 0xca, 0x00, 0xc9, 0x22, 0x22, 0x9c, 0x00, 0x8e, 0x00, 0x00, 0xca, 0x00, 0xc8,
  0x00, 0x00, 0x8c, 0x00, 0x8e, 0x00, 0x00, 0xca, 0x00, 0xc8, 0x11, 0x11, 0x9c, 0x00, 0x8e, 0x00,
  0x00, 0xca, 0x00, 0xcf, 0xff, 0xff, 0xfc, 0x00, 0x9e, 0x00, 0x00, 0xca, 0x00, 0xc7, 0x00, 0x00,
  0x09, 0xfe, 0xfb, 0x00, 0x00, 0x65, 0x00, 0x00, 0x00, 0x00, 0x02, 0x66, 0x41, 0x00, 0x00, 0x00,
  0x00, 0x00, 0x08, 0x70, 0x00, 0x00, 0x00, 0x00, 0x00, 0x00, 0x00, 0x00, 0x0c, 0xa0, 0x00, 0x00,
  0x00, 0x00, 0x00, 0xff, 0xff, 0xff, 0xff, 0xff, 0xff, 0xff, 0xff, 0x10, 0x00, 0x44, 0x44, 0x44,
  0x4d, 0xc4, 0x44, 0x44, 0x44, 0x00, 0x00, 0x00, 0x00, 0x00, 0x0c, 0xa0, 0x00, 0x00, 0x00, 0x00,
  0x00, 0x0b, 0xff, 0xff, 0xff, 0xff, 0xff, 0xff, 0xf0, 0x00, 0x00, 0x03, 0x33, 0x33, 0x3d, 0xb3,
  0x33, 0x33, 0x30, 0x00, 0x00, 0x00, 0x00, 0x00, 0x0c, 0xa0, 0x00, 0x00, 0x00, 0x00, 0x0f, 0xff,
  0xff, 0xff, 0xff, 0xff, 0xff, 0xff, 0xff, 0xe0, 0x04, 0x44, 0x44, 0x6f, 0xd4, 0x44, 0x44, 0x44,
  0x44, 0x40, 0x00, 0x00, 0x01, 0xce, 0x20, 0x00, 0x00, 0x00, 0x00, 0x00, 0x00, 0x00, 0x3d, 0xff,
  0xff, 0xff, 0xff, 0xfc, 0x00, 0x00, 0x00, 0x07, 0xff, 0xe5, 0x44, 0x44, 0x4a, 0xf6, 0x00, 0x00,
  0x05, 0xdf, 0x83, 0xeb, 0x00, 0x00, 0x5f, 0xa0, 0x00, 0x00, 0x06, 0xb2, 0x00, 0x5f, 0xb2, 0x08,
  0xfa, 0x10, 0x00, 0x00, 0x00, 0x00, 0x00, 0x04, 0xee, 0xdf, 0x70, 0x00, 0x00, 0x00, 0x00, 0x00,
  0x00, 0x27, 0xdf, 0xfe, 0x72, 0x00, 0x00, 0x00, 0x00, 0x14, 0x7b, 0xff, 0xa5, 0x4b, 0xff, 0xc8,
  0x53, 0x10, 0x0b, 0xff, 0xfc, 0x72, 0x00, 0x00, 0x28, 0xcf, 0xff, 0xe2, 0x05, 0x74, 0x10, 0x00,
  0x00, 0x00, 0x00, 0x00, 0x36, 0x50, 0x00, 0x02, 0xba, 0x10, 0x00, 0x00, 0x00, 0x00, 0x00, 0x00,
  0x00, 0x08, 0xff, 0x50, 0x00, 0x00, 0x00, 0x00, 0x00, 0x00, 0x00, 0x03, 0xdf, 0x80, 0x00, 0x00,
  0x00, 0x00, 0x00, 0x00, 0x00, 0x00, 0x0e, 0x60, 0x00, 0x00, 0x00, 0x00, 0x00, 0x00, 0x00, 0x00,
  0x5f, 0x20, 0x00, 0x00, 0x00, 0x00, 0x00, 0x00, 0x00, 0x05, 0xe8, 0x00, 0x00, 0x00, 0x00, 0x00,
  0x00, 0x00, 0x00, 0x2e, 0x70, 0x00, 0x00, 0x00, 0x00, 0x00, 0x00, 0x00, 0x00, 0x01, 0x00, 0x00,
  0x00, 0x00, 0x00, 0x00, 0x00, 0x00, 0x00, 0x00, 0x00, 0x00, 0x2c, 0xc2, 0x00, 0x00, 0x00, 0x00,
  0x00, 0x00, 0x00, 0x00, 0x6f, 0xf6, 0x00, 0x00, 0x00, 0x00, 0x00, 0x00, 0x00, 0x00, 0x2c, 0xc2,
  0x00, 0x00, 0x00, 0x00, 0x00, 0x00, 0x00, 0x00, 0x00, 0x00, 0x00, 0x00, 0x00, 0x00, 0x00, 0x00,
  0x00, 0x00, 0x00, 0x00, 0x00, 0x00, 0x00, 0x00, 0x00, 0x00, 0x00, 0x00, 0x00, 0x00, 0x00, 0x00,
  0x00, 0x00, 0x00, 0x00, 0x00, 0x00, 0x00, 0x00, 0x00, 0x00, 0x00, 0x00, 0x00, 0x00, 0x00, 0x00,
  0x00, 0x00, 0x00, 0x00, 0x00, 0x00, 0x00, 0x00, 0x00, 0x00, 0x00, 0x00, 0x00, 0x00, 0x00, 0x00,
  0x00, 0x00, 0x00, 0x00, 0x00, 0x00, 0x00, 0x00, 0x00, 0x00, 0x00, 0x00, 0x00, 0x00, 0x00, 0x00,
  0x00, 0x00, 0x00, 0x00, 0x00, 0x00, 0x00, 0x00, 0x2c, 0xc2, 0x00, 0x00, 0x00, 0x00, 0x00, 0x00,
  0x00, 0x00, 0x6f, 0xf6, 0x00, 0x00, 0x00, 0x00, 0x00, 0x00, 0x00, 0x00, 0x2c, 0xc2, 0x00, 0x00,
  0x00, 0x00, 0x00, 0x00, 0x00, 0x00, 0x00, 0x00, 0x00, 0x00, 0x00, 0x00
};

static const lv_font_fmt_txt_glyph_dsc_t glyph_dsc[] =
{
  {.bitmap_index = 0, .adv_w = 0, .box_w = 0, .box_h = 0, .ofs_x = 0, .ofs_y = 0},
  {.bitmap_index = 0, .adv_w = 112, .box_w = 0, .box_h = 0, .ofs_x = 0, .ofs_y = 0},
  {.bitmap_index = 0, .adv_w = 146, .box_w = 9, .box_h = 15, .ofs_x = 0, .ofs_y = 0},
  {.bitmap_index = 68, .adv_w = 167, .box_w = 10, .box_h = 15, .ofs_x = 0, .ofs_y = 0},
  {.bitmap_index = 143, .adv_w = 268, .box_w = 17, .box_h = 15, .ofs_x = 0, .ofs_y = 0},
  {.bitmap_index = 271, .adv_w = 223, .box_w = 14, .box_h = 18, .ofs_x = 0, .ofs_y = -3},
  {.bitmap_index = 397, .adv_w = 321, .box_w = 20, .box_h = 15, .ofs_x = 0, .ofs_y = 0},
  {.bitmap_index = 547, .adv_w = 279, .box_w = 17, .box_h = 15, .ofs_x = 0, .ofs_y = 0},
  {.bitmap_index = 675, .adv_w = 98, .box_w = 6, .box_h = 15, .ofs_x = 0, .ofs_y = 0},
  {.bitmap_index = 720, .adv_w = 146, .box_w = 9, .box_h = 18, .ofs_x = 0, .ofs_y = -3},
  {.bitmap_index = 801, .adv_w = 146, .box_w = 9, .box_h = 18, .ofs_x = 0, .ofs_y = -3},
  {.bitmap_index = 882, .adv_w = 167, .box_w = 11, .box_h = 15, .ofs_x = 0, .ofs_y = 0},
  {.bitmap_index = 965, .adv_w = 268, .box_w = 17, .box_h = 12, .ofs_x = 0, .ofs_y = 0},
  {.bitmap_index = 1067, .adv_w = 122, .box_w = 8, .box_h = 7, .ofs_x = 0, .ofs_y = -3},
  {.bitmap_index = 1095, .adv_w = 133, .box_w = 8, .box_h = 7, .ofs_x = 0, .ofs_y = 0},
  {.bitmap_index = 1123, .adv_w = 122, .box_w = 8, .box_h = 4, .ofs_x = 0, .ofs_y = 0},
  {.bitmap_index = 1139, .adv_w = 117, .box_w = 8, .box_h = 16, .ofs_x = 0, .ofs_y = -1},
  {.bitmap_index = 1203, .adv_w = 223, .box_w = 14, .box_h = 15, .ofs_x = 0, .ofs_y = 0},
  {.bitmap_index = 1308, .adv_w = 223, .box_w = 14, .box_h = 15, .ofs_x = 0, .ofs_y = 0},
  {.bitmap_index = 1413, .adv_w = 223, .box_w = 14, .box_h = 15, .ofs_x = 0, .ofs_y = 0},
  {.bitmap_index = 1518, .adv_w = 223, .box_w = 14, .box_h = 15, .ofs_x = 0, .ofs_y = 0},
  {.bitmap_index = 1623, .adv_w = 223, .box_w = 14, .box_h = 15, .ofs_x = 0, .ofs_y = 0},
  {.bitmap_index = 1728, .adv_w = 223, .box_w = 14, .box_h = 15, .ofs_x = 0, .ofs_y = 0},
  {.bitmap_index = 1833, .adv_w = 223, .box_w = 14, .box_h = 15, .ofs_x = 0, .ofs_y = 0},
  {.bitmap_index = 1938, .adv_w = 223, .box_w = 14, .box_h = 15, .ofs_x = 0, .ofs_y = 0},
  {.bitmap_index = 2043, .adv_w = 223, .box_w = 14, .box_h = 15, .ofs_x = 0, .ofs_y = 0},
  {.bitmap_index = 2148, .adv_w = 223, .box_w = 14, .box_h = 15, .ofs_x = 0, .ofs_y = 0},
  {.bitmap_index = 2253, .adv_w = 128, .box_w = 8, .box_h = 11, .ofs_x = 0, .ofs_y = 0},
  {.bitmap_index = 2297, .adv_w = 128, .box_w = 8, .box_h = 14, .ofs_x = 0, .ofs_y = -3},
  {.bitmap_index = 2353, .adv_w = 268, .box_w = 17, .box_h = 12, .ofs_x = 0, .ofs_y = 0},
  {.bitmap_index = 2455, .adv_w = 268, .box_w = 17, .box_h = 9, .ofs_x = 0, .ofs_y = 0},
  {.bitmap_index = 2532, .adv_w = 268, .box_w = 17, .box_h = 12, .ofs_x = 0, .ofs_y = 0},
  {.bitmap_index = 2634, .adv_w = 186, .box_w = 12, .box_h = 15, .ofs_x = 0, .ofs_y = 0},
  {.bitmap_index = 2724, .adv_w = 320, .box_w = 20, .box_h = 18, .ofs_x = 0, .ofs_y = -3},
  {.bitmap_index = 2904, .adv_w = 248, .box_w = 16, .box_h = 15, .ofs_x = 0, .ofs_y = 0},
  {.bitmap_index = 3024, .adv_w = 244, .box_w = 15, .box_h = 15, .ofs_x = 0, .ofs_y = 0},
  {.bitmap_index = 3137, .adv_w = 235, .box_w = 15, .box_h = 15, .ofs_x = 0, .ofs_y = 0},
  {.bitmap_index = 3250, .adv_w = 266, .box_w = 17, .box_h = 15, .ofs_x = 0, .ofs_y = 0},
  {.bitmap_index = 3378, .adv_w = 218, .box_w = 14, .box_h = 15, .ofs_x = 0, .ofs_y = 0},
  {.bitmap_index = 3483, .adv_w = 218, .box_w = 14, .box_h = 15, .ofs_x = 0, .ofs_y = 0},
  {.bitmap_index = 3588, .adv_w = 263, .box_w = 16, .box_h = 15, .ofs_x = 0, .ofs_y = 0},
  {.bitmap_index = 3708, .adv_w = 268, .box_w = 17, .box_h = 15, .ofs_x = 0, .ofs_y = 0},
  {.bitmap_index = 3836, .adv_w = 119, .box_w = 7, .box_h = 15, .ofs_x = 0, .ofs_y = 0},
  {.bitmap_index = 3889, .adv_w = 119, .box_w = 9, .box_h = 19, .ofs_x = -2, .ofs_y = -4},
  {.bitmap_index = 3975, .adv_w = 248, .box_w = 17, .box_h = 15, .ofs_x = 0, .ofs_y = 0},
  {.bitmap_index = 4103, .adv_w = 204, .box_w = 13, .box_h = 15, .ofs_x = 0, .ofs_y = 0},
  {.bitmap_index = 4201, .adv_w = 318, .box_w = 20, .box_h = 15, .ofs_x = 0, .ofs_y = 0},
  {.bitmap_index = 4351, .adv_w = 268, .box_w = 17, .box_h = 15, .ofs_x = 0, .ofs_y = 0},
  {.bitmap_index = 4479, .adv_w = 272, .box_w = 17, .box_h = 15, .ofs_x = 0, .ofs_y = 0},
  {.bitmap_index = 4607, .adv_w = 234, .box_w = 15, .box_h = 15, .ofs_x = 0, .ofs_y = 0},
  {.bitmap_index = 4720, .adv_w = 272, .box_w = 17, .box_h = 18, .ofs_x = 0, .ofs_y = -3},
  {.bitmap_index = 4873, .adv_w = 246, .box_w = 15, .box_h = 15, .ofs_x = 0, .ofs_y = 0},
  {.bitmap_index = 4986, .adv_w = 230, .box_w = 14, .box_h = 15, .ofs_x = 0, .ofs_y = 0},
  {.bitmap_index = 5091, .adv_w = 218, .box_w = 14, .box_h = 15, .ofs_x = 0, .ofs_y = 0},
  {.bitmap_index = 5196, .adv_w = 260, .box_w = 16, .box_h = 15, .ofs_x = 0, .ofs_y = 0},
  {.bitmap_index = 5316, .adv_w = 248, .box_w = 16, .box_h = 15, .ofs_x = 0, .ofs_y = 0},
  {.bitmap_index = 5436, .adv_w = 353, .box_w = 22, .box_h = 15, .ofs_x = 0, .ofs_y = 0},
  {.bitmap_index = 5601, .adv_w = 247, .box_w = 16, .box_h = 15, .ofs_x = 0, .ofs_y = 0},
  {.bitmap_index = 5721, .adv_w = 232, .box_w = 16, .box_h = 15, .ofs_x = -1, .ofs_y = 0},
  {.bitmap_index = 5841, .adv_w = 232, .box_w = 15, .box_h = 15, .ofs_x = 0, .ofs_y = 0},
  {.bitmap_index = 5954, .adv_w = 146, .box_w = 9, .box_h = 18, .ofs_x = 0, .ofs_y = -3},
  {.bitmap_index = 6035, .adv_w = 117, .box_w = 8, .box_h = 16, .ofs_x = 0, .ofs_y = -1},
  {.bitmap_index = 6099, .adv_w = 146, .box_w = 9, .box_h = 18, .ofs_x = 0, .ofs_y = -3},
  {.bitmap_index = 6180, .adv_w = 268, .box_w = 17, .box_h = 15, .ofs_x = 0, .ofs_y = 0},
  {.bitmap_index = 6308, .adv_w = 160, .box_w = 10, .box_h = 5, .ofs_x = 0, .ofs_y = -5},
  {.bitmap_index = 6333, .adv_w = 160, .box_w = 10, .box_h = 16, .ofs_x = 0, .ofs_y = 0},
  {.bitmap_index = 6413, .adv_w = 216, .box_w = 14, .box_h = 11, .ofs_x = 0, .ofs_y = 0},
  {.bitmap_index = 6490, .adv_w = 229, .box_w = 14, .box_h = 15, .ofs_x = 0, .ofs_y = 0},
  {.bitmap_index = 6595, .adv_w = 190, .box_w = 12, .box_h = 11, .ofs_x = 0, .ofs_y = 0},
  {.bitmap_index = 6661, .adv_w = 229, .box_w = 14, .box_h = 15, .ofs_x = 0, .ofs_y = 0},
  {.bitmap_index = 6766, .adv_w = 217, .box_w = 14, .box_h = 11, .ofs_x = 0, .ofs_y = 0},
  {.bitmap_index = 6843, .adv_w = 139, .box_w = 9, .box_h = 15, .ofs_x = 0, .ofs_y = 0},
  {.bitmap_index = 6911, .adv_w = 229, .box_w = 14, .box_h = 15, .ofs_x = 0, .ofs_y = -4},
  {.bitmap_index = 7016, .adv_w = 228, .box_w = 14, .box_h = 15, .ofs_x = 0, .ofs_y = 0},
  {.bitmap_index = 7121, .adv_w = 110, .box_w = 7, .box_h = 15, .ofs_x = 0, .ofs_y = 0},
  {.bitmap_index = 7174, .adv_w = 110, .box_w = 8, .box_h = 19, .ofs_x = -1, .ofs_y = -4},
  {.bitmap_index = 7250, .adv_w = 213, .box_w = 14, .box_h = 15, .ofs_x = 0, .ofs_y = 0},
  {.bitmap_index = 7355, .adv_w = 110, .box_w = 7, .box_h = 15, .ofs_x = 0, .ofs_y = 0},
  {.bitmap_index = 7408, .adv_w = 334, .box_w = 21, .box_h = 11, .ofs_x = 0, .ofs_y = 0},
  {.bitmap_index = 7524, .adv_w = 228, .box_w = 14, .box_h = 11, .ofs_x = 0, .ofs_y = 0},
  {.bitmap_index = 7601, .adv_w = 220, .box_w = 14, .box_h = 11, .ofs_x = 0, .ofs_y = 0},
  {.bitmap_index = 7678, .adv_w = 229, .box_w = 14, .box_h = 15, .ofs_x = 0, .ofs_y = -4},
  {.bitmap_index = 7783, .adv_w = 229, .box_w = 14, .box_h = 15, .ofs_x = 0, .ofs_y = -4},
  {.bitmap_index = 7888, .adv_w = 158, .box_w = 10, .box_h = 11, .ofs_x = 0, .ofs_y = 0},
  {.bitmap_index = 7943, .adv_w = 190, .box_w = 12, .box_h = 11, .ofs_x = 0, .ofs_y = 0},
  {.bitmap_index = 8009, .adv_w = 153, .box_w = 10, .box_h = 14, .ofs_x = 0, .ofs_y = 0},
  {.bitmap_index = 8079, .adv_w = 228, .box_w = 14, .box_h = 11, .ofs_x = 0, .ofs_y = 0},
  {.bitmap_index = 8156, .adv_w = 208, .box_w = 13, .box_h = 11, .ofs_x = 0, .ofs_y = 0},
  {.bitmap_index = 8228, .adv_w = 296, .box_w = 18, .box_h = 11, .ofs_x = 0, .ofs_y = 0},
  {.bitmap_index = 8327, .adv_w = 206, .box_w = 13, .box_h = 11, .ofs_x = 0, .ofs_y = 0},
  {.bitmap_index = 8399, .adv_w = 208, .box_w = 13, .box_h = 15, .ofs_x = 0, .ofs_y = -4},
  {.bitmap_index = 8497, .adv_w = 186, .box_w = 12, .box_h = 11, .ofs_x = 0, .ofs_y = 0},
  {.bitmap_index = 8563, .adv_w = 228, .box_w = 14, .box_h = 18, .ofs_x = 0, .ofs_y = -3},
  {.bitmap_index = 8689, .adv_w = 117, .box_w = 7, .box_h = 20, .ofs_x = 0, .ofs_y = -5},
  {.bitmap_index = 8759, .adv_w = 228, .box_w = 14, .box_h = 18, .ofs_x = 0, .ofs_y = -3},
  {.bitmap_index = 8885, .adv_w = 268, .box_w = 17, .box_h = 9, .ofs_x = 0, .ofs_y = 0},
  {.bitmap_index = 8962, .adv_w = 320, .box_w = 20, .box_h = 6, .ofs_x = 0, .ofs_y = -1},
  {.bitmap_index = 9022, .adv_w = 320, .box_w = 20, .box_h = 8, .ofs_x = 0, .ofs_y = -2},
  {.bitmap_index = 9102, .adv_w = 320, .box_w = 20, .box_h = 9, .ofs_x = 0, .ofs_y = 0},
  {.bitmap_index = 9192, .adv_w = 320, .box_w = 20, .box_h = 16, .ofs_x = 0, .ofs_y = 0},
  {.bitmap_index = 9352, .adv_w = 320, .box_w = 20, .box_h = 19, .ofs_x = 0, .ofs_y = -1},
  {.bitmap_index = 9542, .adv_w = 320, .box_w = 20, .box_h = 18, .ofs_x = 0, .ofs_y = -2},
  {.bitmap_index = 9722, .adv_w = 320, .box_w = 20, .box_h = 20, .ofs_x = 0, .ofs_y = -2},
  {.bitmap_index = 9922, .adv_w = 320, .box_w = 20, .box_h = 20, .ofs_x = 0, .ofs_y = -2},
  {.bitmap_index = 10122, .adv_w = 320, .box_w = 20, .box_h = 20, .ofs_x = 0, .ofs_y = -2},
  {.bitmap_index = 10322, .adv_w = 320, .box_w = 20, .box_h = 20, .ofs_x = 0, .ofs_y = -2},
  {.bitmap_index = 10522, .adv_w = 320, .box_w = 20, .box_h = 20, .ofs_x = 0, .ofs_y = -2},
  {.bitmap_index = 10722, .adv_w = 320, .box_w = 20, .box_h = 15, .ofs_x = 0, .ofs_y = 0},
  {.bitmap_index = 10872, .adv_w = 320, .box_w = 20, .box_h = 17, .ofs_x = 0, .ofs_y = -1},
  {.bitmap_index = 11042, .adv_w = 320, .box_w = 20, .box_h = 18, .ofs_x = 0, .ofs_y = -1},
  {.bitmap_index = 11222, .adv_w = 320, .box_w = 20, .box_h = 20, .ofs_x = 0, .ofs_y = -2},
  {.bitmap_index = 11422, .adv_w = 320, .box_w = 20, .box_h = 20, .ofs_x = 0, .ofs_y = -2},
  {.bitmap_index = 11622, .adv_w = 320, .box_w = 20, .box_h = 19, .ofs_x = 0, .ofs_y = -2},
  {.bitmap_index = 11812, .adv_w = 320, .box_w = 20, .box_h = 20, .ofs_x = 0, .ofs_y = -2},
  {.bitmap_index = 12012, .adv_w = 320, .box_w = 20, .box_h = 20, .ofs_x = 0, .ofs_y = -2},
  {.bitmap_index = 12212, .adv_w = 320, .box_w = 20, .box_h = 21, .ofs_x = 0, .ofs_y = -3},
  {.bitmap_index = 12422, .adv_w = 320, .box_w = 20, .box_h = 20, .ofs_x = 0, .ofs_y = -2},
  {.bitmap_index = 12622, .adv_w = 320, .box_w = 20, .box_h = 19, .ofs_x = 0, .ofs_y = -2},
  {.bitmap_index = 12812, .adv_w = 320, .box_w = 20, .box_h = 19, .ofs_x = 0, .ofs_y = -1},
  {.bitmap_index = 13002, .adv_w = 320, .box_w = 20, .box_h = 20, .ofs_x = 0, .ofs_y = -2},
  {.bitmap_index = 13202, .adv_w = 320, .box_w = 20, .box_h = 20, .ofs_x = 0, .ofs_y = -2},
  {.bitmap_index = 13402, .adv_w = 320, .box_w = 20, .box_h = 20, .ofs_x = 0, .ofs_y = -2},
  {.bitmap_index = 13602, .adv_w = 320, .box_w = 20, .box_h = 20, .ofs_x = 0, .ofs_y = -2},
  {.bitmap_index = 13802, .adv_w = 320, .box_w = 20, .box_h = 20, .ofs_x = 0, .ofs_y = -2},
  {.bitmap_index = 14002, .adv_w = 320, .box_w = 20, .box_h = 20, .ofs_x = 0, .ofs_y = -2},
  {.bitmap_index = 14202, .adv_w = 320, .box_w = 20, .box_h = 20, .ofs_x = 0, .ofs_y = -2},
  {.bitmap_index = 14402, .adv_w = 320, .box_w = 20, .box_h = 19, .ofs_x = 0, .ofs_y = -2},
  {.bitmap_index = 14592, .adv_w = 320, .box_w = 20, .box_h = 20, .ofs_x = 0, .ofs_y = -2},
  {.bitmap_index = 14792, .adv_w = 320, .box_w = 20, .box_h = 20, .ofs_x = 0, .ofs_y = -2},
  {.bitmap_index = 14992, .adv_w = 320, .box_w = 20, .box_h = 20, .ofs_x = 0, .ofs_y = -2},
  {.bitmap_index = 15192, .adv_w = 320, .box_w = 20, .box_h = 20, .ofs_x = 0, .ofs_y = -2},
  {.bitmap_index = 15392, .adv_w = 320, .box_w = 20, .box_h = 19, .ofs_x = 0, .ofs_y = -2},
  {.bitmap_index = 15582, .adv_w = 320, .box_w = 20, .box_h = 19, .ofs_x = 0, .ofs_y = -2},
  {.bitmap_index = 15772, .adv_w = 320, .box_w = 20, .box_h = 20, .ofs_x = 0, .ofs_y = -2},
  {.bitmap_index = 15972, .adv_w = 320, .box_w = 20, .box_h = 20, .ofs_x = 0, .ofs_y = -2},
  {.bitmap_index = 16172, .adv_w = 320, .box_w = 20, .box_h = 19, .ofs_x = 0, .ofs_y = -2},
  {.bitmap_index = 16362, .adv_w = 320, .box_w = 20, .box_h = 20, .ofs_x = 0, .ofs_y = -2},
  {.bitmap_index = 16562, .adv_w = 320, .box_w = 20, .box_h = 18, .ofs_x = 0, .ofs_y = -2},
  {.bitmap_index = 16742, .adv_w = 320, .box_w = 20, .box_h = 20, .ofs_x = 0, .ofs_y = -2},
  {.bitmap_index = 16942, .adv_w = 320, .box_w = 20, .box_h = 18, .ofs_x = 0, .ofs_y = -2},
  {.bitmap_index = 17122, .adv_w = 320, .box_w = 20, .box_h = 20, .ofs_x = 0, .ofs_y = -2},
  {.bitmap_index = 17322, .adv_w = 320, .box_w = 20, .box_h = 20, .ofs_x = 0, .ofs_y = -2},
  {.bitmap_index = 17522, .adv_w = 320, .box_w = 20, .box_h = 20, .ofs_x = 0, .ofs_y = -2},
  {.bitmap_index = 17722, .adv_w = 320, .box_w = 20, .box_h = 20, .ofs_x = 0, .ofs_y = -2},
  {.bitmap_index = 17922, .adv_w = 320, .box_w = 20, .box_h = 19, .ofs_x = 0, .ofs_y = -2},
  {.bitmap_index = 18112, .adv_w = 320, .box_w = 20, .box_h = 20, .ofs_x = 0, .ofs_y = -2},
  {.bitmap_index = 18312, .adv_w = 320, .box_w = 20, .box_h = 20, .ofs_x = 0, .ofs_y = -2},
  {.bitmap_index = 18512, .adv_w = 320, .box_w = 20, .box_h = 18, .ofs_x = 0, .ofs_y = -2},
  {.bitmap_index = 18692, .adv_w = 320, .box_w = 20, .box_h = 19, .ofs_x = 0, .ofs_y = -2},
  {.bitmap_index = 18882, .adv_w = 320, .box_w = 20, .box_h = 19, .ofs_x = 0, .ofs_y = -2},
  {.bitmap_index = 19072, .adv_w = 320, .box_w = 20, .box_h = 20, .ofs_x = 0, .ofs_y = -2},
  {.bitmap_index = 19272, .adv_w = 320, .box_w = 20, .box_h = 19, .ofs_x = 0, .ofs_y = -1},
  {.bitmap_index = 19462, .adv_w = 320, .box_w = 20, .box_h = 20, .ofs_x = 0, .ofs_y = -2},
  {.bitmap_index = 19662, .adv_w = 320, .box_w = 20, .box_h = 19, .ofs_x = 0, .ofs_y = -1},
  {.bitmap_index = 19852, .adv_w = 320, .box_w = 20, .box_h = 20, .ofs_x = 0, .ofs_y = -2},
  {.bitmap_index = 20052, .adv_w = 320, .box_w = 20, .box_h = 20, .ofs_x = 0, .ofs_y = -2},
  {.bitmap_index = 20252, .adv_w = 320, .box_w = 20, .box_h = 20, .ofs_x = 0, .ofs_y = -2},
  {.bitmap_index = 20452, .adv_w = 320, .box_w = 20, .box_h = 20, .ofs_x = 0, .ofs_y = -2},
  {.bitmap_index = 20652, .adv_w = 320, .box_w = 20, .box_h = 20, .ofs_x = 0, .ofs_y = -2},
  {.bitmap_index = 20852, .adv_w = 320, .box_w = 20, .box_h = 20, .ofs_x = 0, .ofs_y = -2},
  {.bitmap_index = 21052, .adv_w = 320, .box_w = 20, .box_h = 20, .ofs_x = 0, .ofs_y = -2},
  {.bitmap_index = 21252, .adv_w = 320, .box_w = 20, .box_h = 20, .ofs_x = 0, .ofs_y = -2},
  {.bitmap_index = 21452, .adv_w = 320, .box_w = 20, .box_h = 20, .ofs_x = 0, .ofs_y = -2},
  {.bitmap_index = 21652, .adv_w = 320, .box_w = 20, .box_h = 20, .ofs_x = 0, .ofs_y = -2},
  {.bitmap_index = 21852, .adv_w = 320, .box_w = 20, .box_h = 20, .ofs_x = 0, .ofs_y = -2},
  {.bitmap_index = 22052, .adv_w = 320, .box_w = 20, .box_h = 19, .ofs_x = 0, .ofs_y = -2},
  {.bitmap_index = 22242, .adv_w = 320, .box_w = 20, .box_h = 15, .ofs_x = 0, .ofs_y = 0},
  {.bitmap_index = 22392, .adv_w = 320, .box_w = 20, .box_h = 18, .ofs_x = 0, .ofs_y = -1},
  {.bitmap_index = 22572, .adv_w = 320, .box_w = 20, .box_h = 20, .ofs_x = 0, .ofs_y = -2},
  {.bitmap_index = 22772, .adv_w = 320, .box_w = 20, .box_h = 20, .ofs_x = 0, .ofs_y = -2},
  {.bitmap_index = 22972, .adv_w = 320, .box_w = 20, .box_h = 20, .ofs_x = 0, .ofs_y = -2},
  {.bitmap_index = 23172, .adv_w = 320, .box_w = 20, .box_h = 19, .ofs_x = 0, .ofs_y = -2},
  {.bitmap_index = 23362, .adv_w = 320, .box_w = 20, .box_h = 19, .ofs_x = 0, .ofs_y = -2},
  {.bitmap_index = 23552, .adv_w = 320, .box_w = 20, .box_h = 20, .ofs_x = 0, .ofs_y = -2},
  {.bitmap_index = 23752, .adv_w = 320, .box_w = 20, .box_h = 19, .ofs_x = 0, .ofs_y = -2},
  {.bitmap_index = 23942, .adv_w = 320, .box_w = 20, .box_h = 20, .ofs_x = 0, .ofs_y = -2},
  {.bitmap_index = 24142, .adv_w = 320, .box_w = 20, .box_h = 20, .ofs_x = 0, .ofs_y = -2},
  {.bitmap_index = 24342, .adv_w = 320, .box_w = 20, .box_h = 19, .ofs_x = 0, .ofs_y = -1},
  {.bitmap_index = 24532, .adv_w = 320, .box_w = 20, .box_h = 20, .ofs_x = 0, .ofs_y = -2},
  {.bitmap_index = 24732, .adv_w = 320, .box_w = 20, .box_h = 20, .ofs_x = 0, .ofs_y = -2},
  {.bitmap_index = 24932, .adv_w = 320, .box_w = 20, .box_h = 20, .ofs_x = 0, .ofs_y = -2},
  {.bitmap_index = 25132, .adv_w = 320, .box_w = 20, .box_h = 20, .ofs_x = 0, .ofs_y = -2},
  {.bitmap_index = 25332, .adv_w = 320, .box_w = 20, .box_h = 20, .ofs_x = 0, .ofs_y = -2},
  {.bitmap_index = 25532, .adv_w = 320, .box_w = 20, .box_h = 20, .ofs_x = 0, .ofs_y = -2},
  {.bitmap_index = 25732, .adv_w = 320, .box_w = 20, .box_h = 20, .ofs_x = 0, .ofs_y = -2},
  {.bitmap_index = 25932, .adv_w = 320, .box_w = 20, .box_h = 20, .ofs_x = 0, .ofs_y = -2},
  {.bitmap_index = 26132, .adv_w = 320, .box_w = 20, .box_h = 20, .ofs_x = 0, .ofs_y = -2},
  {.bitmap_index = 26332, .adv_w = 320, .box_w = 20, .box_h = 20, .ofs_x = 0, .ofs_y = -2},
  {.bitmap_index = 26532, .adv_w = 320, .box_w = 20, .box_h = 20, .ofs_x = 0, .ofs_y = -2},
  {.bitmap_index = 26732, .adv_w = 320, .box_w = 20, .box_h = 20, .ofs_x = 0, .ofs_y = -2},
  {.bitmap_index = 26932, .adv_w = 320, .box_w = 20, .box_h = 20, .ofs_x = 0, .ofs_y = -2},
  {.bitmap_index = 27132, .adv_w = 320, .box_w = 20, .box_h = 20, .ofs_x = 0, .ofs_y = -2},
  {.bitmap_index = 27332, .adv_w = 320, .box_w = 20, .box_h = 20, .ofs_x = 0, .ofs_y = -2},
  {.bitmap_index = 27532, .adv_w = 320, .box_w = 20, .box_h = 20, .ofs_x = 0, .ofs_y = -2},
  {.bitmap_index = 27732, .adv_w = 320, .box_w = 20, .box_h = 21, .ofs_x = 0, .ofs_y = -3},
  {.bitmap_index = 27942, .adv_w = 320, .box_w = 20, .box_h = 20, .ofs_x = 0, .ofs_y = -2},
  {.bitmap_index = 28142, .adv_w = 320, .box_w = 20, .box_h = 20, .ofs_x = 0, .ofs_y = -2},
  {.bitmap_index = 28342, .adv_w = 320, .box_w = 20, .box_h = 18, .ofs_x = 0, .ofs_y = -2},
  {.bitmap_index = 28522, .adv_w = 320, .box_w = 20, .box_h = 18, .ofs_x = 0, .ofs_y = -2},
  {.bitmap_index = 28702, .adv_w = 320, .box_w = 20, .box_h = 18, .ofs_x = 0, .ofs_y = -1},
  {.bitmap_index = 28882, .adv_w = 320, .box_w = 20, .box_h = 19, .ofs_x = 0, .ofs_y = -2},
  {.bitmap_index = 29072, .adv_w = 320, .box_w = 20, .box_h = 20, .ofs_x = 0, .ofs_y = -2},
  {.bitmap_index = 29272, .adv_w = 320, .box_w = 20, .box_h = 20, .ofs_x = 0, .ofs_y = -2},
  {.bitmap_index = 29472, .adv_w = 320, .box_w = 20, .box_h = 20, .ofs_x = 0, .ofs_y = -2},
  {.bitmap_index = 29672, .adv_w = 320, .box_w = 20, .box_h = 20, .ofs_x = 0, .ofs_y = -2},
  {.bitmap_index = 29872, .adv_w = 320, .box_w = 20, .box_h = 20, .ofs_x = 0, .ofs_y = -2},
  {.bitmap_index = 30072, .adv_w = 320, .box_w = 20, .box_h = 20, .ofs_x = 0, .ofs_y = -2},
  {.bitmap_index = 30272, .adv_w = 320, .box_w = 20, .box_h = 20, .ofs_x = 0, .ofs_y = -2},
  {.bitmap_index = 30472, .adv_w = 320, .box_w = 20, .box_h = 20, .ofs_x = 0, .ofs_y = -2},
  {.bitmap_index = 30672, .adv_w = 320, .box_w = 20, .box_h = 20, .ofs_x = 0, .ofs_y = -2},
  {.bitmap_index = 30872, .adv_w = 320, .box_w = 20, .box_h = 19, .ofs_x = 0, .ofs_y = -1},
  {.bitmap_index = 31062, .adv_w = 320, .box_w = 20, .box_h = 17, .ofs_x = 0, .ofs_y = -1},
  {.bitmap_index = 31232, .adv_w = 320, .box_w = 20, .box_h = 20, .ofs_x = 0, .ofs_y = -2},
  {.bitmap_index = 31432, .adv_w = 320, .box_w = 20, .box_h = 20, .ofs_x = 0, .ofs_y = -2},
  {.bitmap_index = 31632, .adv_w = 320, .box_w = 20, .box_h = 20, .ofs_x = 0, .ofs_y = -2},
  {.bitmap_index = 31832, .adv_w = 320, .box_w = 20, .box_h = 20, .ofs_x = 0, .ofs_y = -2},
  {.bitmap_index = 32032, .adv_w = 320, .box_w = 20, .box_h = 20, .ofs_x = 0, .ofs_y = -2},
  {.bitmap_index = 32232, .adv_w = 320, .box_w = 20, .box_h = 20, .ofs_x = 0, .ofs_y = -2},
  {.bitmap_index = 32432, .adv_w = 320, .box_w = 20, .box_h = 20, .ofs_x = 0, .ofs_y = -2},
  {.bitmap_index = 32632, .adv_w = 320, .box_w = 20, .box_h = 20, .ofs_x = 0, .ofs_y = -2},
  {.bitmap_index = 32832, .adv_w = 320, .box_w = 20, .box_h = 19, .ofs_x = 0, .ofs_y = -2},
  {.bitmap_index = 33022, .adv_w = 320, .box_w = 20, .box_h = 20, .ofs_x = 0, .ofs_y = -2},
  {.bitmap_index = 33222, .adv_w = 320, .box_w = 20, .box_h = 19, .ofs_x = 0, .ofs_y = -2},
  {.bitmap_index = 33412, .adv_w = 320, .box_w = 20, .box_h = 20, .ofs_x = 0, .ofs_y = -2},
  {.bitmap_index = 33612, .adv_w = 320, .box_w = 20, .box_h = 18, .ofs_x = 0, .ofs_y = -2},
  {.bitmap_index = 33792, .adv_w = 320, .box_w = 20, .box_h = 20, .ofs_x = 0, .ofs_y = -2},
  {.bitmap_index = 33992, .adv_w = 320, .box_w = 20, .box_h = 19, .ofs_x = 0, .ofs_y = -1},
  {.bitmap_index = 34182, .adv_w = 320, .box_w = 20, .box_h = 20, .ofs_x = 0, .ofs_y = -2},
  {.bitmap_index = 34382, .adv_w = 320, .box_w = 20, .box_h = 20, .ofs_x = 0, .ofs_y = -2},
  {.bitmap_index = 34582, .adv_w = 320, .box_w = 20, .box_h = 18, .ofs_x = 0, .ofs_y = -2},
  {.bitmap_index = 34762, .adv_w = 320, .box_w = 20, .box_h = 20, .ofs_x = 0, .ofs_y = -2},
  {.bitmap_index = 34962, .adv_w = 320, .box_w = 20, .box_h = 20, .ofs_x = 0, .ofs_y = -2},
  {.bitmap_index = 35162, .adv_w = 320, .box_w = 20, .box_h = 20, .ofs_x = 0, .ofs_y = -2},
  {.bitmap_index = 35362, .adv_w = 320, .box_w = 20, .box_h = 20, .ofs_x = 0, .ofs_y = -2},
  {.bitmap_index = 35562, .adv_w = 320, .box_w = 20, .box_h = 19, .ofs_x = 0, .ofs_y = -1},
  {.bitmap_index = 35752, .adv_w = 320, .box_w = 20, .box_h = 20, .ofs_x = 0, .ofs_y = -2},
  {.bitmap_index = 35952, .adv_w = 320, .box_w = 20, .box_h = 20, .ofs_x = 0, .ofs_y = -2},
  {.bitmap_index = 36152, .adv_w = 320, .box_w = 20, .box_h = 20, .ofs_x = 0, .ofs_y = -2},
  {.bitmap_index = 36352, .adv_w = 320, .box_w = 20, .box_h = 20, .ofs_x = 0, .ofs_y = -2},
  {.bitmap_index = 36552, .adv_w = 320, .box_w = 20, .box_h = 20, .ofs_x = 0, .ofs_y = -2},
  {.bitmap_index = 36752, .adv_w = 320, .box_w = 20, .box_h = 19, .ofs_x = 0, .ofs_y = -2},
  {.bitmap_index = 36942, .adv_w = 320, .box_w = 20, .box_h = 20, .ofs_x = 0, .ofs_y = -2},
  {.bitmap_index = 37142, .adv_w = 320, .box_w = 20, .box_h = 20, .ofs_x = 0, .ofs_y = -2},
  {.bitmap_index = 37342, .adv_w = 320, .box_w = 20, .box_h = 20, .ofs_x = 0, .ofs_y = -2},
  {.bitmap_index = 37542, .adv_w = 320, .box_w = 20, .box_h = 19, .ofs_x = 0, .ofs_y = -1},
  {.bitmap_index = 37732, .adv_w = 320, .box_w = 20, .box_h = 19, .ofs_x = 0, .ofs_y = -1},
  {.bitmap_index = 37922, .adv_w = 320, .box_w = 20, .box_h = 20, .ofs_x = 0, .ofs_y = -2},
  {.bitmap_index = 38122, .adv_w = 320, .box_w = 20, .box_h = 20, .ofs_x = 0, .ofs_y = -2},
  {.bitmap_index = 38322, .adv_w = 320, .box_w = 20, .box_h = 20, .ofs_x = 0, .ofs_y = -2},
  {.bitmap_index = 38522, .adv_w = 320, .box_w = 20, .box_h = 20, .ofs_x = 0, .ofs_y = -2},
  {.bitmap_index = 38722, .adv_w = 320, .box_w = 20, .box_h = 21, .ofs_x = 0, .ofs_y = -3},
  {.bitmap_index = 38932, .adv_w = 320, .box_w = 20, .box_h = 20, .ofs_x = 0, .ofs_y = -2},
  {.bitmap_index = 39132, .adv_w = 320, .box_w = 20, .box_h = 20, .ofs_x = 0, .ofs_y = -2},
  {.bitmap_index = 39332, .adv_w = 320, .box_w = 20, .box_h = 20, .ofs_x = 0, .ofs_y = -2},
  {.bitmap_index = 39532, .adv_w = 320, .box_w = 20, .box_h = 20, .ofs_x = 0, .ofs_y = -2},
  {.bitmap_index = 39732, .adv_w = 320, .box_w = 20, .box_h = 19, .ofs_x = 0, .ofs_y = -2},
  {.bitmap_index = 39922, .adv_w = 320, .box_w = 20, .box_h = 20, .ofs_x = 0, .ofs_y = -2},
  {.bitmap_index = 40122, .adv_w = 320, .box_w = 20, .box_h = 20, .ofs_x = 0, .ofs_y = -2},
  {.bitmap_index = 40322, .adv_w = 320, .box_w = 20, .box_h = 20, .ofs_x = 0, .ofs_y = -2},
  {.bitmap_index = 40522, .adv_w = 320, .box_w = 20, .box_h = 20, .ofs_x = 0, .ofs_y = -2},
  {.bitmap_index = 40722, .adv_w = 320, .box_w = 20, .box_h = 20, .ofs_x = 0, .ofs_y = -2},
  {.bitmap_index = 40922, .adv_w = 320, .box_w = 20, .box_h = 19, .ofs_x = 0, .ofs_y = -2},
  {.bitmap_index = 41112, .adv_w = 320, .box_w = 20, .box_h = 20, .ofs_x = 0, .ofs_y = -2},
  {.bitmap_index = 41312, .adv_w = 320, .box_w = 20, .box_h = 20, .ofs_x = 0, .ofs_y = -2},
  {.bitmap_index = 41512, .adv_w = 320, .box_w = 20, .box_h = 20, .ofs_x = 0, .ofs_y = -2},
  {.bitmap_index = 41712, .adv_w = 320, .box_w = 20, .box_h = 20, .ofs_x = 0, .ofs_y = -2},
  {.bitmap_index = 41912, .adv_w = 320, .box_w = 20, .box_h = 19, .ofs_x = 0, .ofs_y = -2},
  {.bitmap_index = 42102, .adv_w = 320, .box_w = 20, .box_h = 19, .ofs_x = 0, .ofs_y = -2},
  {.bitmap_index = 42292, .adv_w = 320, .box_w = 20, .box_h = 19, .ofs_x = 0, .ofs_y = -2},
  {.bitmap_index = 42482, .adv_w = 320, .box_w = 20, .box_h = 20, .ofs_x = 0, .ofs_y = -2},
  {.bitmap_index = 42682, .adv_w = 320, .box_w = 20, .box_h = 20, .ofs_x = 0, .ofs_y = -2},
  {.bitmap_index = 42882, .adv_w = 320, .box_w = 20, .box_h = 20, .ofs_x = 0, .ofs_y = -2},
  {.bitmap_index = 43082, .adv_w = 320, .box_w = 20, .box_h = 19, .ofs_x = 0, .ofs_y = -2},
  {.bitmap_index = 43272, .adv_w = 320, .box_w = 20, .box_h = 20, .ofs_x = 0, .ofs_y = -2},
  {.bitmap_index = 43472, .adv_w = 320, .box_w = 20, .box_h = 20, .ofs_x = 0, .ofs_y = -2},
  {.bitmap_index = 43672, .adv_w = 320, .box_w = 20, .box_h = 19, .ofs_x = 0, .ofs_y = -2},
  {.bitmap_index = 43862, .adv_w = 320, .box_w = 20, .box_h = 20, .ofs_x = 0, .ofs_y = -2},
  {.bitmap_index = 44062, .adv_w = 320, .box_w = 20, .box_h = 20, .ofs_x = 0, .ofs_y = -2},
  {.bitmap_index = 44262, .adv_w = 320, .box_w = 20, .box_h = 8, .ofs_x = 0, .ofs_y = -3},
  {.bitmap_index = 44342, .adv_w = 320, .box_w = 20, .box_h = 15, .ofs_x = 0, .ofs_y = 0}
};

static const uint16_t unicode_list_1[] =
{
  0x0, 0x1, 0x1dff, 0x1e08, 0x1e09, 0x1e0a, 0x1e0d, 0x1e2c, 0x1e31, 0x1e39, 0x1e8a, 0x1e8b,
  0x1e93, 0x1eb9, 0x1ee3, 0x1ef5, 0x1f3b, 0x1fe0, 0x2011, 0x204e, 0x214a, 0x2164, 0x2167, 0x216c,
  0x21b1, 0x21f9, 0x21fa, 0x2218, 0x221c, 0x2223, 0x222f, 0x22a7, 0x22a8, 0x22fe, 0x2315, 0x2338,
  0x2372, 0x23c1, 0x23d0, 0x23d5, 0x23d7, 0x23e2, 0x23ea, 0x23ee, 0x240c, 0x240d, 0x242e, 0x2449,
  0x2467, 0x248b, 0x2523, 0x26da, 0x26dd, 0x26ec, 0x2727, 0x272f, 0x2739, 0x273f, 0x28ef, 0x2906,
  0x2915, 0x29ca, 0x29fe, 0x2b87, 0x2b88, 0x2b99, 0x2c0e, 0x2c15, 0x2c30, 0x2c4e, 0x2de4, 0x2df1,
  0x2e37, 0x2e54, 0x2ea5, 0x2eff, 0x2f01, 0x2f0e, 0x2f54, 0x2f68, 0x2f84, 0x3000, 0x3024, 0x3210,
  0x3215, 0x3236, 0x324a, 0x32a3, 0x32a4, 0x32e8, 0x3300, 0x3306, 0x3308, 0x336d, 0x33a4, 0x33a6,
  0x33f3, 0x349d, 0x354e, 0x3550, 0x356f, 0x35df, 0x35e4, 0x361e, 0x366e, 0x3681, 0x3729, 0x372b,
  0x3739, 0x3764, 0x377d, 0x3820, 0x38bf, 0x3a20, 0x3b61, 0x3b62, 0x3c41, 0x3ca0, 0x3cd4, 0x3d00,
  0x3d40, 0x3d4a, 0x3d87, 0x3f13, 0x4074, 0x40b8, 0x4258, 0x432a, 0x4527, 0x4590, 0x46d7, 0x47e4,
  0x486d, 0x4939, 0x49d1, 0x49ef, 0x4a0a, 0x4a96, 0x4aca, 0x4b48, 0x4b7f, 0x4d26, 0x4ee9, 0x4eec,
  0x4f6d, 0x5000, 0x50fc, 0x51e9, 0x54dc, 0x5678, 0x584b, 0x5867, 0x59c3, 0x59e2, 0x59e5, 0x5b65,
  0x5ba3, 0x5baf, 0x5bbd, 0x5bcc, 0x5bec, 0x5bf6, 0x5dcb, 0x5f92, 0x5fcf, 0x5fd3, 0x5fda, 0x5fdd,
  0x6000, 0x6008, 0x614c, 0x6191, 0x61ce, 0x657e, 0x6663, 0x6668, 0x66e7, 0x6758, 0x67f2, 0x68cd,
  0x6ad7, 0x6ea5, 0xcf0b, 0xcf19
};

static const lv_font_fmt_txt_cmap_t cmaps[] =
{
  {
    .range_start = 32, .range_length = 95, .glyph_id_start = 1,
    .unicode_list = NULL, .glyph_id_ofs_list = NULL, .list_length = 0,
    .type = LV_FONT_FMT_TXT_CMAP_FORMAT0_TINY
  },
  {
    .range_start = 12289, .range_length = 53018, .glyph_id_start = 96,
    .unicode_list = unicode_list_1, .glyph_id_ofs_list = NULL,
    .list_length = 184, .type = LV_FONT_FMT_TXT_CMAP_SPARSE_TINY
  }
};

static const lv_font_fmt_txt_dsc_t font_dsc =
{
  .glyph_bitmap = glyph_bitmap,
  .glyph_dsc = glyph_dsc,
  .cmaps = cmaps,
  .kern_dsc = NULL,
  .kern_scale = 0,
  .cmap_num = 2,
  .bpp = 4,
  .kern_classes = 0,
  .bitmap_format = 0,
};

const lv_font_t velaguard_font_20 =
{
  .get_glyph_dsc = lv_font_get_glyph_dsc_fmt_txt,
  .get_glyph_bitmap = lv_font_get_bitmap_fmt_txt,
  .line_height = 30,
  .base_line = 6,
  .subpx = LV_FONT_SUBPX_NONE,
  .underline_position = -2,
  .underline_thickness = 1,
  .dsc = &font_dsc,
  .fallback = NULL,
  .user_data = NULL,
};

#endif
